claim_amount,claim_type,hospital_name,vehicle_age,police_report,incident_location,claim_status,fraud
231607.24,Medical,KEM Hospital,19,1,Nashik,Pending,1
50404.03,Vehicle,Manipal Hospital,8,1,Pune,Approved,0
188587.75,Fire,Ruby Hall Clinic,0,1,Delhi,Rejected,0
288496.81,Medical,AIIMS,10,0,Raipur,Approved,0
533193.62,Accident,Ruby Hall Clinic,11,1,Hyderabad,Approved,1
42332.52,Fire,Ruby Hall Clinic,14,0,Raipur,Pending,1
16392.5,Medical,Fortis Hospital,4,0,Bengaluru,Approved,0
360777.14,Theft,Max Hospital,1,1,Chennai,Approved,0
116405.55,Theft,Apollo Hospital,10,1,Raipur,Pending,0
262299.96,Vehicle,AIIMS,0,1,Chennai,Approved,0
194883.9,Theft,KEM Hospital,14,1,Nagpur,Approved,0
583163.61,Accident,Max Hospital,2,1,Delhi,Approved,0
210095.9,Medical,Apollo Hospital,7,0,Mumbai,Rejected,0
136183.0,Vehicle,KEM Hospital,4,1,Delhi,Pending,0
343710.93,Vehicle,Manipal Hospital,15,1,Pune,Approved,0
433357.6,Theft,KEM Hospital,3,1,Nagpur,Approved,0
443235.68,Accident,KEM Hospital,16,1,Raipur,Rejected,0
528868.77,Vehicle,Manipal Hospital,3,1,Chennai,Rejected,0
204154.22,Fire,KEM Hospital,7,0,Nashik,Approved,0
204179.09,Fire,Fortis Hospital,12,1,Bengaluru,Approved,0
465635.88,Theft,Fortis Hospital,9,1,Nashik,Approved,0
251996.19,Medical,Ruby Hall Clinic,6,0,Bengaluru,Approved,0
41200.61,Medical,Fortis Hospital,12,1,Pune,Rejected,0
269464.31,Vehicle,KEM Hospital,13,1,Chennai,Approved,0
493247.02,Vehicle,AIIMS,1,1,Mumbai,Approved,0
86267.95,Accident,Manipal Hospital,2,1,Delhi,Pending,0
475162.5,Fire,Apollo Hospital,1,1,Mumbai,Pending,1
182149.51,Medical,AIIMS,7,0,Pune,Pending,0
71132.15,Medical,Apollo Hospital,4,1,Nashik,Approved,0
467939.44,Accident,KEM Hospital,18,1,Nagpur,Approved,1
482585.17,Accident,Apollo Hospital,19,1,Hyderabad,Approved,1
294240.53,Medical,KEM Hospital,18,1,Hyderabad,Pending,0
457365.81,Fire,AIIMS,20,0,Delhi,Approved,1
165227.38,Fire,Max Hospital,12,1,Mumbai,Pending,0
596837.15,Medical,AIIMS,5,0,Hyderabad,Approved,0
488657.52,Accident,Max Hospital,15,1,Pune,Pending,1
153464.01,Fire,Max Hospital,12,0,Nashik,Pending,0
455739.21,Theft,Max Hospital,12,1,Nashik,Pending,1
395973.53,Accident,Apollo Hospital,20,1,Chennai,Approved,1
569238.17,Accident,KEM Hospital,10,1,Mumbai,Approved,0
485080.25,Theft,KEM Hospital,16,1,Bengaluru,Approved,0
92719.36,Accident,Manipal Hospital,6,1,Mumbai,Approved,0
425414.99,Vehicle,Manipal Hospital,15,1,Hyderabad,Pending,1
381390.14,Fire,KEM Hospital,5,1,Raipur,Pending,0
332533.96,Theft,AIIMS,7,1,Bengaluru,Approved,0
568461.81,Theft,Apollo Hospital,18,1,Bengaluru,Approved,1
196741.9,Medical,AIIMS,6,0,Pune,Pending,0
494902.7,Theft,AIIMS,12,1,Mumbai,Rejected,1
403506.79,Accident,Max Hospital,16,1,Raipur,Approved,1
347556.08,Vehicle,Apollo Hospital,9,1,Nashik,Approved,0
181772.97,Theft,Apollo Hospital,18,0,Hyderabad,Approved,1
373092.91,Theft,Fortis Hospital,14,1,Bengaluru,Approved,0
525821.82,Accident,AIIMS,1,1,Delhi,Approved,0
216754.04,Vehicle,Manipal Hospital,20,1,Delhi,Approved,0
206905.5,Medical,KEM Hospital,10,0,Pune,Pending,0
386483.91,Medical,Fortis Hospital,20,0,Chennai,Approved,1
498020.89,Fire,Apollo Hospital,7,0,Hyderabad,Rejected,0
468452.26,Accident,Max Hospital,3,1,Delhi,Approved,0
165633.83,Medical,Ruby Hall Clinic,7,1,Mumbai,Approved,0
254162.29,Accident,Apollo Hospital,11,1,Nashik,Pending,1
137910.43,Vehicle,AIIMS,5,1,Raipur,Pending,0
348738.07,Vehicle,Ruby Hall Clinic,8,1,Bengaluru,Pending,0
363562.62,Vehicle,Ruby Hall Clinic,2,0,Nagpur,Approved,0
80661.77,Fire,KEM Hospital,9,1,Delhi,Approved,0
485751.63,Medical,Manipal Hospital,16,0,Delhi,Approved,0
110560.03,Accident,Fortis Hospital,3,1,Mumbai,Approved,0
308268.75,Vehicle,AIIMS,0,1,Raipur,Pending,0
548218.94,Vehicle,AIIMS,2,1,Chennai,Approved,0
146183.55,Medical,Ruby Hall Clinic,10,0,Hyderabad,Approved,0
185560.35,Theft,KEM Hospital,12,1,Raipur,Approved,0
8168.69,Fire,Apollo Hospital,9,0,Delhi,Rejected,0
81396.01,Medical,AIIMS,9,1,Pune,Rejected,0
60244.13,Accident,Max Hospital,10,1,Chennai,Rejected,0
9027.9,Medical,Max Hospital,1,0,Hyderabad,Pending,0
423359.13,Theft,AIIMS,4,1,Nagpur,Pending,0
16744.15,Fire,Apollo Hospital,5,0,Chennai,Pending,0
546878.64,Theft,KEM Hospital,10,1,Chennai,Pending,1
278212.82,Theft,Manipal Hospital,1,1,Delhi,Pending,0
400511.61,Vehicle,KEM Hospital,17,1,Delhi,Pending,1
360159.98,Medical,AIIMS,12,1,Pune,Rejected,1
485146.68,Accident,Manipal Hospital,4,1,Bengaluru,Approved,0
198207.96,Theft,Apollo Hospital,4,1,Mumbai,Approved,0
86338.16,Theft,AIIMS,19,1,Raipur,Approved,0
476528.22,Medical,Ruby Hall Clinic,12,0,Mumbai,Approved,0
96701.73,Accident,Apollo Hospital,6,1,Mumbai,Rejected,0
594647.56,Accident,Fortis Hospital,11,1,Chennai,Approved,0
133857.11,Accident,AIIMS,16,1,Hyderabad,Approved,0
279901.44,Vehicle,Max Hospital,18,1,Raipur,Approved,0
465783.05,Medical,Manipal Hospital,15,0,Nashik,Approved,1
466436.09,Theft,AIIMS,3,0,Raipur,Approved,1
250147.19,Fire,AIIMS,17,0,Bengaluru,Pending,1
402965.21,Vehicle,KEM Hospital,4,1,Nagpur,Approved,0
182828.8,Medical,Ruby Hall Clinic,14,1,Nashik,Approved,0
321542.6,Fire,Manipal Hospital,14,1,Hyderabad,Approved,0
21989.11,Medical,Apollo Hospital,8,1,Chennai,Approved,0
454323.65,Accident,AIIMS,18,1,Bengaluru,Approved,1
445133.94,Medical,Ruby Hall Clinic,20,1,Mumbai,Approved,0
568855.84,Theft,Ruby Hall Clinic,4,1,Raipur,Approved,0
90520.27,Medical,Manipal Hospital,8,1,Mumbai,Pending,0
258798.07,Fire,AIIMS,14,1,Bengaluru,Rejected,0
6757.36,Vehicle,Apollo Hospital,10,1,Bengaluru,Rejected,0
263669.4,Vehicle,Ruby Hall Clinic,15,1,Chennai,Approved,0
95599.02,Fire,AIIMS,12,1,Nagpur,Pending,1
97686.95,Accident,Manipal Hospital,7,1,Pune,Approved,0
221701.23,Fire,Max Hospital,14,1,Delhi,Pending,1
264669.3,Vehicle,Ruby Hall Clinic,8,1,Nashik,Approved,0
167326.19,Vehicle,KEM Hospital,0,1,Nagpur,Approved,0
589063.32,Fire,Apollo Hospital,10,0,Raipur,Approved,0
574381.09,Theft,KEM Hospital,18,0,Raipur,Approved,1
177297.69,Fire,Ruby Hall Clinic,20,1,Nashik,Pending,1
142753.14,Accident,Max Hospital,13,1,Chennai,Approved,0
70564.89,Vehicle,AIIMS,7,1,Bengaluru,Approved,0
547759.21,Theft,Manipal Hospital,13,1,Bengaluru,Rejected,1
547974.61,Fire,Max Hospital,17,1,Pune,Approved,1
19462.18,Medical,Ruby Hall Clinic,11,0,Chennai,Approved,0
39174.36,Vehicle,KEM Hospital,2,1,Mumbai,Approved,0
108619.64,Fire,Manipal Hospital,19,1,Nagpur,Approved,0
113920.55,Accident,Ruby Hall Clinic,19,0,Nashik,Pending,1
82029.3,Accident,KEM Hospital,3,1,Nagpur,Approved,0
37355.61,Fire,Max Hospital,4,0,Delhi,Approved,0
577588.95,Accident,Apollo Hospital,11,1,Pune,Approved,1
325026.33,Medical,Max Hospital,16,1,Bengaluru,Approved,1
109657.36,Fire,Max Hospital,19,0,Raipur,Approved,0
178508.48,Accident,Ruby Hall Clinic,13,1,Raipur,Approved,0
379309.86,Fire,KEM Hospital,7,1,Delhi,Approved,0
33523.0,Accident,KEM Hospital,12,1,Chennai,Pending,1
493603.21,Vehicle,Manipal Hospital,10,1,Pune,Pending,0
539039.28,Fire,Ruby Hall Clinic,15,0,Bengaluru,Approved,0
587654.79,Vehicle,Apollo Hospital,1,1,Pune,Approved,0
431800.15,Medical,Fortis Hospital,19,0,Pune,Rejected,0
157434.52,Accident,Max Hospital,20,1,Raipur,Approved,0
221215.8,Vehicle,Apollo Hospital,20,1,Nashik,Approved,0
561394.12,Fire,Max Hospital,12,1,Hyderabad,Approved,1
590611.13,Vehicle,Max Hospital,0,1,Nagpur,Rejected,0
598894.95,Accident,Ruby Hall Clinic,15,1,Chennai,Approved,1
244986.36,Accident,Ruby Hall Clinic,1,1,Delhi,Rejected,0
546259.38,Fire,Fortis Hospital,20,1,Raipur,Approved,0
30157.57,Fire,KEM Hospital,6,0,Delhi,Pending,0
206078.54,Accident,Apollo Hospital,18,1,Hyderabad,Approved,0
71145.61,Accident,Manipal Hospital,20,1,Delhi,Approved,0
484537.71,Fire,Manipal Hospital,12,0,Bengaluru,Approved,1
364520.3,Vehicle,AIIMS,14,1,Pune,Approved,1
235317.86,Accident,Fortis Hospital,14,1,Nagpur,Approved,0
474225.51,Fire,Max Hospital,14,0,Delhi,Approved,1
591683.31,Accident,AIIMS,3,1,Delhi,Rejected,0
310078.11,Fire,Max Hospital,17,1,Pune,Approved,1
470040.03,Accident,Ruby Hall Clinic,18,1,Pune,Approved,1
202106.45,Fire,KEM Hospital,12,0,Pune,Approved,0
558814.84,Theft,Fortis Hospital,15,1,Chennai,Approved,1
413866.94,Vehicle,Max Hospital,3,1,Pune,Approved,0
268274.43,Fire,Apollo Hospital,8,1,Pune,Approved,0
358304.26,Theft,KEM Hospital,13,0,Mumbai,Pending,1
101821.97,Accident,Ruby Hall Clinic,9,1,Pune,Approved,0
192828.35,Theft,Max Hospital,19,1,Pune,Approved,0
138967.83,Vehicle,Apollo Hospital,7,1,Nashik,Pending,0
434240.32,Theft,Fortis Hospital,9,1,Mumbai,Approved,0
154116.01,Vehicle,KEM Hospital,5,1,Pune,Approved,0
106933.4,Fire,KEM Hospital,4,1,Nagpur,Approved,0
545648.33,Accident,Ruby Hall Clinic,1,1,Hyderabad,Approved,0
174395.52,Theft,AIIMS,1,1,Hyderabad,Approved,0
276762.93,Vehicle,Fortis Hospital,11,1,Nashik,Rejected,0
87654.4,Medical,AIIMS,17,1,Bengaluru,Approved,0
503486.35,Accident,Fortis Hospital,11,0,Mumbai,Rejected,1
555414.89,Accident,Fortis Hospital,10,1,Chennai,Approved,0
510243.79,Vehicle,Manipal Hospital,16,0,Mumbai,Pending,1
471937.41,Fire,Apollo Hospital,7,1,Delhi,Rejected,0
459727.19,Fire,AIIMS,13,1,Chennai,Rejected,1
471631.96,Vehicle,KEM Hospital,19,1,Bengaluru,Approved,1
454356.37,Medical,Max Hospital,6,1,Nashik,Approved,0
310342.45,Vehicle,KEM Hospital,18,0,Raipur,Approved,1
139021.59,Accident,Ruby Hall Clinic,8,1,Nashik,Approved,0
403851.14,Medical,Max Hospital,12,0,Chennai,Rejected,1
371154.22,Theft,Apollo Hospital,8,1,Chennai,Approved,0
225091.94,Theft,Max Hospital,14,1,Pune,Approved,0
7656.45,Theft,Ruby Hall Clinic,19,1,Mumbai,Approved,0
96635.27,Accident,Manipal Hospital,4,1,Pune,Rejected,0
196872.53,Vehicle,KEM Hospital,14,1,Pune,Pending,1
414993.83,Medical,Fortis Hospital,19,1,Mumbai,Approved,1
120896.45,Vehicle,Fortis Hospital,4,1,Delhi,Approved,0
261999.36,Theft,Apollo Hospital,0,1,Mumbai,Approved,0
306103.31,Theft,Manipal Hospital,5,0,Pune,Approved,1
134889.08,Fire,AIIMS,1,1,Mumbai,Pending,0
38865.71,Fire,KEM Hospital,6,0,Nagpur,Pending,0
84507.39,Medical,Max Hospital,17,1,Nashik,Approved,0
68210.24,Theft,Fortis Hospital,3,1,Mumbai,Pending,0
370431.27,Fire,Fortis Hospital,1,0,Nashik,Approved,0
346111.81,Accident,AIIMS,6,1,Delhi,Pending,1
33083.64,Vehicle,Fortis Hospital,14,1,Mumbai,Approved,0
19600.59,Fire,Fortis Hospital,0,1,Nashik,Pending,0
193506.49,Theft,Max Hospital,19,1,Hyderabad,Approved,0
66155.3,Accident,Apollo Hospital,12,1,Bengaluru,Approved,0
201485.9,Theft,Manipal Hospital,12,1,Bengaluru,Rejected,0
103011.72,Theft,KEM Hospital,15,1,Nagpur,Approved,0
511776.94,Medical,Apollo Hospital,5,1,Nagpur,Approved,0
347797.76,Medical,AIIMS,6,1,Pune,Rejected,0
284211.03,Medical,Ruby Hall Clinic,8,1,Chennai,Approved,0
214757.52,Medical,Fortis Hospital,20,0,Nashik,Rejected,0
52780.4,Theft,Ruby Hall Clinic,5,1,Nagpur,Rejected,0
381135.7,Medical,Ruby Hall Clinic,6,1,Bengaluru,Pending,1
86257.92,Medical,Max Hospital,8,1,Delhi,Approved,0
589049.42,Fire,AIIMS,19,1,Pune,Approved,1
264495.94,Medical,Manipal Hospital,19,0,Bengaluru,Approved,0
234789.61,Medical,AIIMS,2,0,Nashik,Approved,0
268837.32,Vehicle,Apollo Hospital,3,1,Delhi,Approved,0
265312.23,Accident,Max Hospital,1,1,Nagpur,Approved,0
312579.42,Accident,KEM Hospital,1,1,Hyderabad,Approved,0
545747.47,Accident,Fortis Hospital,8,1,Raipur,Approved,0
356142.24,Fire,Ruby Hall Clinic,5,0,Raipur,Approved,0
251809.19,Vehicle,KEM Hospital,9,1,Delhi,Approved,0
460369.98,Theft,Ruby Hall Clinic,3,1,Pune,Approved,0
142459.36,Theft,AIIMS,2,1,Nashik,Rejected,0
159782.16,Fire,Apollo Hospital,18,0,Chennai,Approved,0
162283.95,Accident,AIIMS,5,1,Pune,Rejected,0
68305.96,Vehicle,Fortis Hospital,11,1,Hyderabad,Approved,0
591996.02,Accident,AIIMS,7,1,Chennai,Pending,0
457847.67,Fire,AIIMS,15,0,Bengaluru,Approved,1
354264.17,Fire,Fortis Hospital,7,0,Delhi,Pending,0
15661.53,Medical,KEM Hospital,2,1,Hyderabad,Pending,0
67927.71,Theft,Apollo Hospital,16,1,Pune,Approved,0
432532.5,Fire,Fortis Hospital,3,0,Hyderabad,Approved,0
104089.22,Vehicle,KEM Hospital,3,1,Pune,Approved,0
62915.12,Theft,Ruby Hall Clinic,14,1,Hyderabad,Approved,0
437001.22,Accident,Apollo Hospital,17,1,Chennai,Pending,1
20039.64,Vehicle,Ruby Hall Clinic,7,1,Nagpur,Pending,0
502927.71,Accident,AIIMS,16,1,Nagpur,Approved,0
162292.21,Accident,KEM Hospital,7,1,Nashik,Approved,0
548969.89,Accident,Fortis Hospital,20,1,Bengaluru,Approved,1
149013.93,Accident,Apollo Hospital,9,1,Hyderabad,Approved,0
120459.51,Vehicle,Ruby Hall Clinic,3,1,Mumbai,Approved,0
101324.36,Vehicle,Manipal Hospital,15,1,Mumbai,Approved,0
392180.99,Accident,Fortis Hospital,16,1,Nashik,Approved,0
89079.13,Fire,AIIMS,5,0,Chennai,Approved,0
463833.7,Fire,Apollo Hospital,16,1,Mumbai,Approved,0
579262.57,Accident,Fortis Hospital,19,1,Raipur,Approved,0
547318.25,Theft,AIIMS,2,1,Hyderabad,Pending,0
9104.98,Vehicle,Fortis Hospital,14,1,Nagpur,Pending,1
266819.93,Medical,Max Hospital,9,0,Raipur,Pending,0
77218.35,Medical,AIIMS,15,1,Chennai,Pending,1
101649.06,Theft,KEM Hospital,10,1,Hyderabad,Approved,0
130185.72,Fire,Apollo Hospital,4,1,Nashik,Pending,0
86628.11,Theft,Ruby Hall Clinic,11,1,Nashik,Approved,0
19627.94,Fire,Apollo Hospital,1,0,Pune,Pending,0
510737.85,Theft,AIIMS,20,1,Pune,Approved,0
410260.64,Vehicle,Fortis Hospital,6,1,Bengaluru,Approved,0
529928.52,Medical,Ruby Hall Clinic,19,0,Hyderabad,Rejected,1
18016.6,Medical,Manipal Hospital,3,0,Delhi,Rejected,0
409517.1,Fire,Manipal Hospital,19,1,Hyderabad,Approved,0
274550.78,Vehicle,Max Hospital,2,1,Nashik,Approved,0
460475.28,Theft,AIIMS,8,1,Hyderabad,Pending,1
161902.83,Fire,Ruby Hall Clinic,18,0,Raipur,Approved,0
443073.61,Theft,KEM Hospital,13,0,Nagpur,Approved,1
86055.95,Accident,AIIMS,17,1,Hyderabad,Approved,0
420618.52,Medical,AIIMS,20,0,Delhi,Approved,1
555956.04,Vehicle,Fortis Hospital,0,1,Mumbai,Rejected,0
48031.08,Vehicle,Max Hospital,15,1,Mumbai,Approved,0
35197.26,Vehicle,KEM Hospital,3,1,Hyderabad,Approved,0
323312.22,Theft,Manipal Hospital,7,1,Nashik,Approved,0
29356.92,Theft,Fortis Hospital,13,1,Chennai,Approved,0
315817.32,Accident,Ruby Hall Clinic,13,1,Nagpur,Approved,0
419448.83,Medical,Max Hospital,3,0,Nashik,Pending,0
180248.85,Vehicle,Manipal Hospital,20,1,Bengaluru,Pending,1
87201.88,Vehicle,Apollo Hospital,10,1,Pune,Pending,0
259783.86,Fire,Ruby Hall Clinic,0,0,Nashik,Approved,0
73140.91,Vehicle,Apollo Hospital,13,1,Raipur,Pending,1
481009.23,Accident,Manipal Hospital,0,1,Nagpur,Approved,0
447598.36,Vehicle,Fortis Hospital,19,1,Pune,Pending,1
61767.99,Vehicle,AIIMS,6,1,Delhi,Rejected,0
220398.75,Medical,Fortis Hospital,6,0,Bengaluru,Pending,0
142132.54,Fire,Manipal Hospital,19,1,Chennai,Approved,0
41302.74,Vehicle,KEM Hospital,20,1,Nagpur,Pending,1
497795.49,Vehicle,Max Hospital,0,1,Pune,Pending,1
484489.55,Accident,Apollo Hospital,6,0,Nagpur,Pending,1
335811.04,Accident,Manipal Hospital,1,1,Raipur,Rejected,0
238959.92,Vehicle,Fortis Hospital,13,1,Chennai,Approved,0
117912.49,Medical,Manipal Hospital,7,1,Delhi,Rejected,0
88399.29,Fire,KEM Hospital,13,1,Nagpur,Approved,0
381203.42,Accident,KEM Hospital,7,1,Raipur,Approved,0
212430.05,Medical,Apollo Hospital,8,1,Chennai,Approved,0
318248.73,Fire,Manipal Hospital,9,0,Raipur,Approved,0
530529.93,Theft,Ruby Hall Clinic,13,1,Nagpur,Pending,1
350953.64,Vehicle,Apollo Hospital,16,1,Pune,Approved,0
235087.96,Theft,Ruby Hall Clinic,4,1,Nagpur,Approved,0
485973.55,Theft,Fortis Hospital,18,1,Mumbai,Approved,1
42573.12,Theft,AIIMS,1,1,Pune,Approved,0
454161.28,Fire,KEM Hospital,2,1,Hyderabad,Pending,0
499718.06,Accident,Apollo Hospital,20,1,Nashik,Approved,0
381648.68,Accident,KEM Hospital,14,1,Nagpur,Approved,0
500590.28,Accident,Fortis Hospital,12,1,Nagpur,Approved,1
283576.63,Theft,AIIMS,7,1,Raipur,Approved,0
518760.66,Accident,Manipal Hospital,2,1,Hyderabad,Pending,1
598477.76,Medical,Ruby Hall Clinic,9,1,Raipur,Approved,0
425013.79,Accident,Ruby Hall Clinic,0,1,Nagpur,Approved,0
333027.08,Fire,AIIMS,11,0,Raipur,Pending,1
455627.39,Fire,AIIMS,12,1,Bengaluru,Rejected,1
53525.03,Fire,KEM Hospital,14,0,Hyderabad,Approved,0
562879.54,Fire,Manipal Hospital,9,0,Raipur,Approved,0
180520.98,Fire,KEM Hospital,5,0,Chennai,Approved,0
251263.73,Medical,Fortis Hospital,0,0,Chennai,Pending,0
410998.97,Fire,Apollo Hospital,19,0,Pune,Approved,0
57934.16,Theft,Max Hospital,0,1,Delhi,Pending,0
391552.81,Accident,KEM Hospital,8,0,Pune,Approved,1
215679.61,Fire,AIIMS,4,1,Delhi,Approved,0
308494.61,Fire,Ruby Hall Clinic,15,1,Pune,Approved,1
236561.42,Theft,KEM Hospital,6,1,Pune,Rejected,0
174645.08,Medical,Fortis Hospital,5,0,Chennai,Pending,0
136336.67,Fire,Ruby Hall Clinic,3,1,Chennai,Approved,0
414981.87,Vehicle,Manipal Hospital,20,1,Mumbai,Approved,1
350947.16,Theft,Manipal Hospital,4,1,Raipur,Approved,0
439751.63,Vehicle,AIIMS,19,1,Hyderabad,Approved,0
213440.2,Fire,Fortis Hospital,16,1,Chennai,Approved,0
305936.73,Fire,Apollo Hospital,20,0,Nagpur,Rejected,1
351053.4,Medical,Ruby Hall Clinic,6,0,Chennai,Approved,0
518651.92,Accident,Fortis Hospital,5,1,Raipur,Approved,0
217543.83,Accident,KEM Hospital,11,1,Nagpur,Approved,0
205351.72,Vehicle,Max Hospital,15,1,Raipur,Approved,0
327943.03,Accident,Manipal Hospital,7,1,Mumbai,Rejected,0
119460.62,Accident,Max Hospital,6,1,Raipur,Approved,0
548674.25,Accident,AIIMS,4,1,Bengaluru,Approved,0
292757.83,Fire,Manipal Hospital,13,0,Nagpur,Approved,0
503603.79,Vehicle,Manipal Hospital,11,1,Nashik,Approved,1
546268.29,Fire,Ruby Hall Clinic,0,0,Pune,Approved,0
557140.37,Vehicle,Manipal Hospital,3,0,Chennai,Approved,0
107007.8,Accident,Manipal Hospital,4,0,Delhi,Approved,1
310904.28,Medical,Fortis Hospital,10,1,Mumbai,Rejected,0
493579.75,Fire,Ruby Hall Clinic,1,1,Pune,Approved,0
372766.34,Fire,Apollo Hospital,2,1,Bengaluru,Approved,0
528272.32,Theft,AIIMS,7,1,Raipur,Approved,0
488148.77,Vehicle,Apollo Hospital,13,1,Raipur,Approved,0
26819.61,Theft,Apollo Hospital,3,1,Nagpur,Approved,0
484673.18,Vehicle,AIIMS,19,1,Nagpur,Rejected,0
211872.4,Accident,KEM Hospital,12,1,Hyderabad,Approved,0
498373.8,Accident,AIIMS,3,0,Nagpur,Rejected,1
283575.61,Medical,Max Hospital,7,0,Chennai,Approved,0
355324.49,Theft,Apollo Hospital,10,1,Mumbai,Rejected,0
550770.64,Accident,Max Hospital,11,1,Nashik,Pending,1
10771.26,Medical,AIIMS,2,0,Chennai,Approved,0
80220.83,Accident,Manipal Hospital,13,1,Mumbai,Pending,0
177688.31,Medical,Fortis Hospital,12,1,Mumbai,Pending,0
466312.75,Vehicle,Manipal Hospital,12,1,Delhi,Approved,1
233417.52,Theft,Manipal Hospital,8,1,Hyderabad,Approved,0
517170.27,Accident,Manipal Hospital,4,1,Pune,Pending,1
463198.96,Medical,Apollo Hospital,6,0,Delhi,Approved,0
178443.38,Vehicle,Max Hospital,10,1,Hyderabad,Approved,0
580428.6,Fire,Fortis Hospital,20,1,Chennai,Pending,1
346170.93,Fire,Manipal Hospital,17,0,Pune,Pending,1
171741.72,Theft,Manipal Hospital,17,1,Chennai,Approved,0
453823.67,Accident,KEM Hospital,17,1,Nagpur,Approved,0
297032.57,Accident,KEM Hospital,5,1,Bengaluru,Pending,0
535243.54,Fire,KEM Hospital,2,1,Nashik,Approved,0
24596.16,Theft,Max Hospital,8,1,Nashik,Approved,0
367735.05,Theft,Max Hospital,12,1,Hyderabad,Rejected,1
71336.51,Accident,KEM Hospital,9,1,Nagpur,Rejected,0
597757.24,Theft,AIIMS,1,1,Mumbai,Approved,0
449775.61,Medical,Fortis Hospital,6,1,Bengaluru,Approved,0
230598.0,Medical,Manipal Hospital,10,0,Raipur,Approved,0
179983.71,Theft,Max Hospital,1,1,Pune,Pending,0
264993.3,Accident,Max Hospital,15,1,Nashik,Pending,1
102044.2,Vehicle,Ruby Hall Clinic,20,1,Nagpur,Approved,0
51133.47,Accident,Manipal Hospital,3,1,Chennai,Approved,0
12417.25,Theft,AIIMS,9,1,Chennai,Pending,0
208415.47,Vehicle,Max Hospital,9,1,Chennai,Rejected,0
38245.08,Accident,AIIMS,18,1,Delhi,Pending,1
249053.04,Medical,Manipal Hospital,10,1,Nagpur,Approved,0
63602.16,Fire,Ruby Hall Clinic,9,1,Nagpur,Approved,0
290012.79,Theft,Manipal Hospital,11,1,Nashik,Approved,0
48236.62,Medical,Fortis Hospital,15,1,Pune,Pending,1
88189.4,Theft,KEM Hospital,4,1,Mumbai,Approved,0
319733.54,Medical,AIIMS,6,0,Raipur,Approved,0
194304.62,Vehicle,Apollo Hospital,8,1,Nagpur,Approved,0
160877.18,Theft,Manipal Hospital,6,1,Hyderabad,Approved,0
202286.18,Vehicle,KEM Hospital,20,1,Delhi,Pending,1
551411.25,Medical,AIIMS,19,1,Chennai,Pending,1
353559.95,Fire,Manipal Hospital,15,1,Raipur,Approved,1
566196.23,Fire,Apollo Hospital,2,0,Bengaluru,Approved,0
339212.98,Vehicle,Fortis Hospital,19,1,Mumbai,Approved,0
123051.79,Theft,Ruby Hall Clinic,16,1,Nashik,Approved,0
307095.82,Accident,AIIMS,10,1,Raipur,Approved,0
245905.86,Fire,KEM Hospital,5,1,Bengaluru,Pending,0
579066.59,Fire,Fortis Hospital,1,1,Raipur,Pending,1
534563.57,Theft,Apollo Hospital,19,1,Nashik,Approved,1
527796.82,Vehicle,AIIMS,6,1,Mumbai,Approved,0
402520.51,Fire,Manipal Hospital,11,0,Chennai,Approved,1
354233.67,Accident,Max Hospital,0,1,Bengaluru,Pending,1
568781.59,Fire,KEM Hospital,17,1,Hyderabad,Rejected,0
336359.76,Accident,KEM Hospital,16,1,Raipur,Approved,1
520961.77,Vehicle,Apollo Hospital,6,1,Chennai,Approved,0
7935.73,Accident,Fortis Hospital,6,1,Pune,Approved,0
395320.37,Theft,AIIMS,5,1,Bengaluru,Approved,0
39948.86,Medical,Max Hospital,5,1,Raipur,Pending,0
513340.83,Vehicle,Ruby Hall Clinic,4,1,Pune,Approved,0
15598.74,Theft,KEM Hospital,10,0,Nagpur,Pending,1
220543.31,Accident,Ruby Hall Clinic,11,1,Nashik,Approved,0
105847.65,Vehicle,Ruby Hall Clinic,5,1,Bengaluru,Approved,0
307661.41,Theft,Fortis Hospital,16,1,Raipur,Rejected,1
375893.85,Theft,KEM Hospital,20,1,Pune,Approved,0
435523.56,Accident,Ruby Hall Clinic,16,0,Bengaluru,Pending,1
418756.35,Accident,KEM Hospital,20,1,Nagpur,Approved,1
307965.43,Fire,Manipal Hospital,9,0,Nagpur,Approved,0
263600.84,Vehicle,Max Hospital,16,1,Pune,Approved,0
259006.96,Medical,Ruby Hall Clinic,7,0,Mumbai,Rejected,0
202437.24,Fire,Apollo Hospital,20,0,Hyderabad,Approved,0
318978.26,Vehicle,Apollo Hospital,14,1,Bengaluru,Approved,0
35988.57,Accident,Max Hospital,2,1,Chennai,Approved,0
483196.62,Theft,AIIMS,8,1,Delhi,Approved,0
19803.96,Theft,Ruby Hall Clinic,3,1,Chennai,Approved,0
333349.1,Theft,Max Hospital,20,1,Raipur,Approved,1
264705.94,Theft,AIIMS,3,0,Hyderabad,Approved,0
558745.65,Medical,Apollo Hospital,5,1,Bengaluru,Approved,0
90942.09,Medical,AIIMS,2,0,Pune,Approved,0
18203.36,Accident,AIIMS,1,1,Bengaluru,Rejected,0
48093.78,Vehicle,Manipal Hospital,7,0,Bengaluru,Approved,0
525533.64,Theft,Manipal Hospital,0,1,Mumbai,Approved,0
520349.41,Theft,Max Hospital,13,1,Hyderabad,Approved,0
294896.88,Vehicle,Fortis Hospital,2,1,Mumbai,Approved,0
315831.06,Medical,Max Hospital,1,1,Mumbai,Approved,0
65785.82,Theft,Apollo Hospital,11,1,Bengaluru,Approved,0
203434.39,Medical,AIIMS,7,1,Raipur,Approved,0
370616.63,Vehicle,Ruby Hall Clinic,9,1,Nashik,Approved,0
113260.06,Medical,AIIMS,6,1,Mumbai,Approved,0
269719.42,Accident,Ruby Hall Clinic,12,0,Chennai,Pending,1
432471.63,Accident,Fortis Hospital,20,1,Bengaluru,Pending,1
168743.8,Theft,AIIMS,14,1,Mumbai,Approved,0
250064.88,Accident,Fortis Hospital,14,1,Nashik,Approved,0
559225.18,Fire,Fortis Hospital,7,0,Nashik,Pending,1
484190.09,Accident,Apollo Hospital,13,0,Chennai,Approved,1
125970.18,Vehicle,Manipal Hospital,16,1,Bengaluru,Pending,1
495006.29,Medical,Fortis Hospital,10,1,Delhi,Pending,1
599563.89,Accident,Ruby Hall Clinic,2,1,Nagpur,Approved,0
532776.22,Theft,Manipal Hospital,1,0,Nagpur,Approved,1
258393.01,Theft,AIIMS,2,1,Pune,Approved,0
487439.55,Fire,KEM Hospital,7,1,Nagpur,Approved,0
167004.3,Fire,Max Hospital,14,0,Mumbai,Approved,0
136899.98,Fire,AIIMS,3,1,Delhi,Rejected,0
168932.53,Fire,Manipal Hospital,2,1,Hyderabad,Pending,0
85736.48,Fire,KEM Hospital,11,0,Nashik,Approved,0
570517.54,Vehicle,Ruby Hall Clinic,2,0,Hyderabad,Approved,0
294288.4,Medical,Max Hospital,6,1,Mumbai,Approved,0
60878.31,Vehicle,AIIMS,0,1,Hyderabad,Rejected,0
281853.5,Medical,Max Hospital,12,0,Raipur,Approved,0
391298.17,Fire,Apollo Hospital,15,0,Delhi,Approved,1
557374.34,Theft,Max Hospital,4,1,Nagpur,Rejected,0
400508.61,Vehicle,Fortis Hospital,19,1,Hyderabad,Pending,1
10903.39,Theft,Ruby Hall Clinic,7,1,Nashik,Approved,0
340282.95,Medical,Apollo Hospital,11,1,Chennai,Pending,1
536163.31,Medical,Apollo Hospital,7,0,Nashik,Approved,0
170202.77,Accident,KEM Hospital,16,1,Nashik,Pending,0
16678.77,Accident,Manipal Hospital,20,1,Hyderabad,Approved,0
304980.38,Fire,Ruby Hall Clinic,11,0,Raipur,Pending,1
265070.31,Theft,Apollo Hospital,17,1,Chennai,Approved,0
410343.68,Medical,Apollo Hospital,13,0,Pune,Pending,1
56943.62,Accident,AIIMS,12,1,Bengaluru,Approved,0
179682.73,Vehicle,Fortis Hospital,6,1,Raipur,Approved,0
398274.15,Theft,AIIMS,17,1,Nashik,Approved,1
356888.82,Theft,Ruby Hall Clinic,18,1,Mumbai,Approved,1
274423.52,Fire,Fortis Hospital,16,0,Delhi,Pending,0
276942.05,Vehicle,Manipal Hospital,7,1,Raipur,Rejected,0
407294.48,Vehicle,Apollo Hospital,2,1,Pune,Pending,0
554835.54,Vehicle,Apollo Hospital,2,1,Bengaluru,Pending,1
342436.03,Accident,KEM Hospital,19,1,Raipur,Approved,1
440095.61,Vehicle,Apollo Hospital,3,1,Bengaluru,Approved,0
147309.78,Theft,KEM Hospital,18,1,Chennai,Rejected,0
380678.84,Accident,Fortis Hospital,13,1,Pune,Rejected,1
17733.86,Accident,Max Hospital,11,1,Bengaluru,Rejected,0
534857.17,Accident,Ruby Hall Clinic,13,1,Chennai,Approved,0
54218.93,Accident,Ruby Hall Clinic,16,1,Pune,Approved,0
127240.17,Theft,Apollo Hospital,4,1,Nagpur,Approved,0
406253.69,Fire,KEM Hospital,1,0,Raipur,Approved,0
216779.33,Medical,Manipal Hospital,5,1,Delhi,Pending,0
119576.15,Theft,Manipal Hospital,19,1,Delhi,Approved,0
589756.8,Theft,Apollo Hospital,19,1,Nagpur,Approved,1
66692.94,Medical,Manipal Hospital,0,1,Mumbai,Approved,0
177107.22,Accident,Ruby Hall Clinic,9,1,Mumbai,Approved,0
404441.58,Vehicle,Ruby Hall Clinic,3,1,Delhi,Approved,0
510341.04,Fire,Manipal Hospital,10,1,Nagpur,Approved,0
390425.62,Accident,AIIMS,0,1,Hyderabad,Approved,0
422787.07,Vehicle,KEM Hospital,11,1,Mumbai,Approved,1
187775.93,Accident,Max Hospital,13,1,Nagpur,Rejected,0
559258.35,Accident,AIIMS,4,1,Nashik,Pending,0
237128.92,Medical,Max Hospital,10,0,Raipur,Rejected,0
156228.49,Theft,Fortis Hospital,18,1,Chennai,Approved,0
240088.03,Medical,Fortis Hospital,13,0,Mumbai,Approved,0
69470.98,Accident,Apollo Hospital,5,1,Bengaluru,Approved,0
154339.88,Medical,Fortis Hospital,5,0,Raipur,Pending,0
386566.59,Medical,Apollo Hospital,7,1,Bengaluru,Approved,0
577091.92,Medical,Manipal Hospital,12,1,Chennai,Pending,1
565133.88,Vehicle,Ruby Hall Clinic,19,1,Bengaluru,Pending,1
493537.95,Vehicle,KEM Hospital,10,1,Nashik,Approved,0
489462.08,Theft,Max Hospital,9,1,Bengaluru,Approved,0
508507.3,Theft,AIIMS,11,1,Delhi,Pending,1
207370.39,Accident,Apollo Hospital,6,1,Nashik,Approved,0
139526.41,Vehicle,Max Hospital,10,0,Nashik,Pending,0
209188.65,Fire,Ruby Hall Clinic,15,0,Chennai,Approved,0
29645.3,Vehicle,Apollo Hospital,5,1,Hyderabad,Approved,0
111718.73,Accident,Manipal Hospital,13,1,Chennai,Approved,0
378656.88,Accident,Manipal Hospital,18,1,Delhi,Approved,0
92135.41,Vehicle,AIIMS,13,1,Pune,Rejected,0
152064.0,Fire,Apollo Hospital,17,0,Bengaluru,Approved,0
164613.52,Accident,Manipal Hospital,1,1,Mumbai,Approved,0
239514.3,Fire,Apollo Hospital,14,0,Nashik,Rejected,0
460012.52,Medical,Apollo Hospital,5,1,Chennai,Pending,1
77143.34,Fire,Fortis Hospital,0,1,Bengaluru,Pending,0
110200.2,Accident,KEM Hospital,14,1,Pune,Approved,0
9937.84,Theft,Fortis Hospital,14,1,Bengaluru,Approved,0
43636.63,Vehicle,Fortis Hospital,10,1,Chennai,Approved,0
431053.83,Theft,Max Hospital,15,0,Raipur,Rejected,1
420690.75,Accident,AIIMS,17,1,Chennai,Pending,1
517450.64,Fire,KEM Hospital,20,0,Delhi,Rejected,1
288108.86,Fire,Fortis Hospital,2,0,Nashik,Approved,0
37816.37,Accident,Ruby Hall Clinic,8,1,Pune,Pending,0
175147.8,Fire,KEM Hospital,14,0,Chennai,Approved,0
167227.85,Theft,Manipal Hospital,19,1,Delhi,Approved,0
401252.97,Vehicle,Fortis Hospital,9,1,Nagpur,Approved,0
532198.6,Theft,AIIMS,14,1,Delhi,Approved,1
475786.05,Theft,Apollo Hospital,19,1,Chennai,Approved,0
110402.23,Theft,KEM Hospital,3,1,Mumbai,Pending,0
120086.52,Medical,Apollo Hospital,5,1,Nagpur,Approved,0
577469.62,Fire,Apollo Hospital,0,1,Nagpur,Approved,0
36571.37,Theft,Max Hospital,18,1,Bengaluru,Approved,0
471063.86,Vehicle,Apollo Hospital,20,1,Bengaluru,Rejected,0
121949.37,Theft,AIIMS,18,1,Mumbai,Pending,1
472463.09,Fire,KEM Hospital,17,0,Raipur,Pending,1
532650.11,Vehicle,Apollo Hospital,12,1,Hyderabad,Pending,1
462331.43,Fire,Fortis Hospital,17,1,Chennai,Rejected,1
530962.49,Theft,Max Hospital,1,0,Mumbai,Rejected,1
20548.11,Accident,Apollo Hospital,14,1,Mumbai,Approved,0
14551.22,Medical,Ruby Hall Clinic,16,0,Nagpur,Approved,0
519166.68,Fire,AIIMS,2,0,Raipur,Rejected,0
545818.64,Theft,Manipal Hospital,5,1,Nashik,Approved,0
490212.49,Fire,Fortis Hospital,15,0,Delhi,Pending,1
137895.27,Medical,Max Hospital,7,1,Delhi,Approved,0
83219.51,Medical,Apollo Hospital,20,1,Delhi,Pending,0
396136.98,Vehicle,KEM Hospital,10,1,Delhi,Approved,0
394816.97,Accident,Ruby Hall Clinic,1,1,Chennai,Approved,0
177900.79,Fire,Fortis Hospital,7,1,Bengaluru,Pending,0
271052.45,Theft,Ruby Hall Clinic,19,1,Hyderabad,Approved,0
327661.68,Accident,Ruby Hall Clinic,6,0,Mumbai,Approved,1
46183.31,Medical,KEM Hospital,20,1,Bengaluru,Approved,0
300209.9,Vehicle,Fortis Hospital,5,0,Raipur,Rejected,0
16345.95,Accident,KEM Hospital,15,1,Nagpur,Approved,0
251245.98,Fire,KEM Hospital,16,0,Delhi,Rejected,0
445184.85,Vehicle,Max Hospital,3,1,Hyderabad,Approved,0
72140.39,Accident,Max Hospital,8,1,Raipur,Approved,0
117259.33,Vehicle,KEM Hospital,3,1,Bengaluru,Approved,0
591137.72,Accident,KEM Hospital,10,1,Bengaluru,Rejected,0
60919.83,Theft,Manipal Hospital,15,0,Raipur,Rejected,1
384330.67,Theft,KEM Hospital,16,1,Raipur,Pending,1
472568.18,Theft,Max Hospital,3,1,Nashik,Rejected,0
247135.5,Fire,Manipal Hospital,18,1,Bengaluru,Rejected,0
38897.2,Vehicle,Apollo Hospital,20,0,Mumbai,Approved,0
185437.08,Vehicle,Fortis Hospital,5,1,Delhi,Approved,0
160326.32,Accident,Ruby Hall Clinic,15,1,Chennai,Pending,1
567370.67,Theft,Max Hospital,2,1,Pune,Rejected,0
48741.09,Vehicle,AIIMS,10,1,Nagpur,Pending,0
503929.67,Vehicle,Apollo Hospital,18,1,Hyderabad,Pending,1
251362.14,Accident,Manipal Hospital,15,1,Hyderabad,Approved,0
514048.65,Medical,Ruby Hall Clinic,10,0,Hyderabad,Approved,0
512890.7,Medical,KEM Hospital,13,1,Bengaluru,Approved,1
545783.07,Medical,Max Hospital,8,0,Chennai,Rejected,0
456866.15,Medical,AIIMS,14,1,Pune,Approved,1
118778.04,Accident,Apollo Hospital,3,1,Mumbai,Approved,0
582968.46,Fire,AIIMS,15,0,Raipur,Rejected,1
410023.28,Accident,Fortis Hospital,12,1,Chennai,Pending,1
325224.9,Medical,KEM Hospital,6,1,Chennai,Approved,0
493733.83,Fire,Apollo Hospital,13,0,Bengaluru,Approved,0
223214.37,Medical,Ruby Hall Clinic,11,1,Nagpur,Pending,0
410680.75,Vehicle,Max Hospital,2,1,Delhi,Approved,0
568363.21,Medical,Fortis Hospital,7,1,Hyderabad,Approved,0
534894.05,Fire,Ruby Hall Clinic,1,1,Pune,Pending,0
482147.73,Fire,Apollo Hospital,3,1,Hyderabad,Pending,1
323304.5,Vehicle,Apollo Hospital,17,1,Nagpur,Approved,1
540652.38,Vehicle,Max Hospital,15,1,Nagpur,Approved,1
256810.25,Theft,Ruby Hall Clinic,1,1,Nagpur,Pending,0
13701.14,Accident,Fortis Hospital,6,1,Pune,Approved,0
36363.64,Medical,Manipal Hospital,8,1,Chennai,Approved,0
61987.15,Theft,Max Hospital,3,1,Delhi,Approved,0
78784.12,Medical,Ruby Hall Clinic,5,0,Nashik,Approved,0
315934.13,Vehicle,Apollo Hospital,5,1,Bengaluru,Pending,0
251247.6,Fire,KEM Hospital,9,0,Delhi,Approved,0
63485.13,Fire,Max Hospital,10,0,Delhi,Pending,0
117435.82,Theft,Fortis Hospital,7,1,Mumbai,Approved,0
558087.9,Accident,Ruby Hall Clinic,20,1,Hyderabad,Approved,0
16304.52,Vehicle,Apollo Hospital,20,1,Raipur,Pending,1
120758.28,Theft,Max Hospital,18,1,Raipur,Rejected,0
133341.91,Vehicle,Apollo Hospital,8,1,Pune,Rejected,0
390001.62,Vehicle,Manipal Hospital,11,1,Chennai,Approved,1
290402.3,Medical,Ruby Hall Clinic,9,1,Bengaluru,Pending,0
192863.85,Theft,Ruby Hall Clinic,7,1,Bengaluru,Approved,0
569814.54,Fire,Max Hospital,18,0,Mumbai,Approved,1
220903.7,Accident,KEM Hospital,0,1,Bengaluru,Approved,0
169569.0,Medical,Fortis Hospital,18,1,Raipur,Rejected,0
580751.22,Accident,Manipal Hospital,13,1,Hyderabad,Rejected,0
517890.67,Medical,AIIMS,9,1,Nagpur,Approved,0
490586.62,Vehicle,Manipal Hospital,11,1,Nashik,Pending,1
208490.87,Accident,KEM Hospital,16,0,Bengaluru,Rejected,1
402342.99,Theft,KEM Hospital,4,1,Pune,Approved,0
15706.12,Fire,AIIMS,2,0,Hyderabad,Approved,0
325693.21,Accident,Apollo Hospital,13,1,Pune,Rejected,0
309987.66,Medical,KEM Hospital,2,1,Nagpur,Rejected,0
183263.89,Theft,KEM Hospital,13,1,Nashik,Pending,0
131954.84,Vehicle,Apollo Hospital,18,1,Mumbai,Pending,0
166013.33,Theft,Fortis Hospital,2,1,Nagpur,Pending,0
370741.73,Accident,AIIMS,9,0,Delhi,Approved,1
222920.59,Accident,Manipal Hospital,19,1,Raipur,Approved,0
281992.45,Accident,AIIMS,20,1,Mumbai,Approved,0
318360.86,Fire,AIIMS,17,1,Chennai,Pending,1
424275.92,Medical,KEM Hospital,2,0,Delhi,Approved,0
382932.0,Medical,Apollo Hospital,2,0,Bengaluru,Approved,0
489337.31,Medical,KEM Hospital,17,1,Mumbai,Approved,1
65310.06,Vehicle,Apollo Hospital,3,1,Bengaluru,Approved,0
560938.55,Fire,Apollo Hospital,7,1,Nashik,Rejected,0
117272.07,Theft,Apollo Hospital,19,0,Raipur,Approved,1
270502.96,Theft,Ruby Hall Clinic,10,1,Raipur,Approved,0
345830.19,Fire,AIIMS,0,0,Pune,Approved,0
196135.28,Fire,Apollo Hospital,9,1,Nagpur,Approved,0
352651.92,Medical,Fortis Hospital,4,0,Chennai,Approved,0
285393.63,Vehicle,Manipal Hospital,8,1,Nagpur,Approved,0
197533.01,Medical,AIIMS,0,1,Pune,Rejected,0
102650.08,Accident,Fortis Hospital,7,1,Bengaluru,Approved,0
100803.01,Fire,Max Hospital,15,1,Mumbai,Approved,0
166334.93,Fire,Ruby Hall Clinic,6,1,Raipur,Pending,0
566189.43,Medical,Fortis Hospital,7,0,Hyderabad,Approved,0
97296.58,Medical,Manipal Hospital,15,0,Pune,Pending,1
445561.91,Vehicle,KEM Hospital,20,0,Nashik,Pending,1
119606.67,Accident,Max Hospital,1,1,Bengaluru,Rejected,0
238469.3,Accident,Max Hospital,5,1,Chennai,Approved,0
126836.52,Fire,Fortis Hospital,3,1,Nashik,Pending,0
201964.65,Fire,AIIMS,18,0,Chennai,Approved,0
111608.41,Vehicle,Fortis Hospital,4,1,Raipur,Rejected,0
450174.65,Medical,Fortis Hospital,13,0,Nashik,Pending,1
381941.13,Accident,Ruby Hall Clinic,17,1,Hyderabad,Rejected,0
231125.71,Theft,Apollo Hospital,0,1,Nagpur,Pending,0
199794.56,Medical,AIIMS,17,0,Pune,Approved,0
261067.45,Vehicle,AIIMS,5,1,Bengaluru,Pending,0
576990.75,Theft,KEM Hospital,13,1,Chennai,Pending,1
591673.1,Theft,KEM Hospital,0,1,Hyderabad,Pending,0
75644.87,Medical,AIIMS,20,1,Pune,Approved,0
376553.87,Theft,AIIMS,20,1,Nashik,Pending,1
159362.79,Theft,Max Hospital,6,0,Hyderabad,Pending,1
329749.57,Vehicle,Fortis Hospital,5,1,Raipur,Pending,0
224222.7,Medical,Fortis Hospital,7,0,Bengaluru,Rejected,0
116419.99,Medical,KEM Hospital,6,1,Bengaluru,Approved,0
18549.8,Accident,Fortis Hospital,2,1,Nagpur,Rejected,0
58973.11,Theft,Fortis Hospital,1,1,Delhi,Approved,0
8984.18,Accident,Ruby Hall Clinic,9,1,Delhi,Pending,0
484054.83,Fire,Fortis Hospital,6,0,Chennai,Approved,0
265712.55,Medical,AIIMS,2,0,Mumbai,Approved,0
83036.62,Medical,Apollo Hospital,18,0,Raipur,Approved,0
224573.94,Fire,Fortis Hospital,14,1,Mumbai,Pending,1
543053.69,Vehicle,Max Hospital,12,1,Pune,Approved,1
179664.96,Vehicle,Max Hospital,1,0,Chennai,Rejected,0
172148.59,Fire,Apollo Hospital,13,1,Raipur,Approved,0
405211.37,Vehicle,Fortis Hospital,8,1,Chennai,Approved,0
359994.91,Theft,Fortis Hospital,14,1,Nagpur,Approved,1
339937.63,Accident,Max Hospital,3,1,Raipur,Approved,0
429042.08,Theft,Manipal Hospital,9,1,Pune,Approved,0
418331.62,Theft,Max Hospital,0,1,Hyderabad,Approved,0
328093.48,Accident,Max Hospital,1,1,Pune,Approved,0
37621.1,Medical,Max Hospital,15,1,Delhi,Approved,0
41271.07,Vehicle,Fortis Hospital,9,1,Bengaluru,Rejected,0
545373.66,Medical,Max Hospital,20,1,Chennai,Pending,1
210681.25,Fire,Max Hospital,16,1,Bengaluru,Approved,0
285162.95,Theft,Fortis Hospital,7,1,Pune,Pending,0
319163.91,Theft,Max Hospital,16,1,Bengaluru,Pending,1
15822.43,Vehicle,Ruby Hall Clinic,20,1,Mumbai,Pending,1
540864.78,Theft,Fortis Hospital,4,1,Raipur,Pending,1
97300.88,Accident,Fortis Hospital,3,1,Pune,Approved,0
567806.11,Theft,Manipal Hospital,5,0,Mumbai,Approved,1
296402.23,Fire,KEM Hospital,15,0,Chennai,Rejected,0
153748.81,Accident,Fortis Hospital,14,1,Hyderabad,Approved,0
160893.71,Vehicle,Fortis Hospital,16,1,Mumbai,Rejected,0
157175.05,Theft,Max Hospital,1,1,Nashik,Approved,0
194998.2,Vehicle,Manipal Hospital,12,1,Nashik,Pending,1
481047.18,Vehicle,Max Hospital,11,1,Nashik,Approved,1
496210.13,Accident,AIIMS,13,1,Raipur,Approved,1
169227.44,Medical,Max Hospital,16,0,Bengaluru,Pending,1
353432.85,Accident,Max Hospital,2,0,Delhi,Approved,1
244102.48,Vehicle,AIIMS,8,1,Nagpur,Approved,0
573579.58,Accident,Fortis Hospital,2,1,Bengaluru,Approved,0
307816.73,Medical,Fortis Hospital,10,1,Delhi,Approved,0
458760.91,Vehicle,AIIMS,5,1,Mumbai,Pending,0
184144.31,Medical,Ruby Hall Clinic,2,1,Pune,Approved,0
120445.04,Medical,AIIMS,17,0,Mumbai,Rejected,0
123051.32,Vehicle,Manipal Hospital,19,1,Mumbai,Approved,0
238281.0,Theft,Manipal Hospital,19,1,Pune,Approved,0
418061.58,Medical,Apollo Hospital,2,1,Delhi,Approved,0
11889.21,Fire,AIIMS,1,0,Raipur,Approved,0
251327.0,Medical,KEM Hospital,20,0,Pune,Approved,0
357309.14,Vehicle,AIIMS,19,1,Delhi,Pending,1
450008.2,Accident,Apollo Hospital,19,1,Hyderabad,Approved,1
45393.66,Theft,Manipal Hospital,1,0,Raipur,Approved,1
300442.08,Medical,Fortis Hospital,16,0,Pune,Approved,1
141153.77,Vehicle,Manipal Hospital,5,0,Hyderabad,Approved,0
597736.42,Theft,Apollo Hospital,20,0,Bengaluru,Approved,1
288903.67,Fire,Manipal Hospital,16,0,Raipur,Rejected,0
244762.39,Fire,Ruby Hall Clinic,7,1,Bengaluru,Approved,0
582831.04,Fire,Apollo Hospital,2,0,Chennai,Approved,0
339753.97,Theft,Manipal Hospital,3,1,Chennai,Approved,0
80764.11,Theft,AIIMS,12,0,Hyderabad,Approved,1
299200.45,Vehicle,KEM Hospital,15,1,Pune,Rejected,0
62699.5,Theft,KEM Hospital,0,0,Chennai,Approved,1
132002.58,Fire,KEM Hospital,7,0,Chennai,Approved,0
390796.6,Theft,Fortis Hospital,6,1,Chennai,Approved,0
307260.04,Fire,AIIMS,16,1,Chennai,Approved,1
583536.0,Medical,AIIMS,16,1,Pune,Approved,1
583190.85,Theft,Ruby Hall Clinic,7,1,Nashik,Rejected,0
436890.19,Medical,AIIMS,5,0,Nashik,Approved,0
507537.6,Accident,Apollo Hospital,5,1,Delhi,Approved,0
585485.58,Fire,KEM Hospital,10,0,Bengaluru,Approved,0
22531.73,Medical,Apollo Hospital,17,0,Mumbai,Approved,0
269002.08,Medical,Manipal Hospital,18,0,Hyderabad,Pending,0
475776.58,Fire,KEM Hospital,0,0,Chennai,Pending,1
155643.67,Fire,Ruby Hall Clinic,10,1,Hyderabad,Approved,0
425230.46,Accident,Apollo Hospital,12,1,Bengaluru,Rejected,1
178877.29,Theft,Manipal Hospital,6,1,Raipur,Approved,0
317592.86,Accident,AIIMS,10,1,Nagpur,Approved,0
584373.36,Accident,Fortis Hospital,7,1,Bengaluru,Approved,0
510997.98,Accident,Max Hospital,15,1,Delhi,Pending,1
463788.52,Vehicle,Ruby Hall Clinic,4,1,Nashik,Approved,0
530191.95,Medical,Apollo Hospital,7,1,Mumbai,Approved,0
312322.46,Theft,KEM Hospital,20,1,Chennai,Approved,0
363770.71,Fire,Apollo Hospital,20,0,Chennai,Approved,1
225491.4,Accident,AIIMS,17,1,Pune,Approved,0
149072.09,Medical,Fortis Hospital,18,0,Chennai,Approved,0
490791.88,Fire,Max Hospital,18,0,Raipur,Rejected,0
228696.02,Vehicle,AIIMS,8,1,Raipur,Pending,0
427506.98,Medical,Max Hospital,1,0,Mumbai,Approved,0
227600.52,Medical,KEM Hospital,2,1,Pune,Approved,0
46615.3,Vehicle,Ruby Hall Clinic,10,1,Bengaluru,Pending,0
33053.3,Accident,Ruby Hall Clinic,6,1,Bengaluru,Pending,0
100141.02,Accident,Ruby Hall Clinic,19,1,Nagpur,Approved,0
592870.81,Accident,AIIMS,7,1,Pune,Approved,0
552273.8,Fire,Fortis Hospital,20,1,Nagpur,Approved,1
347778.33,Fire,AIIMS,5,0,Hyderabad,Approved,0
474010.37,Accident,Apollo Hospital,1,1,Raipur,Approved,0
399215.03,Theft,Apollo Hospital,6,1,Chennai,Approved,0
357961.28,Theft,Fortis Hospital,2,1,Nashik,Approved,0
578440.92,Vehicle,Apollo Hospital,9,1,Bengaluru,Pending,1
55904.38,Theft,AIIMS,3,1,Nashik,Pending,0
437916.84,Theft,KEM Hospital,13,1,Raipur,Pending,1
344719.23,Vehicle,Apollo Hospital,9,1,Delhi,Pending,1
79942.97,Vehicle,AIIMS,20,1,Chennai,Pending,0
289641.84,Vehicle,Apollo Hospital,15,1,Chennai,Pending,1
404210.1,Vehicle,Max Hospital,15,1,Bengaluru,Approved,1
394989.48,Fire,Manipal Hospital,3,1,Mumbai,Approved,0
481085.2,Medical,KEM Hospital,7,1,Bengaluru,Approved,0
196342.59,Vehicle,Fortis Hospital,17,1,Raipur,Approved,0
472726.56,Accident,Apollo Hospital,18,0,Raipur,Approved,1
44137.19,Vehicle,AIIMS,8,1,Delhi,Rejected,0
397486.12,Fire,Ruby Hall Clinic,11,1,Chennai,Approved,1
502640.24,Vehicle,Manipal Hospital,11,1,Nashik,Rejected,0
258675.98,Vehicle,Manipal Hospital,19,1,Pune,Pending,1
445397.17,Accident,KEM Hospital,17,1,Chennai,Approved,0
565408.48,Accident,KEM Hospital,1,0,Bengaluru,Approved,1
508976.0,Fire,Manipal Hospital,13,1,Hyderabad,Pending,1
525477.27,Accident,Max Hospital,3,1,Raipur,Approved,0
30468.65,Accident,Fortis Hospital,6,1,Raipur,Pending,0
436439.97,Theft,Fortis Hospital,1,1,Mumbai,Rejected,0
168091.96,Theft,AIIMS,10,1,Nashik,Pending,0
402635.63,Theft,Ruby Hall Clinic,9,0,Delhi,Rejected,1
395142.39,Theft,Fortis Hospital,20,1,Mumbai,Approved,1
277364.27,Medical,KEM Hospital,6,1,Mumbai,Approved,0
94574.77,Fire,Manipal Hospital,20,1,Nagpur,Approved,0
456190.65,Vehicle,KEM Hospital,13,1,Pune,Approved,1
33022.07,Medical,Max Hospital,6,0,Bengaluru,Approved,0
90703.49,Theft,Manipal Hospital,3,1,Nagpur,Approved,0
248709.46,Fire,Ruby Hall Clinic,10,1,Mumbai,Approved,0
354002.37,Theft,AIIMS,7,0,Mumbai,Approved,1
473299.24,Theft,Manipal Hospital,10,0,Mumbai,Rejected,1
197865.06,Fire,Ruby Hall Clinic,8,0,Bengaluru,Pending,0
330168.35,Fire,Fortis Hospital,4,1,Mumbai,Approved,0
214228.42,Medical,Ruby Hall Clinic,15,0,Delhi,Approved,0
351276.42,Medical,Manipal Hospital,1,0,Delhi,Rejected,0
333895.61,Theft,Apollo Hospital,20,1,Hyderabad,Approved,1
427079.58,Fire,Fortis Hospital,16,0,Nashik,Approved,1
475072.15,Theft,KEM Hospital,0,1,Nagpur,Pending,1
419908.34,Theft,AIIMS,8,1,Chennai,Pending,1
423318.37,Theft,Ruby Hall Clinic,17,1,Bengaluru,Pending,1
189591.89,Accident,Fortis Hospital,16,1,Chennai,Rejected,0
508939.08,Medical,Apollo Hospital,13,1,Chennai,Pending,1
484901.85,Theft,Manipal Hospital,2,0,Nashik,Approved,1
517792.94,Vehicle,Fortis Hospital,3,1,Nagpur,Approved,0
40300.48,Fire,Max Hospital,10,0,Mumbai,Rejected,0
271340.44,Accident,Max Hospital,15,1,Bengaluru,Rejected,0
568026.69,Theft,AIIMS,16,1,Hyderabad,Approved,1
164958.31,Vehicle,Apollo Hospital,17,1,Raipur,Approved,0
478870.94,Theft,AIIMS,9,0,Pune,Approved,1
556904.87,Vehicle,Manipal Hospital,16,0,Chennai,Pending,1
75355.59,Vehicle,Manipal Hospital,6,1,Nagpur,Rejected,0
121811.15,Vehicle,Apollo Hospital,5,1,Hyderabad,Pending,0
116968.49,Accident,Apollo Hospital,8,1,Delhi,Approved,0
535911.2,Fire,KEM Hospital,14,1,Raipur,Approved,0
11758.41,Vehicle,Apollo Hospital,12,1,Chennai,Approved,0
470647.34,Theft,Apollo Hospital,14,1,Bengaluru,Rejected,1
205249.06,Accident,Manipal Hospital,10,1,Mumbai,Pending,0
383275.9,Vehicle,Fortis Hospital,8,0,Nagpur,Rejected,0
431893.37,Medical,Manipal Hospital,7,0,Nashik,Approved,0
539247.82,Accident,Manipal Hospital,5,1,Pune,Pending,0
117496.95,Theft,AIIMS,19,1,Raipur,Approved,0
585171.58,Medical,AIIMS,11,1,Mumbai,Approved,0
487154.36,Vehicle,Ruby Hall Clinic,0,1,Pune,Approved,0
272275.19,Accident,KEM Hospital,1,1,Bengaluru,Pending,0
412873.35,Fire,Max Hospital,1,0,Mumbai,Approved,0
575847.93,Vehicle,Apollo Hospital,13,1,Bengaluru,Rejected,0
371465.78,Vehicle,Fortis Hospital,15,1,Nagpur,Pending,1
43836.4,Vehicle,Manipal Hospital,17,1,Mumbai,Rejected,0
117720.85,Accident,Manipal Hospital,0,1,Nagpur,Approved,0
87759.35,Accident,Manipal Hospital,2,1,Pune,Approved,0
498640.08,Theft,AIIMS,12,1,Delhi,Approved,0
516410.05,Medical,Manipal Hospital,7,0,Pune,Rejected,0
196544.71,Accident,Ruby Hall Clinic,13,0,Chennai,Pending,1
410186.88,Vehicle,Manipal Hospital,5,1,Nagpur,Rejected,0
353245.97,Accident,AIIMS,14,1,Raipur,Pending,1
267897.79,Vehicle,Manipal Hospital,15,1,Bengaluru,Approved,0
62964.36,Theft,KEM Hospital,14,1,Hyderabad,Rejected,0
311823.99,Vehicle,AIIMS,17,1,Mumbai,Rejected,1
469032.7,Vehicle,KEM Hospital,16,1,Pune,Approved,1
267098.09,Vehicle,AIIMS,2,1,Pune,Approved,0
271580.94,Theft,Ruby Hall Clinic,17,1,Nagpur,Pending,1
455629.71,Medical,KEM Hospital,13,1,Mumbai,Rejected,0
444853.73,Theft,Fortis Hospital,6,1,Hyderabad,Pending,1
434473.29,Theft,Manipal Hospital,14,1,Nashik,Approved,1
152131.76,Theft,KEM Hospital,3,1,Hyderabad,Approved,0
565441.0,Theft,Fortis Hospital,16,1,Nashik,Approved,1
110477.09,Accident,KEM Hospital,9,1,Bengaluru,Rejected,0
48889.14,Accident,Ruby Hall Clinic,7,1,Chennai,Approved,0
57821.95,Fire,KEM Hospital,19,1,Nashik,Pending,1
566925.97,Fire,Fortis Hospital,15,1,Delhi,Pending,1
587557.67,Theft,Manipal Hospital,6,0,Nashik,Rejected,1
250504.8,Theft,Manipal Hospital,17,1,Chennai,Approved,0
201403.34,Medical,Fortis Hospital,12,0,Delhi,Pending,1
582629.99,Accident,AIIMS,13,1,Mumbai,Approved,1
527318.87,Theft,Max Hospital,18,1,Pune,Rejected,1
27088.31,Vehicle,KEM Hospital,5,1,Nagpur,Rejected,0
215952.81,Fire,Fortis Hospital,9,1,Raipur,Approved,0
444855.88,Fire,Fortis Hospital,2,0,Raipur,Approved,0
89288.67,Theft,Fortis Hospital,10,1,Nashik,Rejected,0
500488.36,Theft,Max Hospital,20,0,Nashik,Pending,1
124354.96,Vehicle,KEM Hospital,19,1,Nashik,Approved,0
364538.56,Accident,Fortis Hospital,0,1,Nashik,Approved,0
307970.94,Fire,KEM Hospital,9,0,Nashik,Approved,0
416145.72,Medical,AIIMS,19,1,Mumbai,Approved,0
476298.77,Medical,Fortis Hospital,13,1,Nashik,Pending,1
196882.33,Vehicle,Ruby Hall Clinic,15,1,Chennai,Approved,0
530792.28,Theft,AIIMS,3,1,Hyderabad,Approved,0
397155.96,Vehicle,KEM Hospital,15,1,Pune,Approved,1
8629.74,Accident,Apollo Hospital,3,1,Hyderabad,Approved,0
157549.65,Fire,Ruby Hall Clinic,12,0,Nashik,Pending,0
552431.43,Vehicle,Apollo Hospital,20,1,Mumbai,Approved,0
503928.73,Medical,Max Hospital,7,1,Chennai,Rejected,0
70200.53,Vehicle,Max Hospital,3,1,Pune,Approved,0
597585.38,Vehicle,Fortis Hospital,7,1,Raipur,Pending,0
123737.3,Fire,Apollo Hospital,20,1,Nagpur,Approved,0
545943.04,Accident,KEM Hospital,5,1,Nagpur,Pending,1
87628.72,Accident,AIIMS,10,1,Mumbai,Pending,0
244838.06,Medical,Manipal Hospital,10,1,Nashik,Rejected,0
366719.1,Accident,AIIMS,4,1,Chennai,Approved,0
173137.76,Theft,Max Hospital,13,1,Chennai,Rejected,0
186095.72,Medical,Fortis Hospital,18,1,Pune,Rejected,0
478020.73,Medical,Max Hospital,7,0,Mumbai,Approved,0
105472.73,Medical,Fortis Hospital,14,0,Pune,Approved,0
289673.04,Medical,Max Hospital,4,1,Raipur,Approved,0
168285.69,Fire,KEM Hospital,3,0,Nagpur,Approved,0
282780.31,Theft,Max Hospital,18,1,Delhi,Approved,0
392016.16,Accident,AIIMS,2,0,Pune,Approved,1
395808.92,Medical,Ruby Hall Clinic,16,0,Raipur,Approved,1
139936.82,Theft,Apollo Hospital,18,0,Mumbai,Rejected,1
297061.32,Fire,Manipal Hospital,9,1,Delhi,Rejected,0
359302.45,Theft,Fortis Hospital,12,1,Mumbai,Approved,0
458443.38,Theft,AIIMS,5,1,Chennai,Approved,0
471067.02,Theft,Apollo Hospital,5,1,Raipur,Rejected,0
376020.51,Vehicle,AIIMS,17,0,Hyderabad,Rejected,1
208813.09,Theft,Max Hospital,6,1,Delhi,Pending,0
500584.01,Fire,Ruby Hall Clinic,18,0,Mumbai,Approved,0
18806.49,Theft,AIIMS,10,1,Bengaluru,Rejected,0
435036.19,Theft,Ruby Hall Clinic,12,1,Bengaluru,Approved,0
498736.24,Accident,Manipal Hospital,10,1,Delhi,Approved,0
195037.14,Fire,Max Hospital,8,0,Chennai,Approved,0
239798.81,Medical,AIIMS,6,0,Nashik,Rejected,0
359757.62,Medical,AIIMS,9,0,Delhi,Rejected,0
537684.05,Fire,Apollo Hospital,14,0,Delhi,Rejected,1
467627.56,Fire,Max Hospital,6,1,Pune,Approved,0
226299.67,Fire,Ruby Hall Clinic,7,0,Chennai,Approved,0
243985.62,Theft,Max Hospital,15,1,Chennai,Approved,0
127624.01,Accident,Ruby Hall Clinic,12,1,Raipur,Approved,0
429141.81,Vehicle,Apollo Hospital,1,1,Raipur,Approved,0
99237.81,Vehicle,Manipal Hospital,2,1,Pune,Approved,0
461504.51,Fire,Fortis Hospital,19,0,Bengaluru,Approved,1
305891.07,Accident,Ruby Hall Clinic,1,1,Chennai,Pending,0
318024.85,Medical,Apollo Hospital,4,0,Hyderabad,Approved,0
16131.26,Accident,AIIMS,12,1,Nashik,Pending,0
101130.81,Accident,Fortis Hospital,3,1,Nashik,Rejected,0
447258.23,Medical,Max Hospital,0,0,Delhi,Approved,0
206353.21,Fire,AIIMS,17,0,Nagpur,Approved,0
93496.02,Theft,Ruby Hall Clinic,8,1,Raipur,Approved,0
420742.26,Medical,Apollo Hospital,16,0,Bengaluru,Pending,1
259519.65,Vehicle,Fortis Hospital,8,1,Pune,Approved,0
599866.03,Vehicle,Ruby Hall Clinic,2,1,Bengaluru,Pending,1
582462.36,Medical,KEM Hospital,15,0,Bengaluru,Pending,1
148089.42,Fire,Manipal Hospital,13,1,Hyderabad,Approved,0
29295.62,Theft,Fortis Hospital,14,1,Hyderabad,Approved,0
591348.77,Accident,Max Hospital,15,1,Hyderabad,Rejected,0
333622.68,Medical,Apollo Hospital,5,1,Raipur,Approved,0
501584.16,Fire,Manipal Hospital,14,1,Chennai,Approved,0
230476.44,Medical,Manipal Hospital,1,1,Pune,Approved,0
441684.76,Vehicle,KEM Hospital,10,0,Nagpur,Approved,0
458224.32,Medical,Ruby Hall Clinic,20,0,Nashik,Rejected,0
511082.6,Vehicle,Apollo Hospital,3,1,Chennai,Approved,0
163423.98,Vehicle,Max Hospital,4,0,Pune,Approved,0
475815.37,Vehicle,AIIMS,0,1,Chennai,Pending,0
359193.86,Fire,Fortis Hospital,18,0,Delhi,Approved,1
284337.33,Theft,Max Hospital,7,1,Hyderabad,Rejected,0
493006.45,Medical,Ruby Hall Clinic,1,1,Nashik,Pending,0
450928.78,Medical,Fortis Hospital,0,1,Nashik,Approved,0
445949.88,Medical,Ruby Hall Clinic,14,1,Hyderabad,Pending,1
194614.68,Accident,Apollo Hospital,19,1,Bengaluru,Rejected,0
235447.54,Accident,Fortis Hospital,7,1,Mumbai,Approved,0
376063.65,Theft,Max Hospital,4,1,Delhi,Approved,0
466797.52,Fire,Fortis Hospital,11,0,Pune,Rejected,1
344499.55,Theft,Max Hospital,20,1,Nashik,Approved,1
475314.5,Fire,Manipal Hospital,11,0,Nashik,Approved,0
481252.77,Medical,Apollo Hospital,10,1,Chennai,Approved,0
474781.4,Vehicle,Fortis Hospital,14,1,Chennai,Approved,1
403611.33,Medical,Manipal Hospital,17,1,Delhi,Approved,1
594966.29,Theft,Ruby Hall Clinic,6,1,Raipur,Rejected,0
149507.05,Medical,Manipal Hospital,4,1,Bengaluru,Approved,0
190106.19,Vehicle,Apollo Hospital,15,1,Mumbai,Approved,0
196599.19,Vehicle,Max Hospital,14,1,Mumbai,Approved,0
388428.88,Theft,Max Hospital,0,1,Bengaluru,Approved,0
344033.29,Medical,Max Hospital,20,0,Chennai,Approved,1
440704.6,Fire,Apollo Hospital,10,1,Nagpur,Approved,0
167881.85,Theft,Apollo Hospital,11,1,Nagpur,Approved,0
391151.07,Medical,Apollo Hospital,11,1,Hyderabad,Pending,1
360071.99,Accident,Apollo Hospital,20,1,Hyderabad,Pending,1
247558.1,Accident,Fortis Hospital,20,1,Nagpur,Approved,0
422838.55,Vehicle,Ruby Hall Clinic,10,0,Bengaluru,Approved,0
77729.87,Vehicle,Apollo Hospital,9,1,Bengaluru,Pending,0
230507.83,Vehicle,AIIMS,7,1,Chennai,Pending,0
364455.43,Accident,Max Hospital,1,0,Mumbai,Pending,1
50594.07,Vehicle,Fortis Hospital,3,1,Nashik,Approved,0
428008.88,Fire,Fortis Hospital,20,1,Delhi,Approved,1
415804.05,Accident,Ruby Hall Clinic,11,1,Bengaluru,Approved,1
25252.4,Accident,Manipal Hospital,18,1,Raipur,Pending,0
269168.47,Fire,KEM Hospital,15,0,Hyderabad,Rejected,0
288915.81,Theft,Fortis Hospital,5,1,Nashik,Pending,0
215235.7,Accident,Fortis Hospital,20,0,Delhi,Approved,1
23841.49,Medical,Manipal Hospital,0,1,Delhi,Approved,0
581674.22,Vehicle,Ruby Hall Clinic,12,1,Nagpur,Approved,1
50038.91,Fire,Ruby Hall Clinic,13,1,Nashik,Approved,0
360735.31,Accident,KEM Hospital,18,0,Mumbai,Approved,1
156339.63,Fire,Ruby Hall Clinic,6,1,Pune,Approved,0
290418.88,Accident,AIIMS,20,1,Bengaluru,Approved,0
546237.42,Theft,Apollo Hospital,8,1,Pune,Approved,0
440074.16,Medical,Manipal Hospital,0,0,Nagpur,Approved,0
183387.52,Medical,Fortis Hospital,11,0,Mumbai,Approved,0
378726.02,Medical,Apollo Hospital,19,0,Bengaluru,Pending,1
80746.84,Fire,Manipal Hospital,4,1,Chennai,Approved,0
169472.24,Fire,Max Hospital,5,0,Pune,Approved,0
309879.31,Theft,Apollo Hospital,19,1,Chennai,Pending,1
225486.49,Accident,KEM Hospital,9,0,Delhi,Approved,1
50819.05,Accident,Fortis Hospital,8,0,Delhi,Rejected,1
567809.9,Medical,Max Hospital,8,0,Raipur,Approved,0
351737.84,Fire,Manipal Hospital,11,1,Mumbai,Approved,0
49317.47,Fire,Apollo Hospital,12,0,Mumbai,Approved,0
164473.89,Theft,Max Hospital,20,1,Hyderabad,Approved,0
390675.71,Theft,Ruby Hall Clinic,6,1,Chennai,Approved,0
561194.51,Medical,Fortis Hospital,20,1,Pune,Approved,0
508367.64,Theft,AIIMS,4,1,Chennai,Approved,0
221394.67,Theft,Fortis Hospital,11,1,Delhi,Pending,1
516883.08,Theft,AIIMS,19,1,Raipur,Rejected,0
555811.01,Theft,Ruby Hall Clinic,7,0,Hyderabad,Approved,1
154349.03,Medical,KEM Hospital,0,0,Raipur,Approved,0
465372.57,Theft,Ruby Hall Clinic,14,1,Pune,Pending,1
496709.89,Accident,Apollo Hospital,4,1,Chennai,Rejected,0
400202.48,Medical,Fortis Hospital,19,1,Pune,Pending,1
587555.82,Vehicle,AIIMS,11,1,Nashik,Approved,1
28309.96,Accident,Fortis Hospital,18,1,Nagpur,Rejected,0
405569.37,Fire,Max Hospital,14,1,Chennai,Rejected,0
206529.9,Accident,Apollo Hospital,17,1,Nagpur,Pending,1
313620.65,Medical,AIIMS,16,0,Hyderabad,Approved,1
490317.42,Fire,Max Hospital,20,1,Delhi,Pending,1
283252.03,Medical,AIIMS,18,1,Raipur,Approved,0
42162.03,Accident,Manipal Hospital,3,1,Raipur,Approved,0
61327.33,Accident,AIIMS,16,1,Delhi,Approved,0
246741.64,Medical,Manipal Hospital,20,0,Bengaluru,Pending,0
191166.55,Theft,Apollo Hospital,6,1,Delhi,Pending,0
286451.46,Theft,AIIMS,5,1,Hyderabad,Rejected,0
62367.44,Vehicle,Apollo Hospital,15,1,Nashik,Pending,1
19917.09,Medical,Apollo Hospital,0,1,Nashik,Approved,0
467778.15,Accident,AIIMS,9,1,Chennai,Approved,0
128393.26,Vehicle,Ruby Hall Clinic,16,0,Raipur,Approved,0
449347.95,Theft,Manipal Hospital,9,1,Pune,Approved,0
175675.47,Vehicle,Fortis Hospital,20,1,Hyderabad,Approved,0
547580.52,Theft,Max Hospital,8,0,Delhi,Pending,1
313736.69,Accident,Apollo Hospital,5,1,Mumbai,Approved,0
416960.9,Vehicle,KEM Hospital,6,1,Delhi,Approved,0
272853.2,Fire,Manipal Hospital,19,1,Hyderabad,Rejected,0
501876.97,Accident,KEM Hospital,11,1,Delhi,Approved,0
483211.87,Fire,Apollo Hospital,20,0,Pune,Approved,1
413877.43,Vehicle,Max Hospital,1,1,Hyderabad,Approved,0
18121.62,Vehicle,Fortis Hospital,8,1,Delhi,Approved,0
192096.35,Medical,Fortis Hospital,5,1,Hyderabad,Approved,0
578621.26,Accident,Apollo Hospital,19,1,Bengaluru,Pending,1
213660.12,Theft,Manipal Hospital,4,1,Bengaluru,Pending,0
203330.27,Fire,Manipal Hospital,2,0,Bengaluru,Approved,0
492043.03,Accident,Ruby Hall Clinic,12,1,Bengaluru,Pending,1
366597.14,Accident,Ruby Hall Clinic,7,1,Mumbai,Approved,0
127386.11,Fire,KEM Hospital,3,0,Delhi,Approved,0
27843.95,Accident,Ruby Hall Clinic,18,1,Mumbai,Pending,1
280317.88,Vehicle,KEM Hospital,5,1,Delhi,Approved,0
182372.49,Accident,Ruby Hall Clinic,2,1,Nagpur,Rejected,0
552614.95,Medical,Manipal Hospital,5,0,Delhi,Approved,0
159147.98,Accident,Ruby Hall Clinic,8,1,Pune,Approved,0
350394.95,Fire,KEM Hospital,14,0,Nagpur,Approved,1
389876.02,Medical,Manipal Hospital,18,0,Nashik,Approved,1
80641.83,Vehicle,Max Hospital,19,1,Delhi,Rejected,0
179886.47,Medical,Manipal Hospital,16,1,Hyderabad,Approved,0
310942.25,Fire,Manipal Hospital,4,1,Hyderabad,Rejected,0
211114.25,Theft,Apollo Hospital,19,1,Nashik,Pending,1
336144.21,Fire,Manipal Hospital,2,1,Delhi,Pending,0
550875.91,Medical,Ruby Hall Clinic,4,1,Nagpur,Approved,0
276099.15,Accident,Ruby Hall Clinic,14,0,Bengaluru,Approved,1
505310.52,Accident,Fortis Hospital,9,1,Nagpur,Approved,0
397117.71,Medical,Manipal Hospital,10,1,Hyderabad,Approved,0
441415.94,Theft,Apollo Hospital,11,1,Bengaluru,Rejected,0
585457.45,Accident,Max Hospital,1,1,Pune,Rejected,0
491974.47,Medical,Manipal Hospital,5,0,Mumbai,Pending,0
398974.8,Accident,Manipal Hospital,5,0,Nagpur,Approved,1
251046.91,Accident,Max Hospital,11,0,Nagpur,Pending,1
63708.16,Fire,Fortis Hospital,8,1,Raipur,Pending,0
418445.26,Vehicle,Max Hospital,2,1,Nashik,Rejected,0
91701.48,Accident,Ruby Hall Clinic,9,1,Hyderabad,Approved,0
444900.86,Fire,AIIMS,0,0,Mumbai,Pending,1
119976.4,Fire,AIIMS,2,0,Delhi,Rejected,0
328043.83,Vehicle,Ruby Hall Clinic,15,1,Nashik,Rejected,1
181068.86,Theft,Fortis Hospital,11,1,Nashik,Approved,0
414530.78,Accident,AIIMS,14,1,Delhi,Approved,1
109033.45,Accident,Manipal Hospital,0,0,Delhi,Rejected,1
47579.48,Medical,Fortis Hospital,2,0,Mumbai,Pending,0
414069.76,Accident,Manipal Hospital,5,1,Nagpur,Rejected,0
17799.09,Vehicle,KEM Hospital,7,1,Pune,Approved,0
575824.53,Fire,Max Hospital,13,0,Chennai,Approved,1
489751.91,Medical,Manipal Hospital,13,1,Bengaluru,Rejected,0
456665.17,Vehicle,Fortis Hospital,9,1,Nagpur,Approved,0
97341.32,Fire,AIIMS,1,0,Nashik,Rejected,0
446790.93,Accident,KEM Hospital,0,1,Pune,Rejected,0
449094.35,Theft,Apollo Hospital,9,1,Nagpur,Pending,1
120340.95,Medical,Ruby Hall Clinic,17,0,Hyderabad,Approved,0
462162.24,Fire,KEM Hospital,0,0,Delhi,Rejected,0
382470.7,Accident,Manipal Hospital,0,0,Mumbai,Pending,1
506132.28,Fire,Apollo Hospital,0,1,Bengaluru,Approved,0
78141.96,Vehicle,Max Hospital,4,0,Pune,Approved,0
343190.51,Vehicle,Ruby Hall Clinic,20,0,Chennai,Rejected,1
580930.62,Theft,AIIMS,13,1,Hyderabad,Approved,1
319074.7,Medical,AIIMS,13,1,Raipur,Approved,1
37823.35,Medical,Manipal Hospital,7,1,Pune,Rejected,0
413884.2,Accident,Max Hospital,13,1,Nagpur,Rejected,0
590316.81,Accident,Apollo Hospital,9,1,Hyderabad,Pending,0
273040.89,Accident,AIIMS,12,1,Delhi,Approved,0
93947.28,Medical,KEM Hospital,4,0,Nagpur,Approved,0
575496.81,Vehicle,Apollo Hospital,12,1,Delhi,Approved,1
561063.83,Accident,Ruby Hall Clinic,3,1,Raipur,Approved,0
519602.76,Fire,KEM Hospital,6,1,Chennai,Rejected,0
89919.05,Accident,Fortis Hospital,11,1,Delhi,Pending,0
552583.03,Medical,Ruby Hall Clinic,7,0,Hyderabad,Pending,0
272768.38,Fire,Ruby Hall Clinic,19,0,Bengaluru,Approved,0
230980.39,Vehicle,Max Hospital,3,1,Pune,Approved,0
490088.33,Vehicle,Max Hospital,7,1,Mumbai,Approved,0
39704.63,Accident,Manipal Hospital,17,1,Chennai,Approved,0
141992.1,Theft,AIIMS,16,1,Hyderabad,Approved,0
55727.2,Medical,Fortis Hospital,9,0,Pune,Approved,0
307931.21,Theft,KEM Hospital,9,1,Mumbai,Approved,0
369792.24,Theft,Max Hospital,19,1,Nashik,Approved,1
170669.05,Accident,Max Hospital,14,1,Nashik,Approved,0
70017.49,Theft,AIIMS,3,1,Bengaluru,Approved,0
475591.78,Medical,AIIMS,17,1,Mumbai,Approved,0
468221.46,Fire,Max Hospital,19,1,Mumbai,Pending,1
200659.83,Medical,Apollo Hospital,16,0,Nashik,Pending,1
152479.11,Fire,Ruby Hall Clinic,19,1,Bengaluru,Rejected,0
271776.88,Accident,KEM Hospital,0,1,Pune,Rejected,0
492954.58,Fire,Max Hospital,20,1,Chennai,Approved,0
350118.32,Medical,AIIMS,7,0,Nashik,Approved,0
371119.59,Medical,KEM Hospital,8,1,Raipur,Approved,0
59512.83,Vehicle,AIIMS,8,1,Nashik,Approved,0
105886.74,Medical,Fortis Hospital,20,0,Hyderabad,Approved,0
533469.05,Fire,KEM Hospital,7,1,Mumbai,Approved,0
475630.32,Vehicle,Ruby Hall Clinic,12,1,Chennai,Approved,1
418939.08,Vehicle,AIIMS,6,1,Pune,Approved,0
453412.91,Accident,Ruby Hall Clinic,7,1,Nashik,Approved,0
37171.28,Accident,Ruby Hall Clinic,5,1,Delhi,Pending,0
564394.54,Fire,Max Hospital,7,0,Pune,Approved,0
300676.04,Medical,AIIMS,3,0,Chennai,Approved,0
277380.25,Medical,Max Hospital,0,1,Nagpur,Approved,0
502951.73,Vehicle,KEM Hospital,18,0,Chennai,Rejected,1
539743.21,Accident,Apollo Hospital,17,0,Delhi,Approved,1
559067.11,Accident,AIIMS,6,1,Nashik,Approved,0
324679.71,Fire,AIIMS,4,1,Bengaluru,Pending,1
48784.37,Fire,AIIMS,12,0,Chennai,Pending,1
144127.44,Theft,Manipal Hospital,12,1,Delhi,Rejected,0
232046.05,Theft,Fortis Hospital,19,1,Delhi,Approved,0
287133.36,Vehicle,AIIMS,7,1,Bengaluru,Rejected,0
590261.66,Accident,Manipal Hospital,3,1,Hyderabad,Approved,0
288033.04,Theft,KEM Hospital,0,1,Hyderabad,Approved,0
38659.12,Vehicle,Fortis Hospital,7,1,Pune,Pending,0
444227.69,Medical,Max Hospital,12,1,Pune,Approved,1
558656.89,Fire,Manipal Hospital,11,1,Chennai,Rejected,1
443528.43,Accident,Apollo Hospital,9,1,Nagpur,Approved,0
98382.76,Accident,KEM Hospital,10,1,Nashik,Approved,0
536288.97,Fire,Apollo Hospital,3,1,Pune,Rejected,0
298336.83,Vehicle,AIIMS,5,1,Raipur,Pending,0
585177.42,Theft,Ruby Hall Clinic,18,1,Chennai,Pending,1
112821.24,Fire,Ruby Hall Clinic,4,1,Nashik,Pending,0
108135.72,Medical,Apollo Hospital,16,1,Nashik,Approved,0
421990.48,Vehicle,Ruby Hall Clinic,4,1,Bengaluru,Approved,0
250149.68,Fire,Fortis Hospital,16,1,Chennai,Approved,0
560679.34,Theft,AIIMS,20,1,Delhi,Approved,1
500452.16,Vehicle,AIIMS,10,1,Nashik,Approved,0
49906.9,Accident,KEM Hospital,16,1,Delhi,Approved,0
534131.33,Accident,Ruby Hall Clinic,5,1,Bengaluru,Approved,0
256209.41,Fire,Max Hospital,1,1,Nagpur,Approved,0
71049.98,Fire,Fortis Hospital,13,0,Hyderabad,Pending,0
235967.56,Fire,Ruby Hall Clinic,20,0,Raipur,Approved,0
185058.02,Theft,Manipal Hospital,18,1,Pune,Pending,1
52310.82,Theft,Fortis Hospital,10,1,Hyderabad,Approved,0
523481.47,Medical,Fortis Hospital,9,0,Delhi,Approved,0
272236.72,Vehicle,Manipal Hospital,20,1,Nashik,Rejected,0
347115.68,Fire,KEM Hospital,15,1,Nashik,Pending,1
161552.8,Medical,Fortis Hospital,5,0,Chennai,Approved,0
109714.67,Medical,Max Hospital,2,0,Nagpur,Approved,0
534509.5,Accident,Apollo Hospital,20,1,Nagpur,Pending,1
185229.27,Medical,Manipal Hospital,13,1,Pune,Rejected,0
310825.9,Theft,Ruby Hall Clinic,17,1,Raipur,Approved,0
105165.28,Theft,Ruby Hall Clinic,8,1,Raipur,Pending,0
122998.95,Accident,KEM Hospital,16,1,Nashik,Approved,0
281443.17,Vehicle,Apollo Hospital,11,1,Raipur,Approved,0
310803.39,Medical,Ruby Hall Clinic,12,0,Nagpur,Pending,1
141511.13,Accident,Manipal Hospital,3,1,Bengaluru,Pending,0
272653.36,Medical,Apollo Hospital,13,0,Pune,Approved,0
548472.22,Medical,Apollo Hospital,3,0,Mumbai,Pending,0
510556.31,Vehicle,AIIMS,18,1,Mumbai,Approved,1
430559.72,Fire,Max Hospital,12,0,Bengaluru,Pending,1
490069.2,Theft,Manipal Hospital,6,1,Raipur,Pending,1
585728.01,Vehicle,Max Hospital,14,1,Delhi,Approved,0
101477.53,Medical,Ruby Hall Clinic,14,0,Chennai,Pending,1
160356.62,Theft,Manipal Hospital,11,1,Pune,Approved,0
496894.74,Theft,Manipal Hospital,5,1,Hyderabad,Rejected,0
237159.6,Theft,Apollo Hospital,20,1,Mumbai,Approved,0
563572.69,Vehicle,Apollo Hospital,5,1,Mumbai,Pending,0
50236.14,Medical,KEM Hospital,17,1,Raipur,Approved,0
353090.02,Fire,Apollo Hospital,3,1,Bengaluru,Pending,0
198716.34,Accident,Apollo Hospital,19,1,Nagpur,Approved,0
411679.33,Vehicle,Max Hospital,6,1,Chennai,Approved,0
487709.18,Medical,AIIMS,14,0,Nashik,Approved,1
569364.78,Vehicle,KEM Hospital,5,1,Nagpur,Pending,1
435829.61,Fire,Fortis Hospital,2,0,Nashik,Approved,0
5257.21,Medical,Max Hospital,9,0,Nashik,Approved,0
361474.1,Medical,Manipal Hospital,10,0,Pune,Approved,0
349392.55,Theft,Fortis Hospital,0,1,Chennai,Approved,0
97464.06,Accident,Max Hospital,0,1,Hyderabad,Pending,0
103901.82,Vehicle,Manipal Hospital,2,1,Pune,Approved,0
68274.12,Theft,AIIMS,4,0,Pune,Pending,1
341512.76,Fire,Fortis Hospital,15,0,Pune,Approved,1
201957.62,Fire,Apollo Hospital,4,0,Hyderabad,Pending,0
120580.66,Vehicle,KEM Hospital,17,1,Hyderabad,Approved,0
385232.81,Fire,Manipal Hospital,11,0,Delhi,Approved,1
410045.87,Vehicle,Max Hospital,5,1,Nashik,Approved,0
69241.99,Vehicle,Fortis Hospital,18,1,Pune,Pending,1
351965.83,Vehicle,Max Hospital,2,1,Mumbai,Approved,0
290570.63,Accident,Ruby Hall Clinic,12,0,Bengaluru,Pending,1
66110.99,Medical,AIIMS,18,0,Hyderabad,Approved,0
585943.48,Theft,Max Hospital,5,1,Pune,Pending,1
492746.61,Accident,Max Hospital,3,1,Raipur,Approved,0
219122.02,Theft,Fortis Hospital,7,1,Pune,Approved,0
198727.79,Theft,Ruby Hall Clinic,17,1,Nashik,Approved,0
178307.96,Fire,Max Hospital,7,0,Bengaluru,Approved,0
446824.21,Theft,Manipal Hospital,7,1,Chennai,Approved,0
153050.17,Accident,KEM Hospital,13,1,Mumbai,Approved,0
355874.11,Accident,Ruby Hall Clinic,18,1,Delhi,Rejected,0
500408.73,Fire,Ruby Hall Clinic,6,0,Delhi,Approved,0
342344.91,Medical,Max Hospital,5,1,Pune,Approved,0
397706.48,Fire,AIIMS,13,0,Chennai,Approved,1
482891.08,Fire,KEM Hospital,2,1,Nashik,Approved,0
244679.05,Vehicle,Apollo Hospital,9,1,Nagpur,Approved,0
529224.99,Fire,KEM Hospital,1,1,Nagpur,Approved,0
305002.12,Vehicle,Ruby Hall Clinic,1,1,Hyderabad,Approved,0
144159.33,Medical,Ruby Hall Clinic,17,1,Mumbai,Pending,1
502148.95,Accident,KEM Hospital,5,1,Mumbai,Approved,0
46326.81,Medical,Manipal Hospital,14,0,Nagpur,Approved,0
302562.12,Fire,Apollo Hospital,14,0,Raipur,Approved,1
523707.85,Medical,Apollo Hospital,11,0,Nashik,Pending,1
110024.01,Medical,Fortis Hospital,6,0,Chennai,Pending,0
372678.16,Medical,Manipal Hospital,4,0,Nashik,Approved,0
480360.05,Medical,KEM Hospital,4,0,Mumbai,Rejected,0
419127.65,Theft,KEM Hospital,17,1,Bengaluru,Approved,1
430124.49,Theft,Apollo Hospital,2,1,Chennai,Pending,1
197859.16,Accident,Ruby Hall Clinic,20,1,Raipur,Approved,0
392675.85,Accident,AIIMS,0,1,Nashik,Approved,0
33178.37,Medical,Apollo Hospital,4,1,Chennai,Rejected,0
106576.13,Medical,Ruby Hall Clinic,11,0,Hyderabad,Pending,1
234131.75,Fire,Apollo Hospital,12,0,Nagpur,Approved,0
231897.88,Medical,Ruby Hall Clinic,18,1,Nashik,Approved,0
426229.46,Accident,Fortis Hospital,14,1,Bengaluru,Approved,0
125304.75,Fire,Apollo Hospital,16,1,Bengaluru,Approved,0
307519.69,Accident,Max Hospital,11,1,Bengaluru,Rejected,1
505925.36,Fire,Ruby Hall Clinic,13,0,Delhi,Pending,1
410623.4,Medical,Manipal Hospital,7,1,Nashik,Pending,1
17256.33,Accident,Max Hospital,1,1,Delhi,Pending,0
557641.7,Vehicle,Manipal Hospital,14,1,Pune,Approved,0
148996.81,Medical,KEM Hospital,8,0,Nashik,Approved,0
157227.42,Theft,KEM Hospital,9,0,Bengaluru,Approved,0
378951.1,Fire,KEM Hospital,13,0,Bengaluru,Approved,0
41740.98,Accident,Fortis Hospital,9,1,Pune,Approved,0
172079.02,Medical,Ruby Hall Clinic,17,0,Delhi,Approved,0
175558.04,Vehicle,Manipal Hospital,20,1,Nashik,Approved,0
81571.53,Theft,Manipal Hospital,13,0,Chennai,Approved,1
253940.3,Theft,Manipal Hospital,11,1,Nashik,Pending,0
496947.81,Fire,Ruby Hall Clinic,16,0,Hyderabad,Pending,1
125914.48,Theft,Fortis Hospital,19,1,Chennai,Approved,0
465735.26,Accident,Fortis Hospital,0,1,Raipur,Pending,1
373949.97,Theft,Max Hospital,14,1,Nashik,Pending,1
243878.97,Vehicle,Apollo Hospital,8,1,Pune,Pending,0
362986.73,Fire,KEM Hospital,13,0,Pune,Approved,0
78797.6,Theft,Apollo Hospital,9,1,Hyderabad,Approved,0
461117.68,Theft,Manipal Hospital,20,0,Raipur,Approved,1
190781.49,Medical,Manipal Hospital,16,1,Nashik,Approved,0
312763.37,Fire,Manipal Hospital,11,0,Mumbai,Approved,0
391132.18,Fire,Manipal Hospital,11,1,Bengaluru,Approved,1
226861.74,Vehicle,Fortis Hospital,20,1,Bengaluru,Approved,0
335756.06,Medical,Ruby Hall Clinic,19,0,Mumbai,Pending,1
18995.23,Vehicle,Manipal Hospital,12,1,Raipur,Pending,1
528632.17,Theft,Manipal Hospital,18,1,Pune,Pending,1
291964.92,Accident,Apollo Hospital,2,1,Pune,Approved,0
285371.99,Fire,Apollo Hospital,9,1,Delhi,Approved,0
314916.39,Accident,AIIMS,2,1,Pune,Pending,1
149762.82,Medical,AIIMS,0,1,Chennai,Approved,0
176456.5,Accident,Max Hospital,7,1,Raipur,Approved,0
468126.14,Theft,KEM Hospital,15,1,Nagpur,Rejected,1
585850.08,Theft,AIIMS,2,1,Delhi,Approved,0
307535.67,Accident,Manipal Hospital,5,1,Mumbai,Approved,0
163692.05,Theft,Apollo Hospital,6,0,Bengaluru,Approved,0
54150.29,Accident,Apollo Hospital,7,1,Mumbai,Approved,0
162528.84,Accident,Manipal Hospital,10,1,Mumbai,Approved,0
153686.88,Theft,Max Hospital,20,1,Hyderabad,Approved,0
7236.76,Vehicle,Apollo Hospital,9,1,Bengaluru,Pending,0
550654.28,Fire,Fortis Hospital,8,0,Raipur,Approved,0
65752.67,Medical,Manipal Hospital,0,1,Bengaluru,Approved,0
242739.88,Vehicle,KEM Hospital,16,1,Bengaluru,Approved,0
40496.84,Vehicle,Ruby Hall Clinic,12,1,Hyderabad,Approved,0
84194.48,Accident,Max Hospital,17,0,Hyderabad,Approved,1
417913.14,Theft,AIIMS,14,0,Nashik,Approved,1
179410.29,Accident,Manipal Hospital,13,1,Delhi,Pending,0
67445.21,Accident,Max Hospital,18,1,Raipur,Approved,0
396890.61,Medical,Manipal Hospital,5,0,Delhi,Pending,0
76433.97,Medical,Max Hospital,8,0,Hyderabad,Approved,0
509228.99,Vehicle,Manipal Hospital,5,1,Pune,Approved,0
286095.31,Accident,Ruby Hall Clinic,5,1,Nashik,Approved,0
181693.38,Vehicle,Apollo Hospital,5,1,Chennai,Pending,0
24732.42,Medical,KEM Hospital,7,1,Bengaluru,Approved,0
572522.69,Vehicle,Max Hospital,17,1,Pune,Approved,0
56463.17,Medical,AIIMS,6,0,Raipur,Approved,0
504613.14,Medical,KEM Hospital,6,0,Nagpur,Approved,0
119916.26,Theft,Apollo Hospital,14,0,Pune,Approved,1
424034.33,Accident,AIIMS,17,0,Hyderabad,Rejected,1
444278.67,Fire,Manipal Hospital,1,1,Hyderabad,Rejected,0
203139.16,Accident,Manipal Hospital,6,1,Delhi,Approved,0
270960.1,Accident,Fortis Hospital,1,1,Mumbai,Rejected,0
521452.56,Theft,Manipal Hospital,5,1,Chennai,Approved,0
520597.85,Theft,KEM Hospital,0,1,Mumbai,Approved,0
528946.26,Fire,Ruby Hall Clinic,20,1,Bengaluru,Approved,1
206440.33,Vehicle,Max Hospital,13,1,Pune,Approved,0
182681.67,Theft,Fortis Hospital,12,0,Chennai,Rejected,1
358764.47,Vehicle,KEM Hospital,15,1,Chennai,Approved,0
523006.35,Medical,AIIMS,4,1,Nashik,Pending,1
461736.81,Medical,KEM Hospital,15,1,Bengaluru,Approved,1
115270.37,Vehicle,Apollo Hospital,14,1,Bengaluru,Pending,0
172088.92,Theft,Max Hospital,4,1,Nashik,Approved,0
98409.22,Vehicle,AIIMS,4,1,Pune,Approved,0
520500.39,Theft,Max Hospital,16,1,Chennai,Approved,0
402082.96,Vehicle,AIIMS,6,1,Hyderabad,Approved,0
536289.27,Accident,AIIMS,20,1,Delhi,Approved,0
420141.91,Medical,Apollo Hospital,1,0,Mumbai,Rejected,0
233390.21,Fire,Apollo Hospital,9,0,Raipur,Approved,0
452454.91,Theft,Apollo Hospital,3,1,Nagpur,Approved,0
191579.45,Medical,Fortis Hospital,10,1,Bengaluru,Pending,0
23254.22,Accident,Manipal Hospital,15,1,Raipur,Approved,0
202732.34,Theft,Ruby Hall Clinic,2,1,Hyderabad,Pending,0
70771.63,Vehicle,Apollo Hospital,3,1,Hyderabad,Rejected,0
473284.16,Accident,AIIMS,6,1,Delhi,Approved,0
206824.93,Fire,AIIMS,15,0,Delhi,Rejected,0
488847.32,Theft,Manipal Hospital,0,1,Nagpur,Approved,0
147480.77,Fire,KEM Hospital,7,1,Bengaluru,Approved,0
298173.91,Vehicle,Fortis Hospital,7,1,Raipur,Pending,0
203769.51,Medical,Ruby Hall Clinic,0,1,Raipur,Rejected,0
60515.75,Theft,Max Hospital,10,1,Raipur,Pending,0
256660.24,Fire,AIIMS,0,0,Chennai,Pending,0
263553.61,Accident,Ruby Hall Clinic,18,1,Delhi,Approved,0
492307.66,Theft,Fortis Hospital,17,1,Raipur,Approved,0
36261.91,Theft,Max Hospital,4,1,Hyderabad,Approved,0
274246.64,Vehicle,Ruby Hall Clinic,14,1,Chennai,Pending,0
517488.84,Accident,Ruby Hall Clinic,7,1,Bengaluru,Approved,0
523042.23,Vehicle,Ruby Hall Clinic,3,1,Mumbai,Approved,0
302875.3,Theft,Ruby Hall Clinic,18,1,Pune,Approved,0
559062.13,Fire,Manipal Hospital,0,0,Pune,Approved,0
445247.88,Fire,Fortis Hospital,7,0,Chennai,Pending,1
364095.03,Medical,Max Hospital,13,1,Nashik,Pending,1
102377.39,Medical,Max Hospital,10,0,Chennai,Approved,0
69570.28,Fire,Max Hospital,1,0,Nagpur,Pending,0
26862.55,Accident,AIIMS,15,0,Raipur,Approved,1
374422.17,Accident,Manipal Hospital,7,0,Nagpur,Rejected,1
264766.01,Accident,Fortis Hospital,18,1,Hyderabad,Rejected,0
198393.69,Theft,KEM Hospital,12,1,Raipur,Approved,0
362276.02,Medical,Max Hospital,8,0,Chennai,Approved,0
512820.35,Accident,Max Hospital,18,1,Nashik,Approved,0
298813.53,Vehicle,Fortis Hospital,10,1,Mumbai,Approved,0
444702.94,Fire,KEM Hospital,16,1,Bengaluru,Approved,1
272052.8,Theft,KEM Hospital,20,1,Bengaluru,Approved,0
157791.43,Medical,Fortis Hospital,15,0,Delhi,Pending,1
248098.39,Fire,KEM Hospital,14,0,Chennai,Pending,1
181879.97,Theft,Fortis Hospital,12,1,Chennai,Approved,0
151548.07,Vehicle,Apollo Hospital,8,0,Nashik,Approved,0
564546.96,Medical,Apollo Hospital,13,1,Nashik,Approved,0
394455.27,Vehicle,KEM Hospital,8,1,Hyderabad,Rejected,0
199485.05,Fire,Fortis Hospital,17,1,Nashik,Approved,0
508474.8,Fire,Max Hospital,4,0,Nagpur,Approved,0
596830.05,Accident,AIIMS,2,0,Pune,Approved,1
527158.43,Medical,AIIMS,1,1,Bengaluru,Approved,0
435052.32,Vehicle,Max Hospital,3,0,Delhi,Approved,0
520690.05,Vehicle,Fortis Hospital,3,1,Raipur,Approved,0
114324.08,Vehicle,KEM Hospital,16,1,Raipur,Rejected,0
462095.64,Medical,Manipal Hospital,0,1,Bengaluru,Rejected,0
312945.09,Accident,AIIMS,17,0,Pune,Approved,1
288765.58,Vehicle,KEM Hospital,0,1,Delhi,Approved,0
243279.06,Theft,Manipal Hospital,4,1,Raipur,Rejected,0
92904.69,Fire,Fortis Hospital,4,0,Nagpur,Rejected,0
11453.89,Vehicle,Apollo Hospital,16,1,Delhi,Approved,0
311300.23,Fire,AIIMS,15,1,Chennai,Approved,1
201505.46,Accident,KEM Hospital,20,1,Chennai,Pending,1
405891.94,Fire,Fortis Hospital,6,1,Mumbai,Rejected,0
231868.83,Vehicle,Apollo Hospital,9,1,Raipur,Approved,0
460380.22,Accident,Fortis Hospital,16,1,Nagpur,Pending,1
381415.96,Medical,Ruby Hall Clinic,15,0,Hyderabad,Approved,1
395435.46,Vehicle,Apollo Hospital,20,1,Pune,Pending,1
171866.69,Theft,Fortis Hospital,13,1,Raipur,Approved,0
496544.77,Fire,KEM Hospital,17,1,Chennai,Pending,1
238651.0,Medical,Manipal Hospital,20,0,Delhi,Approved,0
231432.87,Accident,Fortis Hospital,18,1,Raipur,Pending,0
439305.16,Medical,Fortis Hospital,6,1,Nashik,Approved,0
554164.81,Vehicle,Fortis Hospital,9,1,Bengaluru,Approved,0
477899.12,Accident,Max Hospital,11,1,Chennai,Approved,0
455445.14,Fire,Max Hospital,2,1,Nashik,Pending,0
510197.48,Accident,Apollo Hospital,15,1,Mumbai,Approved,0
135335.48,Medical,AIIMS,7,1,Mumbai,Approved,0
568236.85,Theft,Ruby Hall Clinic,17,1,Nagpur,Approved,1
517703.91,Fire,Manipal Hospital,19,1,Pune,Approved,0
107216.48,Vehicle,Manipal Hospital,3,1,Nagpur,Pending,0
505385.83,Accident,Fortis Hospital,4,1,Nagpur,Approved,0
151390.4,Theft,AIIMS,19,1,Mumbai,Approved,0
115370.26,Fire,Apollo Hospital,6,1,Nashik,Approved,0
547121.8,Vehicle,Fortis Hospital,1,1,Raipur,Approved,0
328024.72,Theft,Apollo Hospital,15,1,Bengaluru,Approved,1
146192.28,Accident,Fortis Hospital,10,1,Nagpur,Approved,0
10044.32,Medical,Manipal Hospital,14,0,Pune,Approved,0
437414.73,Vehicle,KEM Hospital,15,1,Raipur,Approved,0
547142.95,Theft,Fortis Hospital,1,1,Bengaluru,Approved,0
189645.22,Vehicle,Manipal Hospital,10,1,Mumbai,Rejected,0
281963.85,Medical,Apollo Hospital,13,1,Bengaluru,Approved,0
378223.13,Medical,Ruby Hall Clinic,7,1,Nagpur,Pending,0
212979.34,Vehicle,AIIMS,8,0,Delhi,Approved,0
19041.15,Vehicle,Apollo Hospital,10,1,Hyderabad,Approved,0
399780.07,Accident,AIIMS,4,1,Chennai,Rejected,0
316871.17,Theft,AIIMS,2,1,Hyderabad,Rejected,0
494904.77,Vehicle,Fortis Hospital,9,1,Pune,Pending,1
172756.55,Fire,Manipal Hospital,2,0,Raipur,Approved,0
539322.79,Vehicle,Manipal Hospital,15,1,Raipur,Approved,1
523470.29,Vehicle,Apollo Hospital,7,1,Hyderabad,Pending,0
32948.67,Theft,Ruby Hall Clinic,0,1,Raipur,Rejected,0
281541.09,Accident,Apollo Hospital,14,1,Pune,Approved,0
315431.64,Accident,KEM Hospital,17,1,Raipur,Approved,1
475106.76,Theft,Apollo Hospital,11,1,Nagpur,Pending,1
202969.44,Medical,Apollo Hospital,3,1,Raipur,Approved,0
518042.17,Accident,Fortis Hospital,11,0,Chennai,Approved,1
334018.86,Accident,Max Hospital,20,1,Chennai,Rejected,0
296872.62,Medical,Manipal Hospital,4,0,Chennai,Approved,0
171753.41,Medical,Manipal Hospital,11,0,Raipur,Approved,0
481692.27,Fire,Fortis Hospital,20,1,Bengaluru,Approved,0
275281.15,Accident,Ruby Hall Clinic,14,1,Mumbai,Approved,0
201702.88,Medical,Max Hospital,14,1,Delhi,Approved,0
509173.42,Medical,Manipal Hospital,9,0,Mumbai,Rejected,0
110983.89,Vehicle,KEM Hospital,2,1,Bengaluru,Approved,0
149311.3,Vehicle,Fortis Hospital,4,1,Pune,Approved,0
424375.95,Accident,Max Hospital,6,1,Raipur,Approved,0
528603.79,Accident,KEM Hospital,6,1,Nagpur,Rejected,0
502786.37,Vehicle,Ruby Hall Clinic,16,1,Hyderabad,Approved,1
497596.45,Vehicle,Ruby Hall Clinic,4,0,Raipur,Approved,0
514994.45,Theft,AIIMS,18,1,Raipur,Pending,1
534162.13,Theft,AIIMS,11,1,Bengaluru,Rejected,0
551586.65,Accident,AIIMS,18,1,Mumbai,Approved,1
461508.7,Vehicle,Apollo Hospital,15,1,Bengaluru,Pending,1
215736.5,Vehicle,KEM Hospital,0,1,Delhi,Approved,0
226182.41,Fire,Manipal Hospital,7,1,Nagpur,Approved,0
282372.42,Medical,AIIMS,20,1,Delhi,Approved,0
230487.79,Vehicle,Fortis Hospital,19,1,Pune,Approved,0
591699.2,Vehicle,Apollo Hospital,7,1,Nagpur,Rejected,0
515129.48,Accident,Manipal Hospital,14,0,Delhi,Pending,1
27137.74,Fire,KEM Hospital,11,0,Mumbai,Approved,0
25003.1,Vehicle,Apollo Hospital,17,1,Nashik,Approved,0
144261.47,Vehicle,AIIMS,4,1,Mumbai,Pending,0
515715.87,Medical,Apollo Hospital,20,0,Pune,Approved,0
66538.2,Theft,Max Hospital,15,1,Nashik,Approved,0
70245.12,Medical,AIIMS,2,1,Nashik,Approved,0
211072.38,Accident,Fortis Hospital,7,1,Nashik,Approved,0
547786.02,Vehicle,Fortis Hospital,16,1,Mumbai,Pending,1
470499.3,Accident,Manipal Hospital,17,1,Raipur,Rejected,1
102749.51,Vehicle,Apollo Hospital,20,1,Nagpur,Approved,0
212589.51,Fire,Apollo Hospital,13,0,Hyderabad,Approved,0
315317.15,Theft,Fortis Hospital,19,1,Delhi,Approved,0
160810.01,Theft,Fortis Hospital,1,1,Nagpur,Pending,0
294546.34,Fire,Apollo Hospital,8,0,Nagpur,Pending,0
353764.77,Theft,Max Hospital,3,1,Hyderabad,Approved,0
35518.77,Medical,AIIMS,8,0,Chennai,Rejected,0
434560.08,Medical,Max Hospital,18,1,Pune,Approved,0
66465.72,Accident,Manipal Hospital,3,1,Mumbai,Approved,0
404853.08,Accident,KEM Hospital,17,1,Bengaluru,Approved,1
530168.79,Vehicle,Fortis Hospital,19,1,Mumbai,Approved,0
519664.48,Fire,Ruby Hall Clinic,6,1,Delhi,Approved,0
462788.67,Medical,Apollo Hospital,7,0,Pune,Pending,0
248692.8,Accident,Manipal Hospital,12,1,Nashik,Approved,0
39121.08,Accident,KEM Hospital,4,1,Pune,Rejected,0
456470.95,Theft,Apollo Hospital,4,1,Nagpur,Pending,1
359625.23,Theft,KEM Hospital,0,1,Nashik,Approved,0
239691.38,Accident,KEM Hospital,11,1,Nagpur,Approved,0
437230.08,Vehicle,Manipal Hospital,14,1,Mumbai,Rejected,0
359255.96,Vehicle,Manipal Hospital,12,1,Bengaluru,Pending,1
361303.11,Fire,AIIMS,1,0,Nagpur,Approved,0
372845.77,Fire,Apollo Hospital,2,1,Nashik,Pending,0
114159.84,Accident,Max Hospital,2,1,Bengaluru,Approved,0
405924.19,Vehicle,Fortis Hospital,0,1,Pune,Pending,1
542972.96,Medical,Ruby Hall Clinic,18,1,Nagpur,Approved,1
307389.99,Theft,AIIMS,1,1,Bengaluru,Approved,0
275076.6,Medical,Max Hospital,6,0,Chennai,Approved,0
263000.61,Theft,KEM Hospital,13,1,Hyderabad,Pending,1
579152.96,Fire,KEM Hospital,18,0,Raipur,Pending,1
221691.52,Theft,KEM Hospital,17,1,Bengaluru,Approved,0
26647.56,Medical,KEM Hospital,17,0,Nashik,Approved,0
462751.88,Medical,AIIMS,14,1,Raipur,Approved,0
75678.42,Fire,Manipal Hospital,3,0,Delhi,Approved,0
509615.92,Medical,Max Hospital,5,0,Hyderabad,Rejected,0
146479.77,Vehicle,Max Hospital,3,1,Raipur,Approved,0
183792.3,Fire,Ruby Hall Clinic,10,1,Nashik,Approved,0
271086.46,Accident,Apollo Hospital,17,1,Nashik,Rejected,0
511084.66,Theft,Max Hospital,0,1,Raipur,Approved,0
595254.96,Vehicle,Apollo Hospital,2,1,Raipur,Approved,0
424572.27,Fire,Max Hospital,4,0,Delhi,Rejected,0
150063.18,Accident,Max Hospital,17,1,Bengaluru,Pending,0
358522.25,Theft,Apollo Hospital,13,1,Mumbai,Rejected,1
79833.21,Accident,Apollo Hospital,10,1,Mumbai,Approved,0
492043.77,Vehicle,Apollo Hospital,6,1,Nashik,Approved,0
457331.05,Medical,Fortis Hospital,7,1,Nashik,Approved,0
64780.98,Medical,Manipal Hospital,10,1,Nashik,Approved,0
428533.45,Medical,Ruby Hall Clinic,15,0,Mumbai,Approved,1
128335.38,Fire,Max Hospital,10,1,Raipur,Rejected,0
488434.49,Vehicle,Apollo Hospital,12,1,Delhi,Pending,1
573771.89,Fire,Ruby Hall Clinic,19,0,Mumbai,Pending,1
296887.92,Medical,Manipal Hospital,17,0,Chennai,Approved,0
239593.59,Fire,Manipal Hospital,14,1,Mumbai,Approved,0
275345.04,Vehicle,Apollo Hospital,20,1,Hyderabad,Approved,0
136405.2,Theft,Apollo Hospital,6,0,Nagpur,Approved,0
486407.24,Fire,Apollo Hospital,0,0,Bengaluru,Approved,0
380434.76,Vehicle,Ruby Hall Clinic,14,1,Bengaluru,Rejected,1
554040.77,Fire,Fortis Hospital,8,1,Nashik,Approved,0
157074.23,Accident,Apollo Hospital,11,1,Nagpur,Approved,0
545413.93,Theft,Fortis Hospital,19,1,Nagpur,Approved,1
374668.09,Accident,Apollo Hospital,10,1,Mumbai,Rejected,0
8743.12,Theft,KEM Hospital,9,1,Pune,Approved,0
176684.37,Fire,KEM Hospital,10,1,Nagpur,Approved,0
197395.3,Accident,Manipal Hospital,14,1,Nagpur,Rejected,0
53938.07,Fire,AIIMS,13,0,Delhi,Pending,1
158403.96,Fire,KEM Hospital,17,1,Bengaluru,Pending,0
327006.52,Accident,Ruby Hall Clinic,14,1,Hyderabad,Approved,0
168085.71,Theft,Apollo Hospital,11,1,Bengaluru,Approved,0
162776.68,Theft,Max Hospital,6,1,Hyderabad,Rejected,0
259365.56,Vehicle,Fortis Hospital,9,1,Hyderabad,Pending,0
596356.67,Medical,Fortis Hospital,18,1,Chennai,Pending,1
344308.52,Accident,Ruby Hall Clinic,9,1,Nashik,Approved,0
497140.78,Theft,Fortis Hospital,0,1,Nashik,Approved,0
246523.97,Medical,Max Hospital,11,1,Nashik,Approved,0
59590.43,Fire,AIIMS,10,1,Delhi,Approved,0
157452.39,Medical,KEM Hospital,0,1,Delhi,Rejected,0
5483.73,Medical,Ruby Hall Clinic,17,0,Hyderabad,Approved,0
244042.4,Accident,AIIMS,2,1,Raipur,Approved,0
207232.21,Fire,KEM Hospital,16,0,Nashik,Approved,0
485050.38,Vehicle,KEM Hospital,16,1,Mumbai,Approved,1
573410.37,Medical,Apollo Hospital,16,0,Mumbai,Pending,1
355228.21,Vehicle,Max Hospital,7,1,Nashik,Approved,0
510236.69,Accident,AIIMS,4,1,Hyderabad,Approved,0
510726.48,Accident,Fortis Hospital,6,1,Bengaluru,Pending,1
370151.38,Vehicle,Manipal Hospital,10,0,Pune,Approved,0
209611.85,Medical,Fortis Hospital,1,1,Chennai,Approved,0
126307.08,Fire,AIIMS,19,1,Nagpur,Approved,0
186287.21,Medical,Max Hospital,7,0,Pune,Approved,0
415821.29,Vehicle,Apollo Hospital,1,1,Raipur,Approved,0
187145.71,Vehicle,Manipal Hospital,4,1,Nagpur,Approved,0
92500.2,Medical,Apollo Hospital,9,1,Nashik,Approved,0
282503.61,Vehicle,Manipal Hospital,19,1,Delhi,Pending,0
56347.67,Fire,Fortis Hospital,5,1,Raipur,Pending,0
23689.66,Fire,KEM Hospital,2,0,Raipur,Pending,0
509293.37,Accident,Max Hospital,17,1,Nagpur,Approved,1
203188.89,Fire,AIIMS,19,0,Mumbai,Pending,1
275041.04,Medical,Manipal Hospital,2,0,Bengaluru,Approved,0
174249.84,Fire,KEM Hospital,14,0,Nashik,Approved,0
455773.84,Vehicle,Max Hospital,11,1,Pune,Approved,1
330344.58,Accident,Apollo Hospital,7,1,Delhi,Approved,0
557211.99,Fire,Ruby Hall Clinic,2,1,Mumbai,Rejected,0
445277.65,Fire,Apollo Hospital,20,0,Bengaluru,Approved,1
192745.12,Vehicle,Manipal Hospital,6,1,Hyderabad,Approved,0
294303.21,Vehicle,Fortis Hospital,16,1,Nashik,Approved,0
88657.47,Medical,Max Hospital,12,0,Delhi,Rejected,0
305189.92,Medical,AIIMS,11,1,Nashik,Approved,1
335589.59,Theft,KEM Hospital,19,1,Bengaluru,Pending,1
245693.81,Theft,KEM Hospital,11,1,Nagpur,Pending,0
212725.93,Accident,Fortis Hospital,6,1,Raipur,Approved,0
188027.84,Theft,Max Hospital,2,0,Chennai,Approved,0
44888.98,Accident,Manipal Hospital,8,1,Nagpur,Approved,0
275368.83,Accident,Max Hospital,2,1,Delhi,Rejected,0
348471.8,Accident,Max Hospital,9,1,Raipur,Pending,1
497458.26,Fire,Ruby Hall Clinic,2,0,Hyderabad,Pending,1
317775.16,Medical,AIIMS,14,0,Chennai,Pending,1
40828.36,Theft,AIIMS,10,1,Chennai,Approved,0
586600.38,Vehicle,Manipal Hospital,0,1,Mumbai,Approved,0
387357.72,Theft,Ruby Hall Clinic,5,1,Mumbai,Rejected,0
591212.21,Fire,Manipal Hospital,19,0,Bengaluru,Pending,1
159845.49,Medical,Max Hospital,9,0,Nashik,Approved,0
116186.84,Theft,Manipal Hospital,20,1,Bengaluru,Pending,1
222597.2,Theft,AIIMS,16,1,Nashik,Approved,0
525808.43,Vehicle,KEM Hospital,16,1,Nashik,Pending,1
323130.8,Medical,KEM Hospital,4,0,Nashik,Pending,0
214933.12,Accident,AIIMS,17,1,Hyderabad,Rejected,0
427079.9,Vehicle,Ruby Hall Clinic,1,1,Nashik,Approved,0
184590.43,Theft,Fortis Hospital,19,1,Bengaluru,Pending,1
519745.24,Vehicle,Apollo Hospital,13,1,Chennai,Rejected,1
74369.79,Vehicle,KEM Hospital,12,1,Chennai,Approved,0
143196.88,Fire,KEM Hospital,5,1,Hyderabad,Pending,0
128915.02,Medical,Manipal Hospital,20,0,Hyderabad,Rejected,0
268020.57,Vehicle,Max Hospital,15,1,Nagpur,Rejected,0
511247.15,Fire,Max Hospital,12,0,Raipur,Pending,1
560420.89,Fire,Apollo Hospital,17,1,Nashik,Pending,1
91697.51,Accident,KEM Hospital,6,1,Bengaluru,Pending,0
385425.94,Medical,Ruby Hall Clinic,18,1,Nagpur,Rejected,1
59972.15,Medical,KEM Hospital,0,1,Nashik,Rejected,0
500633.46,Theft,Ruby Hall Clinic,12,1,Chennai,Pending,1
515834.29,Vehicle,KEM Hospital,15,1,Chennai,Approved,1
342876.21,Accident,Apollo Hospital,16,1,Bengaluru,Approved,1
83523.52,Accident,KEM Hospital,6,0,Mumbai,Approved,0
81753.94,Vehicle,Ruby Hall Clinic,17,1,Delhi,Approved,0
55080.91,Theft,Max Hospital,14,1,Nagpur,Rejected,0
597156.35,Theft,Fortis Hospital,1,1,Nagpur,Approved,0
334173.45,Medical,Manipal Hospital,16,1,Mumbai,Approved,0
531808.35,Vehicle,AIIMS,1,1,Delhi,Approved,0
250695.9,Fire,Apollo Hospital,16,0,Bengaluru,Pending,1
200932.43,Vehicle,KEM Hospital,19,1,Mumbai,Approved,0
18351.58,Vehicle,Manipal Hospital,6,1,Nashik,Approved,0
50061.23,Fire,AIIMS,3,0,Bengaluru,Approved,0
282583.96,Fire,KEM Hospital,3,0,Pune,Approved,0
374976.64,Vehicle,Ruby Hall Clinic,4,1,Pune,Approved,0
538235.88,Theft,KEM Hospital,19,1,Hyderabad,Pending,1
9206.43,Fire,Manipal Hospital,7,1,Hyderabad,Rejected,0
420186.43,Fire,Ruby Hall Clinic,1,1,Raipur,Rejected,0
67701.21,Medical,KEM Hospital,5,0,Delhi,Approved,0
225926.55,Theft,AIIMS,15,1,Chennai,Pending,1
110115.21,Accident,AIIMS,9,1,Nashik,Pending,0
89535.81,Accident,Manipal Hospital,16,1,Bengaluru,Approved,0
20972.26,Theft,Max Hospital,7,1,Bengaluru,Approved,0
334107.15,Theft,Ruby Hall Clinic,14,1,Pune,Rejected,1
110612.48,Medical,Ruby Hall Clinic,17,1,Hyderabad,Approved,0
489880.07,Accident,Apollo Hospital,2,1,Nashik,Rejected,0
467581.38,Vehicle,Ruby Hall Clinic,0,1,Raipur,Rejected,0
413053.21,Theft,Fortis Hospital,15,1,Nashik,Approved,1
302310.21,Accident,Max Hospital,10,1,Nagpur,Approved,0
365007.33,Theft,Apollo Hospital,2,1,Delhi,Rejected,0
191994.44,Theft,Manipal Hospital,8,1,Delhi,Approved,0
10620.37,Theft,Manipal Hospital,1,1,Nagpur,Approved,0
599515.76,Theft,AIIMS,15,1,Nagpur,Approved,1
115354.37,Medical,KEM Hospital,13,0,Bengaluru,Rejected,0
64242.8,Fire,Fortis Hospital,9,1,Mumbai,Approved,0
112398.65,Theft,AIIMS,4,1,Hyderabad,Pending,0
97258.13,Fire,AIIMS,13,0,Bengaluru,Rejected,0
193925.54,Theft,Apollo Hospital,10,0,Chennai,Approved,0
189801.97,Vehicle,Apollo Hospital,16,1,Delhi,Rejected,0
459449.26,Accident,AIIMS,20,1,Pune,Approved,0
351910.78,Vehicle,Manipal Hospital,0,1,Delhi,Approved,0
229116.81,Fire,Ruby Hall Clinic,1,0,Hyderabad,Pending,0
160388.69,Medical,Manipal Hospital,3,0,Hyderabad,Approved,0
37785.94,Theft,KEM Hospital,11,1,Pune,Rejected,0
109790.83,Accident,Apollo Hospital,19,0,Nagpur,Approved,1
566078.51,Fire,Max Hospital,18,1,Chennai,Pending,1
433261.84,Accident,Apollo Hospital,12,1,Bengaluru,Approved,0
589342.45,Medical,Max Hospital,16,0,Bengaluru,Approved,0
107510.81,Medical,AIIMS,17,1,Hyderabad,Approved,0
122793.68,Medical,Max Hospital,16,0,Hyderabad,Approved,0
232525.5,Medical,KEM Hospital,17,1,Raipur,Pending,0
590546.73,Medical,KEM Hospital,1,1,Pune,Rejected,0
369626.15,Medical,Max Hospital,10,0,Raipur,Approved,0
428576.16,Vehicle,Ruby Hall Clinic,18,0,Delhi,Approved,0
415948.02,Fire,Apollo Hospital,10,0,Raipur,Approved,0
572899.45,Theft,Apollo Hospital,8,1,Chennai,Approved,0
448379.01,Vehicle,Max Hospital,4,1,Raipur,Pending,1
588286.38,Accident,Apollo Hospital,18,1,Mumbai,Approved,0
334172.85,Fire,AIIMS,20,0,Mumbai,Approved,0
76113.58,Vehicle,Apollo Hospital,16,1,Nashik,Approved,0
42255.07,Accident,Manipal Hospital,7,1,Pune,Approved,0
135053.53,Vehicle,Max Hospital,8,1,Hyderabad,Approved,0
535060.22,Accident,Max Hospital,6,1,Nagpur,Approved,0
452969.56,Fire,Manipal Hospital,14,0,Bengaluru,Pending,1
478970.5,Fire,Apollo Hospital,6,0,Pune,Approved,0
6673.81,Medical,Apollo Hospital,8,1,Pune,Approved,0
476048.13,Vehicle,Ruby Hall Clinic,12,0,Mumbai,Pending,1
331827.58,Vehicle,AIIMS,13,0,Delhi,Pending,1
116844.4,Vehicle,AIIMS,13,0,Hyderabad,Approved,0
418726.03,Theft,Ruby Hall Clinic,3,1,Nashik,Approved,0
279087.81,Theft,Apollo Hospital,3,1,Nagpur,Pending,0
77390.76,Accident,Fortis Hospital,4,1,Mumbai,Rejected,0
226533.72,Accident,Fortis Hospital,9,0,Nashik,Rejected,0
580697.37,Vehicle,Max Hospital,15,1,Bengaluru,Approved,0
544458.14,Accident,AIIMS,20,1,Nashik,Pending,1
380612.53,Theft,Max Hospital,9,1,Mumbai,Pending,1
445290.61,Vehicle,Max Hospital,12,1,Raipur,Approved,1
222272.76,Vehicle,Manipal Hospital,16,1,Mumbai,Approved,0
434747.49,Theft,Ruby Hall Clinic,10,0,Delhi,Pending,1
598810.17,Fire,Ruby Hall Clinic,16,1,Mumbai,Approved,0
38903.62,Medical,Manipal Hospital,12,0,Raipur,Approved,0
496937.14,Medical,Apollo Hospital,14,0,Raipur,Pending,1
367435.37,Theft,KEM Hospital,4,1,Delhi,Rejected,0
55174.72,Accident,AIIMS,13,1,Nagpur,Approved,0
57348.12,Vehicle,Max Hospital,5,1,Bengaluru,Approved,0
347195.73,Medical,AIIMS,9,1,Pune,Rejected,0
174877.82,Vehicle,KEM Hospital,14,1,Raipur,Approved,0
365623.09,Vehicle,AIIMS,4,1,Mumbai,Approved,0
149572.5,Vehicle,Max Hospital,10,1,Chennai,Approved,0
535358.25,Fire,Fortis Hospital,8,0,Delhi,Approved,0
102507.61,Vehicle,Max Hospital,3,1,Nashik,Approved,0
541420.57,Theft,KEM Hospital,2,1,Raipur,Pending,0
151978.74,Vehicle,Ruby Hall Clinic,13,1,Raipur,Approved,0
357515.23,Fire,KEM Hospital,13,0,Chennai,Rejected,0
124661.83,Medical,Max Hospital,9,0,Chennai,Approved,0
541215.52,Accident,AIIMS,17,1,Nagpur,Approved,0
18488.01,Medical,Manipal Hospital,20,0,Raipur,Approved,0
152836.59,Medical,AIIMS,12,0,Nagpur,Approved,0
549512.94,Medical,Apollo Hospital,20,0,Hyderabad,Approved,1
317254.95,Vehicle,Apollo Hospital,9,1,Hyderabad,Approved,0
119925.23,Medical,Ruby Hall Clinic,1,0,Nashik,Approved,0
39369.69,Medical,AIIMS,15,1,Pune,Approved,0
308226.17,Accident,Max Hospital,5,1,Chennai,Approved,0
86240.29,Theft,Fortis Hospital,16,1,Nashik,Approved,0
57299.74,Fire,KEM Hospital,1,0,Hyderabad,Pending,0
306588.16,Theft,Max Hospital,12,1,Chennai,Approved,0
238254.91,Theft,AIIMS,15,0,Bengaluru,Approved,1
198756.6,Accident,Max Hospital,17,1,Delhi,Pending,0
542692.2,Fire,Max Hospital,10,0,Mumbai,Approved,0
73150.23,Medical,Fortis Hospital,17,0,Nashik,Rejected,0
245159.51,Theft,Fortis Hospital,12,1,Raipur,Pending,1
153985.0,Theft,KEM Hospital,3,1,Raipur,Approved,0
525397.15,Vehicle,AIIMS,10,1,Chennai,Approved,0
82980.95,Theft,KEM Hospital,18,1,Mumbai,Rejected,0
90159.04,Accident,AIIMS,0,1,Delhi,Approved,0
35748.96,Fire,Ruby Hall Clinic,9,1,Nashik,Approved,0
432434.1,Fire,KEM Hospital,10,1,Nashik,Pending,1
501177.96,Accident,Max Hospital,16,1,Mumbai,Approved,1
120478.57,Accident,AIIMS,2,1,Nagpur,Approved,0
569159.69,Vehicle,Fortis Hospital,3,1,Nashik,Approved,0
394730.89,Fire,Fortis Hospital,17,0,Delhi,Approved,0
343483.9,Fire,Ruby Hall Clinic,8,0,Hyderabad,Approved,0
54436.23,Fire,Max Hospital,18,0,Raipur,Approved,0
162053.91,Accident,Fortis Hospital,4,1,Hyderabad,Rejected,0
62970.34,Vehicle,Max Hospital,9,1,Chennai,Rejected,0
319462.85,Medical,Max Hospital,19,1,Nashik,Approved,1
231428.72,Medical,Ruby Hall Clinic,18,1,Delhi,Approved,0
307540.12,Fire,KEM Hospital,18,0,Nagpur,Approved,0
143869.83,Medical,Apollo Hospital,10,1,Hyderabad,Pending,0
303895.13,Vehicle,Manipal Hospital,5,1,Raipur,Approved,0
407366.3,Theft,AIIMS,19,1,Nagpur,Approved,0
206144.5,Fire,Apollo Hospital,4,0,Nagpur,Pending,0
62163.95,Theft,Max Hospital,20,1,Raipur,Rejected,0
123712.13,Theft,Apollo Hospital,13,1,Raipur,Pending,1
381984.01,Vehicle,Fortis Hospital,12,1,Bengaluru,Pending,1
180503.32,Vehicle,KEM Hospital,17,1,Chennai,Rejected,0
22082.58,Medical,Max Hospital,12,0,Bengaluru,Approved,0
69124.97,Theft,AIIMS,8,1,Pune,Pending,0
375157.62,Vehicle,Apollo Hospital,13,0,Pune,Rejected,0
194029.92,Accident,Ruby Hall Clinic,8,1,Hyderabad,Approved,0
522018.15,Fire,Manipal Hospital,8,0,Bengaluru,Rejected,0
220405.25,Medical,AIIMS,17,1,Hyderabad,Approved,0
154120.89,Fire,Apollo Hospital,0,0,Nagpur,Approved,0
227406.24,Fire,Ruby Hall Clinic,19,1,Delhi,Pending,1
326602.48,Vehicle,AIIMS,19,1,Mumbai,Pending,1
586414.08,Theft,Max Hospital,13,1,Nagpur,Approved,0
146637.49,Vehicle,Manipal Hospital,9,0,Nashik,Approved,0
481247.3,Theft,Manipal Hospital,7,1,Hyderabad,Approved,0
85396.2,Vehicle,KEM Hospital,12,1,Delhi,Pending,0
77898.84,Fire,Fortis Hospital,18,1,Raipur,Pending,1
169085.24,Fire,Max Hospital,4,0,Pune,Rejected,0
364237.11,Fire,KEM Hospital,2,1,Mumbai,Pending,1
381100.0,Theft,Max Hospital,13,1,Bengaluru,Approved,1
579755.88,Medical,Manipal Hospital,10,1,Bengaluru,Approved,0
183870.79,Accident,Manipal Hospital,7,1,Pune,Rejected,0
563032.02,Accident,Fortis Hospital,17,1,Bengaluru,Approved,0
178761.86,Theft,Max Hospital,5,1,Mumbai,Approved,0
569399.21,Vehicle,Apollo Hospital,7,1,Nagpur,Approved,0
156500.49,Medical,Ruby Hall Clinic,10,1,Nashik,Rejected,0
384817.29,Medical,Ruby Hall Clinic,17,1,Hyderabad,Rejected,0
67006.23,Fire,Max Hospital,1,1,Hyderabad,Approved,0
426735.39,Accident,AIIMS,12,1,Chennai,Rejected,1
272969.92,Fire,Apollo Hospital,12,1,Mumbai,Rejected,0
150270.41,Theft,Fortis Hospital,20,1,Bengaluru,Approved,0
17642.68,Fire,Manipal Hospital,9,1,Delhi,Rejected,0
480043.94,Fire,AIIMS,4,1,Bengaluru,Approved,0
98109.21,Medical,AIIMS,16,1,Mumbai,Approved,0
32342.42,Medical,Ruby Hall Clinic,17,1,Nashik,Approved,0
48853.85,Theft,Ruby Hall Clinic,2,1,Raipur,Pending,0
155526.97,Fire,Ruby Hall Clinic,11,1,Chennai,Rejected,0
408640.99,Vehicle,AIIMS,16,1,Hyderabad,Pending,1
494470.17,Theft,Manipal Hospital,17,1,Nashik,Approved,1
307877.74,Vehicle,KEM Hospital,7,1,Chennai,Approved,0
558158.72,Vehicle,Manipal Hospital,13,1,Hyderabad,Pending,1
463520.69,Accident,AIIMS,19,1,Delhi,Approved,1
293662.56,Medical,Ruby Hall Clinic,2,1,Pune,Approved,0
428480.9,Fire,Ruby Hall Clinic,19,1,Nagpur,Pending,1
452449.31,Vehicle,Apollo Hospital,14,0,Mumbai,Approved,0
594947.44,Medical,Manipal Hospital,9,0,Nashik,Rejected,0
164770.85,Theft,Max Hospital,13,0,Raipur,Approved,1
290064.52,Fire,Fortis Hospital,9,0,Chennai,Approved,0
432906.46,Medical,Max Hospital,0,1,Hyderabad,Pending,0
186208.74,Accident,AIIMS,0,1,Chennai,Rejected,0
106666.16,Medical,Apollo Hospital,5,1,Chennai,Pending,0
461930.8,Theft,AIIMS,5,1,Bengaluru,Approved,0
588163.26,Theft,KEM Hospital,16,1,Nagpur,Approved,1
7103.17,Theft,Max Hospital,20,1,Chennai,Approved,0
104149.3,Theft,Max Hospital,9,1,Hyderabad,Approved,0
561417.18,Fire,Manipal Hospital,3,0,Hyderabad,Approved,0
331360.06,Medical,KEM Hospital,3,1,Nagpur,Rejected,0
29897.69,Vehicle,KEM Hospital,15,1,Nashik,Approved,0
319123.5,Accident,AIIMS,8,1,Nagpur,Pending,1
520565.2,Theft,KEM Hospital,6,1,Nashik,Approved,0
285826.85,Theft,Fortis Hospital,14,1,Nagpur,Approved,0
129234.39,Fire,AIIMS,6,0,Bengaluru,Pending,0
295276.99,Accident,Fortis Hospital,14,1,Nagpur,Approved,0
153539.32,Accident,Manipal Hospital,19,0,Nagpur,Approved,1
203270.8,Theft,Apollo Hospital,10,1,Hyderabad,Approved,0
260026.37,Medical,Ruby Hall Clinic,13,0,Nagpur,Approved,0
53041.22,Theft,KEM Hospital,1,1,Mumbai,Approved,0
287400.66,Theft,Fortis Hospital,2,1,Hyderabad,Approved,0
119354.48,Theft,KEM Hospital,6,1,Pune,Approved,0
146690.75,Fire,Fortis Hospital,16,0,Bengaluru,Approved,0
498939.5,Fire,Ruby Hall Clinic,2,1,Chennai,Approved,0
331614.01,Theft,Apollo Hospital,6,1,Bengaluru,Pending,1
142596.39,Accident,Ruby Hall Clinic,3,1,Mumbai,Approved,0
81507.76,Accident,AIIMS,5,1,Delhi,Pending,0
120186.56,Fire,KEM Hospital,18,1,Bengaluru,Pending,0
285044.04,Vehicle,KEM Hospital,5,1,Bengaluru,Rejected,0
122088.26,Medical,Ruby Hall Clinic,10,1,Raipur,Approved,0
300722.61,Medical,Manipal Hospital,20,1,Pune,Rejected,1
95124.71,Fire,AIIMS,0,0,Mumbai,Pending,0
392352.18,Accident,Ruby Hall Clinic,19,1,Mumbai,Approved,0
420111.67,Theft,Ruby Hall Clinic,12,1,Nagpur,Approved,1
254286.48,Medical,Max Hospital,11,1,Nagpur,Approved,0
464431.34,Theft,Manipal Hospital,4,1,Delhi,Approved,0
265888.0,Accident,Apollo Hospital,14,1,Delhi,Approved,0
53117.39,Accident,Max Hospital,10,1,Nagpur,Approved,0
137853.74,Accident,Max Hospital,7,1,Pune,Approved,0
301664.58,Medical,Max Hospital,6,1,Pune,Pending,0
302659.9,Theft,KEM Hospital,4,1,Pune,Approved,0
7845.05,Vehicle,Manipal Hospital,7,0,Nagpur,Pending,0
359049.84,Accident,KEM Hospital,17,1,Nagpur,Approved,1
87517.57,Theft,Max Hospital,7,1,Mumbai,Rejected,0
595350.56,Vehicle,Manipal Hospital,0,1,Bengaluru,Pending,1
317599.84,Medical,Max Hospital,16,0,Hyderabad,Pending,1
223766.91,Medical,AIIMS,6,0,Raipur,Pending,0
368079.36,Theft,Ruby Hall Clinic,11,1,Chennai,Approved,1
387701.0,Theft,Apollo Hospital,10,1,Mumbai,Rejected,0
249106.5,Vehicle,Ruby Hall Clinic,20,1,Chennai,Approved,0
18491.62,Medical,Max Hospital,8,0,Chennai,Approved,0
39015.85,Vehicle,Apollo Hospital,1,1,Delhi,Approved,0
325224.4,Fire,Manipal Hospital,8,0,Delhi,Approved,0
165084.02,Fire,Apollo Hospital,1,1,Pune,Approved,0
251689.92,Medical,Ruby Hall Clinic,14,0,Raipur,Approved,0
446384.92,Accident,Manipal Hospital,18,1,Hyderabad,Approved,1
195969.46,Medical,Apollo Hospital,16,0,Mumbai,Approved,0
420351.15,Accident,Ruby Hall Clinic,10,1,Nagpur,Pending,1
63662.33,Medical,AIIMS,7,1,Delhi,Approved,0
118473.34,Vehicle,KEM Hospital,19,1,Delhi,Rejected,0
360570.14,Theft,Apollo Hospital,5,1,Pune,Approved,0
592553.9,Fire,KEM Hospital,0,0,Nagpur,Approved,0
484766.21,Accident,Ruby Hall Clinic,11,1,Mumbai,Approved,1
155854.23,Accident,Max Hospital,6,1,Delhi,Approved,0
266520.56,Theft,Fortis Hospital,5,1,Raipur,Approved,0
422926.48,Theft,Max Hospital,20,1,Nashik,Approved,0
144474.16,Accident,Max Hospital,16,1,Nagpur,Approved,0
542125.66,Medical,Ruby Hall Clinic,5,1,Mumbai,Rejected,0
527251.07,Fire,Max Hospital,19,1,Raipur,Pending,1
158403.9,Accident,KEM Hospital,2,1,Chennai,Rejected,0
205309.28,Accident,AIIMS,4,1,Hyderabad,Pending,0
409985.07,Theft,Ruby Hall Clinic,13,1,Raipur,Approved,0
230558.98,Vehicle,Manipal Hospital,2,1,Hyderabad,Approved,0
79036.26,Vehicle,AIIMS,2,1,Raipur,Pending,0
515891.13,Medical,Max Hospital,6,0,Mumbai,Approved,0
530015.7,Medical,Fortis Hospital,20,0,Hyderabad,Approved,0
128967.95,Medical,KEM Hospital,9,0,Mumbai,Approved,0
536845.42,Vehicle,Max Hospital,18,1,Hyderabad,Approved,1
150972.06,Medical,Ruby Hall Clinic,12,0,Raipur,Pending,1
8592.23,Theft,Manipal Hospital,8,1,Mumbai,Rejected,0
417694.04,Vehicle,Max Hospital,18,1,Nagpur,Approved,0
457062.17,Vehicle,AIIMS,15,1,Delhi,Approved,1
439294.7,Medical,Max Hospital,8,1,Raipur,Pending,0
446656.6,Accident,Max Hospital,15,1,Bengaluru,Approved,1
138351.28,Accident,AIIMS,3,1,Bengaluru,Pending,0
32573.59,Medical,Ruby Hall Clinic,8,1,Delhi,Pending,0
230117.44,Medical,Manipal Hospital,7,0,Chennai,Approved,0
232110.94,Fire,Ruby Hall Clinic,11,1,Bengaluru,Pending,0
444900.98,Medical,Max Hospital,4,1,Chennai,Approved,0
375112.74,Medical,Ruby Hall Clinic,17,1,Chennai,Rejected,0
586114.99,Vehicle,Apollo Hospital,0,0,Raipur,Rejected,0
180778.06,Theft,Max Hospital,2,1,Delhi,Approved,0
318964.63,Vehicle,Ruby Hall Clinic,15,0,Bengaluru,Approved,0
62547.63,Theft,Manipal Hospital,14,1,Mumbai,Approved,0
360038.28,Accident,Max Hospital,19,1,Raipur,Pending,1
135612.06,Fire,Fortis Hospital,16,0,Bengaluru,Approved,0
508050.1,Vehicle,KEM Hospital,5,1,Nashik,Rejected,0
212575.56,Vehicle,Ruby Hall Clinic,9,1,Chennai,Approved,0
528343.41,Fire,AIIMS,4,0,Delhi,Approved,0
549228.83,Fire,Fortis Hospital,5,0,Mumbai,Approved,0
575087.11,Fire,Ruby Hall Clinic,4,0,Delhi,Approved,0
535035.74,Theft,Fortis Hospital,17,1,Nashik,Approved,1
509464.72,Accident,AIIMS,3,1,Chennai,Approved,0
398400.83,Theft,Fortis Hospital,18,0,Hyderabad,Pending,1
235780.68,Fire,Fortis Hospital,7,1,Raipur,Approved,0
426322.94,Medical,Fortis Hospital,10,0,Bengaluru,Pending,0
529468.31,Fire,AIIMS,17,0,Hyderabad,Pending,1
190536.05,Medical,Manipal Hospital,7,1,Mumbai,Approved,0
234779.47,Vehicle,Apollo Hospital,7,1,Pune,Rejected,0
414116.07,Fire,Fortis Hospital,12,1,Nagpur,Approved,1
432991.33,Accident,AIIMS,8,1,Delhi,Approved,0
19602.0,Vehicle,Apollo Hospital,17,1,Pune,Approved,0
557096.57,Fire,Manipal Hospital,3,1,Hyderabad,Approved,0
16794.4,Medical,Ruby Hall Clinic,11,0,Pune,Approved,0
349297.02,Fire,Manipal Hospital,14,0,Raipur,Approved,1
463199.07,Fire,KEM Hospital,0,1,Hyderabad,Approved,0
474712.78,Theft,Ruby Hall Clinic,13,1,Bengaluru,Approved,0
434665.36,Fire,Manipal Hospital,5,0,Bengaluru,Approved,0
542723.58,Medical,Apollo Hospital,14,0,Nashik,Pending,1
215360.83,Accident,Max Hospital,17,1,Nagpur,Approved,0
196513.38,Fire,Apollo Hospital,19,1,Pune,Approved,0
440085.76,Theft,AIIMS,8,1,Delhi,Pending,0
111744.95,Fire,Manipal Hospital,20,0,Pune,Approved,0
537053.48,Vehicle,Ruby Hall Clinic,12,1,Nagpur,Approved,1
268619.26,Accident,AIIMS,17,1,Mumbai,Approved,0
416016.01,Vehicle,Max Hospital,1,1,Pune,Rejected,0
174451.43,Medical,Max Hospital,14,0,Raipur,Approved,0
460041.03,Medical,Max Hospital,12,1,Delhi,Pending,1
423618.59,Vehicle,AIIMS,9,0,Nagpur,Pending,0
589605.55,Theft,Ruby Hall Clinic,4,1,Bengaluru,Approved,0
556177.74,Theft,Manipal Hospital,12,1,Pune,Approved,1
414197.6,Fire,Max Hospital,16,1,Pune,Approved,0
427551.48,Accident,Ruby Hall Clinic,5,1,Delhi,Pending,0
95745.01,Medical,Ruby Hall Clinic,11,1,Hyderabad,Approved,0
385627.56,Theft,Ruby Hall Clinic,19,1,Delhi,Rejected,1
122402.35,Theft,KEM Hospital,3,1,Chennai,Approved,0
274515.07,Theft,Max Hospital,11,1,Delhi,Approved,0
187148.35,Theft,Apollo Hospital,18,1,Mumbai,Rejected,0
254966.63,Theft,KEM Hospital,14,1,Hyderabad,Pending,0
252995.48,Vehicle,Apollo Hospital,12,1,Chennai,Approved,0
47815.71,Theft,Manipal Hospital,10,0,Delhi,Approved,1
521842.19,Fire,Ruby Hall Clinic,11,0,Raipur,Approved,1
223038.3,Medical,Fortis Hospital,6,0,Delhi,Approved,0
187356.61,Medical,Fortis Hospital,13,0,Nashik,Pending,1
45991.26,Accident,Ruby Hall Clinic,16,1,Raipur,Approved,0
358944.2,Vehicle,Fortis Hospital,16,1,Raipur,Approved,0
471762.94,Fire,Max Hospital,5,0,Chennai,Approved,0
452277.38,Medical,Max Hospital,3,0,Hyderabad,Pending,0
351538.75,Vehicle,Ruby Hall Clinic,19,1,Nagpur,Approved,1
37173.67,Vehicle,Apollo Hospital,14,1,Nagpur,Rejected,0
511662.01,Accident,Ruby Hall Clinic,1,1,Bengaluru,Pending,0
69882.13,Theft,AIIMS,0,1,Chennai,Approved,0
63452.4,Fire,Fortis Hospital,3,1,Nashik,Pending,0
324182.64,Medical,Apollo Hospital,0,1,Nashik,Approved,0
277501.15,Vehicle,Ruby Hall Clinic,5,0,Nashik,Pending,0
417989.03,Fire,AIIMS,4,0,Chennai,Approved,0
275566.91,Fire,Ruby Hall Clinic,7,1,Mumbai,Rejected,0
413388.19,Theft,Ruby Hall Clinic,2,1,Nagpur,Rejected,0
106930.1,Medical,AIIMS,20,0,Nagpur,Approved,0
139710.07,Theft,Max Hospital,8,1,Delhi,Pending,0
247467.01,Fire,Max Hospital,13,1,Raipur,Pending,1
168501.76,Fire,AIIMS,5,0,Pune,Rejected,0
228724.7,Vehicle,KEM Hospital,20,0,Pune,Approved,0
23486.8,Fire,AIIMS,17,1,Pune,Approved,0
471537.73,Vehicle,AIIMS,4,1,Hyderabad,Approved,0
510089.5,Accident,AIIMS,14,1,Pune,Approved,1
515741.85,Vehicle,Ruby Hall Clinic,5,1,Bengaluru,Approved,0
439343.36,Accident,Manipal Hospital,4,1,Nashik,Pending,0
397663.14,Theft,Fortis Hospital,12,1,Pune,Approved,0
575300.06,Accident,AIIMS,5,1,Nagpur,Approved,0
579563.91,Theft,Manipal Hospital,19,1,Nagpur,Pending,1
422225.51,Medical,Manipal Hospital,9,0,Bengaluru,Approved,0
276447.97,Theft,Ruby Hall Clinic,0,1,Pune,Pending,0
159992.21,Fire,Ruby Hall Clinic,7,0,Mumbai,Approved,0
70367.26,Accident,AIIMS,17,1,Raipur,Approved,0
98487.04,Fire,Apollo Hospital,13,0,Mumbai,Approved,0
164124.06,Fire,Manipal Hospital,2,0,Delhi,Approved,0
145170.78,Accident,Fortis Hospital,5,1,Delhi,Approved,0
460602.26,Medical,Ruby Hall Clinic,9,1,Hyderabad,Approved,0
502096.33,Theft,Fortis Hospital,5,1,Nashik,Rejected,0
283522.43,Accident,Apollo Hospital,16,1,Nashik,Pending,0
472692.71,Fire,Ruby Hall Clinic,20,0,Chennai,Approved,1
411539.88,Theft,KEM Hospital,13,1,Mumbai,Pending,1
88978.96,Accident,KEM Hospital,10,1,Chennai,Pending,0
124281.59,Theft,Apollo Hospital,16,1,Delhi,Approved,0
519135.12,Medical,KEM Hospital,20,0,Delhi,Approved,1
534848.88,Accident,Ruby Hall Clinic,18,1,Raipur,Rejected,1
117295.01,Theft,AIIMS,16,1,Mumbai,Approved,0
383042.99,Fire,Ruby Hall Clinic,8,1,Raipur,Approved,0
589900.18,Accident,Apollo Hospital,6,1,Nashik,Approved,0
545313.35,Vehicle,Fortis Hospital,16,1,Mumbai,Pending,1
475162.26,Vehicle,Ruby Hall Clinic,11,1,Bengaluru,Approved,0
597567.04,Vehicle,AIIMS,2,1,Pune,Approved,0
461991.18,Medical,Manipal Hospital,7,1,Raipur,Rejected,0
568447.83,Vehicle,Fortis Hospital,8,1,Nashik,Approved,0
381857.58,Theft,AIIMS,9,1,Nagpur,Pending,1
295363.26,Fire,Apollo Hospital,4,1,Bengaluru,Approved,0
400911.48,Theft,Fortis Hospital,6,1,Nagpur,Approved,0
91669.1,Vehicle,AIIMS,17,1,Bengaluru,Approved,0
443488.28,Medical,Fortis Hospital,11,1,Pune,Rejected,0
578625.11,Accident,Manipal Hospital,5,0,Nagpur,Approved,1
302981.91,Fire,Max Hospital,4,1,Hyderabad,Approved,0
289984.04,Theft,AIIMS,18,1,Bengaluru,Approved,0
463038.05,Medical,Apollo Hospital,18,1,Nagpur,Approved,1
91001.59,Medical,Max Hospital,13,0,Pune,Rejected,0
428411.06,Accident,Ruby Hall Clinic,9,1,Nagpur,Approved,0
319039.84,Fire,Manipal Hospital,0,1,Bengaluru,Approved,0
339211.56,Theft,Fortis Hospital,7,1,Bengaluru,Rejected,0
406620.31,Theft,AIIMS,9,1,Mumbai,Pending,1
357338.26,Medical,Manipal Hospital,10,0,Nashik,Pending,1
385537.89,Fire,Apollo Hospital,8,1,Delhi,Approved,0
311201.62,Medical,AIIMS,18,0,Delhi,Rejected,0
123930.83,Vehicle,Apollo Hospital,2,1,Nashik,Approved,0
52752.66,Vehicle,Ruby Hall Clinic,2,0,Pune,Approved,0
392681.92,Theft,Manipal Hospital,3,0,Raipur,Pending,1
591748.58,Vehicle,Apollo Hospital,14,1,Delhi,Pending,1
154175.92,Vehicle,AIIMS,12,1,Raipur,Approved,0
583194.93,Accident,Apollo Hospital,14,1,Delhi,Approved,1
512489.96,Fire,Ruby Hall Clinic,11,0,Raipur,Pending,1
260883.55,Fire,Apollo Hospital,16,1,Raipur,Rejected,0
538955.25,Medical,AIIMS,4,0,Nashik,Approved,0
291886.84,Theft,AIIMS,11,1,Raipur,Approved,0
205190.83,Fire,Apollo Hospital,11,0,Hyderabad,Pending,0
559917.94,Accident,Fortis Hospital,18,1,Nagpur,Rejected,1
177798.64,Fire,Fortis Hospital,9,0,Nashik,Pending,0
481606.54,Vehicle,Apollo Hospital,14,1,Pune,Rejected,0
508435.56,Fire,Apollo Hospital,7,0,Hyderabad,Approved,0
46287.72,Fire,Manipal Hospital,0,1,Hyderabad,Approved,0
557679.72,Accident,Fortis Hospital,1,1,Raipur,Approved,0
561299.21,Accident,Fortis Hospital,13,1,Mumbai,Pending,1
560440.59,Theft,Max Hospital,17,1,Mumbai,Rejected,0
548964.34,Vehicle,AIIMS,2,1,Chennai,Pending,1
536970.79,Medical,Max Hospital,19,0,Bengaluru,Rejected,1
82349.92,Accident,Manipal Hospital,7,1,Mumbai,Pending,0
79129.95,Fire,AIIMS,1,1,Hyderabad,Pending,0
253625.72,Medical,Manipal Hospital,4,0,Nagpur,Pending,0
412274.28,Accident,Ruby Hall Clinic,12,1,Bengaluru,Pending,1
206636.09,Theft,Manipal Hospital,16,1,Pune,Approved,0
562664.97,Accident,KEM Hospital,4,1,Hyderabad,Pending,0
225956.13,Theft,KEM Hospital,20,0,Delhi,Approved,1
467374.53,Vehicle,Manipal Hospital,18,1,Mumbai,Rejected,0
297002.32,Fire,KEM Hospital,15,1,Chennai,Rejected,0
162081.66,Vehicle,Fortis Hospital,2,1,Delhi,Rejected,0
250897.92,Vehicle,Ruby Hall Clinic,15,1,Pune,Approved,0
356652.44,Accident,KEM Hospital,20,1,Pune,Pending,1
501855.09,Vehicle,AIIMS,16,1,Raipur,Rejected,1
246871.19,Medical,KEM Hospital,13,1,Hyderabad,Pending,0
492615.31,Medical,AIIMS,3,1,Nagpur,Approved,0
266706.8,Theft,Ruby Hall Clinic,12,1,Delhi,Approved,0
423864.53,Accident,Manipal Hospital,14,1,Delhi,Approved,1
77028.58,Theft,Apollo Hospital,4,0,Nashik,Pending,1
115713.16,Vehicle,KEM Hospital,9,1,Raipur,Approved,0
19546.32,Vehicle,Apollo Hospital,11,1,Pune,Rejected,0
239443.7,Accident,AIIMS,15,1,Pune,Approved,0
341624.71,Theft,Max Hospital,18,0,Chennai,Approved,1
52706.42,Vehicle,Max Hospital,19,1,Chennai,Pending,0
246912.69,Medical,Ruby Hall Clinic,16,0,Nagpur,Approved,0
208351.18,Vehicle,Max Hospital,5,1,Nagpur,Approved,0
582826.16,Accident,Apollo Hospital,16,0,Delhi,Rejected,1
241442.61,Fire,AIIMS,19,0,Nashik,Approved,0
427997.76,Medical,AIIMS,7,1,Raipur,Approved,0
462345.56,Vehicle,Ruby Hall Clinic,17,1,Hyderabad,Approved,1
320202.81,Fire,KEM Hospital,18,1,Hyderabad,Approved,1
400815.44,Medical,Ruby Hall Clinic,18,0,Hyderabad,Approved,1
342453.09,Fire,AIIMS,1,1,Hyderabad,Approved,0
92100.73,Medical,Fortis Hospital,1,0,Hyderabad,Pending,0
197404.62,Theft,KEM Hospital,4,1,Mumbai,Approved,0
79268.28,Vehicle,Ruby Hall Clinic,18,0,Nashik,Approved,0
28507.02,Vehicle,Fortis Hospital,9,1,Delhi,Approved,0
483355.08,Vehicle,Ruby Hall Clinic,0,1,Delhi,Rejected,0
120122.46,Accident,Max Hospital,6,1,Nagpur,Approved,0
575886.08,Medical,Apollo Hospital,2,1,Raipur,Approved,0
204789.95,Fire,Ruby Hall Clinic,12,0,Nashik,Approved,0
128027.46,Theft,Ruby Hall Clinic,10,1,Mumbai,Approved,0
133999.13,Medical,Manipal Hospital,10,1,Raipur,Rejected,0
201998.42,Theft,KEM Hospital,2,1,Mumbai,Pending,0
131023.52,Accident,AIIMS,12,0,Hyderabad,Approved,1
215253.24,Fire,Apollo Hospital,2,0,Delhi,Pending,0
68093.07,Accident,Fortis Hospital,18,1,Nagpur,Approved,0
130875.87,Accident,AIIMS,2,1,Pune,Approved,0
401240.78,Medical,Fortis Hospital,0,0,Chennai,Pending,0
310462.02,Accident,Fortis Hospital,11,1,Nashik,Approved,1
166088.88,Vehicle,KEM Hospital,19,1,Delhi,Pending,0
237883.78,Vehicle,KEM Hospital,9,1,Hyderabad,Approved,0
135262.64,Accident,AIIMS,0,1,Nagpur,Pending,0
402122.54,Fire,AIIMS,15,0,Nagpur,Approved,1
579684.35,Medical,Fortis Hospital,3,0,Hyderabad,Pending,0
368672.09,Fire,Manipal Hospital,9,0,Delhi,Pending,1
350920.42,Vehicle,AIIMS,11,1,Bengaluru,Approved,1
290670.67,Theft,Fortis Hospital,0,1,Mumbai,Approved,0
525568.54,Fire,Fortis Hospital,4,0,Mumbai,Rejected,0
321904.07,Vehicle,KEM Hospital,9,0,Hyderabad,Approved,0
190935.06,Vehicle,AIIMS,6,1,Bengaluru,Approved,0
460377.33,Medical,Fortis Hospital,11,0,Hyderabad,Approved,1
410022.7,Theft,Manipal Hospital,15,1,Raipur,Approved,1
289004.4,Medical,Manipal Hospital,1,1,Chennai,Approved,0
553426.07,Accident,Apollo Hospital,20,1,Nagpur,Pending,1
587517.78,Medical,KEM Hospital,16,0,Chennai,Approved,0
269751.18,Medical,AIIMS,3,1,Nashik,Pending,0
15476.99,Accident,KEM Hospital,8,1,Nagpur,Rejected,0
410828.41,Vehicle,Manipal Hospital,12,1,Delhi,Pending,1
172401.46,Theft,AIIMS,16,1,Bengaluru,Rejected,0
545445.72,Vehicle,Fortis Hospital,13,1,Bengaluru,Approved,1
519582.79,Accident,Fortis Hospital,13,1,Bengaluru,Pending,1
479653.42,Fire,AIIMS,5,0,Bengaluru,Approved,0
253117.57,Accident,Ruby Hall Clinic,5,0,Raipur,Approved,1
487081.65,Accident,KEM Hospital,18,1,Hyderabad,Approved,1
398955.72,Vehicle,AIIMS,20,1,Bengaluru,Approved,1
412125.85,Vehicle,KEM Hospital,3,1,Mumbai,Approved,0
259816.82,Fire,AIIMS,12,0,Nagpur,Approved,0
126628.53,Theft,Apollo Hospital,1,1,Raipur,Approved,0
339351.47,Fire,Max Hospital,4,0,Nashik,Approved,0
543876.73,Vehicle,Max Hospital,14,1,Chennai,Approved,0
218292.69,Medical,Manipal Hospital,9,1,Bengaluru,Pending,0
187420.8,Theft,Max Hospital,6,1,Mumbai,Approved,0
307513.34,Accident,AIIMS,12,0,Bengaluru,Approved,1
477398.1,Fire,AIIMS,14,0,Nashik,Pending,1
182069.71,Accident,Ruby Hall Clinic,16,1,Nashik,Approved,0
180940.61,Fire,AIIMS,0,1,Raipur,Approved,0
253021.75,Accident,Fortis Hospital,20,0,Hyderabad,Approved,1
33524.74,Theft,Ruby Hall Clinic,10,1,Hyderabad,Approved,0
472616.7,Theft,AIIMS,1,1,Hyderabad,Approved,0
192783.42,Accident,Fortis Hospital,1,1,Raipur,Approved,0
299145.81,Vehicle,Max Hospital,0,1,Chennai,Approved,0
506877.19,Medical,Fortis Hospital,12,0,Mumbai,Approved,1
28055.51,Fire,Fortis Hospital,17,0,Nagpur,Pending,0
283620.5,Medical,Fortis Hospital,15,1,Hyderabad,Pending,0
273745.65,Fire,AIIMS,19,1,Raipur,Approved,0
425777.48,Vehicle,Max Hospital,15,1,Bengaluru,Approved,0
501717.26,Medical,Max Hospital,9,1,Nagpur,Approved,0
589143.45,Fire,Ruby Hall Clinic,14,0,Nagpur,Approved,0
197919.39,Accident,AIIMS,8,1,Nashik,Approved,0
495004.0,Vehicle,Manipal Hospital,2,1,Nashik,Approved,0
179089.85,Medical,Ruby Hall Clinic,1,0,Nagpur,Rejected,0
122065.36,Vehicle,Ruby Hall Clinic,10,1,Delhi,Pending,0
595995.12,Vehicle,Manipal Hospital,17,1,Bengaluru,Rejected,1
583755.85,Medical,Manipal Hospital,4,1,Delhi,Approved,0
573151.65,Theft,Fortis Hospital,15,1,Hyderabad,Approved,0
411325.58,Theft,Ruby Hall Clinic,19,1,Nashik,Approved,0
76491.8,Medical,Apollo Hospital,12,0,Pune,Approved,0
413134.53,Medical,Fortis Hospital,17,1,Chennai,Rejected,1
244498.85,Vehicle,Max Hospital,4,1,Bengaluru,Rejected,0
145592.17,Vehicle,KEM Hospital,17,1,Bengaluru,Approved,0
266393.76,Vehicle,AIIMS,11,1,Pune,Pending,0
270275.24,Vehicle,Max Hospital,8,1,Bengaluru,Rejected,0
222161.91,Fire,KEM Hospital,16,1,Mumbai,Approved,0
566004.42,Vehicle,Ruby Hall Clinic,0,1,Nashik,Approved,0
536656.39,Vehicle,Apollo Hospital,15,1,Delhi,Rejected,1
273656.08,Accident,Apollo Hospital,19,1,Mumbai,Pending,0
586634.11,Vehicle,Max Hospital,20,1,Pune,Approved,0
501727.28,Accident,Fortis Hospital,12,1,Mumbai,Approved,1
185380.19,Theft,Max Hospital,10,1,Raipur,Approved,0
589120.66,Vehicle,Apollo Hospital,20,1,Hyderabad,Approved,1
344210.95,Accident,Max Hospital,4,1,Hyderabad,Pending,1
457689.25,Vehicle,Apollo Hospital,14,1,Raipur,Approved,0
430668.98,Accident,Manipal Hospital,13,1,Mumbai,Approved,1
16378.3,Accident,KEM Hospital,1,1,Delhi,Rejected,0
488586.02,Medical,Max Hospital,11,1,Hyderabad,Rejected,0
462521.67,Fire,Ruby Hall Clinic,1,0,Hyderabad,Pending,0
41719.6,Vehicle,Apollo Hospital,20,1,Mumbai,Rejected,0
444645.54,Accident,Apollo Hospital,6,1,Mumbai,Approved,0
416108.73,Theft,Apollo Hospital,18,1,Nagpur,Pending,1
299435.05,Medical,Manipal Hospital,8,1,Delhi,Approved,0
217764.57,Vehicle,KEM Hospital,10,1,Bengaluru,Pending,0
299192.02,Accident,Ruby Hall Clinic,13,1,Nagpur,Approved,0
550976.54,Medical,Max Hospital,1,0,Hyderabad,Rejected,0
529021.39,Accident,Fortis Hospital,14,1,Delhi,Approved,1
421544.31,Accident,Apollo Hospital,10,1,Chennai,Pending,0
571145.63,Medical,Ruby Hall Clinic,16,1,Delhi,Approved,1
210672.03,Fire,Manipal Hospital,7,1,Bengaluru,Rejected,0
176704.41,Theft,Manipal Hospital,15,1,Mumbai,Approved,0
377363.47,Theft,Fortis Hospital,17,1,Nashik,Rejected,0
292682.8,Accident,Ruby Hall Clinic,12,1,Pune,Rejected,0
66033.0,Medical,AIIMS,17,0,Chennai,Rejected,0
330725.0,Fire,Ruby Hall Clinic,0,1,Raipur,Approved,0
443271.91,Accident,Max Hospital,7,0,Nashik,Pending,1
122804.18,Theft,AIIMS,11,1,Mumbai,Approved,0
308291.03,Medical,Manipal Hospital,2,0,Chennai,Pending,1
195181.89,Theft,Fortis Hospital,1,1,Hyderabad,Approved,0
167855.63,Fire,Apollo Hospital,14,1,Hyderabad,Approved,0
289681.25,Accident,KEM Hospital,0,1,Delhi,Rejected,0
155698.54,Medical,Fortis Hospital,3,0,Pune,Pending,0
446903.48,Medical,Fortis Hospital,0,1,Raipur,Pending,0
350186.32,Accident,Max Hospital,11,1,Mumbai,Rejected,0
116211.3,Theft,Manipal Hospital,1,1,Nashik,Approved,0
327253.39,Accident,Max Hospital,20,1,Nashik,Approved,1
166857.1,Accident,KEM Hospital,12,1,Nagpur,Approved,0
259764.03,Fire,AIIMS,2,1,Pune,Rejected,0
17972.8,Vehicle,Ruby Hall Clinic,10,1,Bengaluru,Pending,0
372343.63,Medical,Apollo Hospital,1,1,Raipur,Approved,0
301853.78,Fire,Max Hospital,9,1,Bengaluru,Approved,0
125282.09,Vehicle,KEM Hospital,5,1,Delhi,Pending,0
425173.67,Medical,Manipal Hospital,19,1,Mumbai,Approved,0
75171.65,Medical,Fortis Hospital,14,0,Bengaluru,Pending,0
468941.54,Accident,Ruby Hall Clinic,5,1,Pune,Approved,0
348318.97,Accident,KEM Hospital,6,0,Delhi,Approved,1
390788.65,Fire,Ruby Hall Clinic,0,1,Mumbai,Approved,0
147791.92,Theft,Ruby Hall Clinic,7,1,Pune,Pending,0
300571.61,Medical,Apollo Hospital,20,1,Nagpur,Approved,1
457184.13,Accident,Ruby Hall Clinic,11,1,Nashik,Rejected,1
484702.21,Fire,KEM Hospital,10,1,Chennai,Approved,0
488413.27,Vehicle,Fortis Hospital,9,1,Bengaluru,Pending,0
348200.03,Medical,Max Hospital,7,0,Nashik,Approved,0
519668.69,Theft,Apollo Hospital,17,1,Delhi,Rejected,1
224765.84,Medical,Fortis Hospital,6,1,Mumbai,Approved,0
99350.86,Accident,Apollo Hospital,1,1,Chennai,Approved,0
453991.35,Vehicle,Ruby Hall Clinic,10,1,Nagpur,Approved,0
321392.63,Accident,AIIMS,7,1,Hyderabad,Approved,0
45574.28,Theft,Ruby Hall Clinic,9,1,Pune,Approved,0
53713.66,Accident,AIIMS,18,0,Raipur,Approved,1
71325.68,Fire,Max Hospital,20,1,Pune,Approved,0
477854.33,Theft,Fortis Hospital,11,1,Raipur,Approved,0
294709.55,Medical,AIIMS,9,1,Chennai,Approved,0
560089.6,Vehicle,Manipal Hospital,9,1,Raipur,Pending,0
502597.12,Accident,Manipal Hospital,5,1,Chennai,Pending,0
563576.96,Accident,Ruby Hall Clinic,16,1,Nashik,Approved,1
331978.72,Vehicle,Manipal Hospital,6,1,Mumbai,Pending,1
60867.2,Accident,Apollo Hospital,1,1,Nashik,Approved,0
549853.43,Accident,Fortis Hospital,13,1,Nagpur,Approved,1
379781.63,Fire,Max Hospital,18,1,Mumbai,Pending,1
564292.15,Medical,KEM Hospital,2,0,Mumbai,Approved,0
313448.04,Fire,Apollo Hospital,5,0,Delhi,Approved,0
47442.19,Accident,Apollo Hospital,8,1,Raipur,Approved,0
92301.9,Vehicle,AIIMS,1,1,Mumbai,Pending,0
413656.14,Vehicle,Manipal Hospital,16,0,Delhi,Approved,1
236614.64,Theft,Max Hospital,6,1,Nashik,Approved,0
135609.81,Medical,Max Hospital,19,0,Mumbai,Approved,0
296811.36,Theft,Manipal Hospital,7,1,Pune,Approved,0
73388.38,Theft,Max Hospital,16,1,Delhi,Approved,0
499740.21,Fire,Max Hospital,19,1,Hyderabad,Pending,1
398881.92,Vehicle,Max Hospital,15,1,Nashik,Approved,1
238334.57,Accident,Ruby Hall Clinic,7,1,Nagpur,Pending,0
543277.36,Theft,AIIMS,6,1,Mumbai,Pending,0
553204.89,Fire,Fortis Hospital,20,0,Bengaluru,Approved,1
131047.82,Medical,AIIMS,6,0,Hyderabad,Pending,0
210525.93,Fire,Manipal Hospital,6,0,Pune,Approved,0
73091.9,Vehicle,Apollo Hospital,20,1,Delhi,Approved,0
297945.16,Vehicle,KEM Hospital,19,1,Delhi,Approved,0
168145.55,Fire,KEM Hospital,1,0,Hyderabad,Approved,0
111424.51,Accident,KEM Hospital,16,1,Bengaluru,Pending,1
354889.9,Theft,Apollo Hospital,7,1,Chennai,Pending,1
283882.67,Vehicle,Manipal Hospital,17,1,Nashik,Approved,0
362071.88,Accident,AIIMS,16,1,Mumbai,Rejected,1
85158.42,Accident,Max Hospital,3,1,Hyderabad,Approved,0
598597.18,Vehicle,Ruby Hall Clinic,12,1,Nagpur,Approved,1
213454.37,Vehicle,AIIMS,17,0,Bengaluru,Rejected,0
579842.57,Medical,Max Hospital,11,1,Chennai,Pending,1
543689.24,Theft,Fortis Hospital,4,1,Chennai,Pending,1
372501.4,Medical,Ruby Hall Clinic,5,1,Bengaluru,Approved,0
362648.1,Vehicle,Max Hospital,17,1,Nagpur,Pending,1
519108.18,Medical,Fortis Hospital,13,1,Mumbai,Approved,0
559188.93,Theft,Fortis Hospital,15,1,Nagpur,Pending,1
536380.62,Fire,KEM Hospital,4,0,Chennai,Approved,0
73581.56,Theft,KEM Hospital,3,1,Hyderabad,Approved,0
564752.99,Fire,KEM Hospital,17,0,Bengaluru,Rejected,0
174116.37,Accident,KEM Hospital,13,1,Mumbai,Pending,0
249409.3,Theft,AIIMS,19,1,Bengaluru,Approved,0
473085.55,Theft,AIIMS,6,1,Nashik,Approved,0
334675.48,Accident,Manipal Hospital,20,1,Hyderabad,Pending,1
498575.23,Fire,Apollo Hospital,19,0,Bengaluru,Pending,1
121013.35,Fire,Max Hospital,12,0,Chennai,Approved,0
462075.71,Fire,Max Hospital,2,1,Nagpur,Pending,0
573274.85,Fire,Manipal Hospital,11,0,Bengaluru,Approved,1
505702.06,Theft,Fortis Hospital,13,1,Hyderabad,Approved,1
181974.06,Fire,KEM Hospital,4,0,Nagpur,Pending,0
456820.83,Accident,Fortis Hospital,3,1,Hyderabad,Approved,0
550330.6,Fire,Ruby Hall Clinic,20,0,Nagpur,Approved,1
293961.02,Medical,Manipal Hospital,10,1,Pune,Pending,0
315151.73,Accident,Ruby Hall Clinic,6,1,Raipur,Approved,0
429532.81,Medical,KEM Hospital,2,1,Chennai,Approved,0
440548.87,Vehicle,Fortis Hospital,6,1,Hyderabad,Pending,0
345695.33,Medical,Ruby Hall Clinic,12,1,Hyderabad,Approved,0
67791.65,Accident,Ruby Hall Clinic,17,1,Nashik,Rejected,0
412210.22,Fire,Ruby Hall Clinic,3,1,Raipur,Approved,0
249274.62,Fire,Manipal Hospital,10,0,Nagpur,Approved,0
80392.37,Fire,Fortis Hospital,10,1,Delhi,Approved,0
63168.95,Theft,AIIMS,9,1,Hyderabad,Approved,0
396775.97,Vehicle,AIIMS,7,0,Bengaluru,Approved,0
409365.17,Fire,Max Hospital,15,1,Nashik,Approved,0
41216.67,Accident,Max Hospital,6,1,Nashik,Approved,0
346076.32,Fire,Apollo Hospital,0,1,Delhi,Pending,0
271329.07,Medical,Ruby Hall Clinic,18,1,Raipur,Pending,0
515746.99,Medical,AIIMS,13,1,Hyderabad,Approved,0
48994.17,Fire,Manipal Hospital,19,0,Delhi,Approved,0
198460.64,Fire,Apollo Hospital,9,0,Pune,Approved,0
469042.37,Accident,KEM Hospital,11,1,Bengaluru,Approved,0
151673.53,Vehicle,Manipal Hospital,8,1,Bengaluru,Approved,0
365166.67,Fire,AIIMS,13,1,Bengaluru,Pending,1
234235.83,Fire,Apollo Hospital,0,1,Nashik,Approved,0
363268.24,Medical,AIIMS,19,1,Raipur,Approved,1
447911.67,Accident,Apollo Hospital,5,1,Nashik,Rejected,0
535700.19,Vehicle,Max Hospital,5,1,Nagpur,Approved,0
391361.64,Fire,Apollo Hospital,7,1,Nashik,Pending,1
52250.97,Theft,Fortis Hospital,11,1,Nashik,Approved,0
136087.74,Vehicle,Fortis Hospital,8,1,Pune,Approved,0
73247.47,Theft,Manipal Hospital,16,1,Hyderabad,Approved,0
573742.4,Medical,Fortis Hospital,16,1,Nagpur,Approved,1
337891.38,Fire,Manipal Hospital,20,1,Hyderabad,Pending,1
99986.43,Accident,AIIMS,15,1,Chennai,Approved,0
425587.39,Medical,Max Hospital,13,0,Mumbai,Approved,0
555971.94,Medical,Ruby Hall Clinic,9,0,Raipur,Rejected,0
502797.59,Vehicle,Fortis Hospital,13,1,Pune,Approved,1
99278.87,Medical,Apollo Hospital,17,0,Nagpur,Pending,0
191027.58,Fire,AIIMS,8,1,Nagpur,Approved,0
177202.59,Theft,Manipal Hospital,0,1,Hyderabad,Pending,0
539095.91,Fire,Apollo Hospital,5,1,Pune,Approved,0
285436.2,Medical,Apollo Hospital,17,0,Mumbai,Approved,0
62930.94,Medical,Manipal Hospital,3,1,Nagpur,Approved,0
468559.43,Fire,KEM Hospital,9,1,Hyderabad,Approved,0
455836.22,Accident,AIIMS,12,1,Raipur,Approved,1
6881.88,Medical,Manipal Hospital,19,0,Pune,Approved,0
573035.96,Medical,AIIMS,8,0,Hyderabad,Approved,0
345872.92,Medical,Fortis Hospital,11,1,Bengaluru,Approved,1
76063.02,Vehicle,Apollo Hospital,0,1,Chennai,Approved,0
485428.04,Accident,Max Hospital,20,1,Nagpur,Approved,0
178233.38,Vehicle,Ruby Hall Clinic,19,1,Pune,Pending,1
230133.14,Medical,Apollo Hospital,12,1,Delhi,Approved,0
251682.25,Theft,KEM Hospital,8,1,Delhi,Approved,0
580404.8,Vehicle,AIIMS,18,1,Chennai,Approved,1
597610.03,Fire,Apollo Hospital,6,0,Raipur,Approved,0
359204.48,Fire,KEM Hospital,10,1,Mumbai,Rejected,0
480650.81,Vehicle,AIIMS,15,0,Nagpur,Approved,1
552039.4,Vehicle,Manipal Hospital,8,1,Pune,Approved,0
173522.75,Medical,KEM Hospital,1,1,Raipur,Approved,0
131058.7,Accident,Max Hospital,8,1,Chennai,Rejected,0
521374.95,Accident,Max Hospital,13,1,Nashik,Approved,0
584700.89,Vehicle,Manipal Hospital,2,1,Raipur,Pending,1
253926.66,Fire,Ruby Hall Clinic,3,1,Chennai,Pending,0
112118.94,Theft,Ruby Hall Clinic,2,1,Bengaluru,Rejected,0
310277.71,Accident,Fortis Hospital,4,1,Hyderabad,Approved,0
180594.68,Theft,Manipal Hospital,20,1,Chennai,Rejected,0
198377.25,Accident,Apollo Hospital,9,1,Chennai,Approved,0
63037.91,Vehicle,Fortis Hospital,17,1,Bengaluru,Pending,0
479200.15,Vehicle,Apollo Hospital,4,1,Nashik,Pending,0
198500.71,Medical,Max Hospital,10,0,Delhi,Rejected,0
288068.25,Medical,Ruby Hall Clinic,20,0,Chennai,Approved,0
272243.63,Vehicle,Max Hospital,2,1,Chennai,Approved,0
95302.11,Vehicle,Apollo Hospital,9,1,Bengaluru,Approved,0
86719.01,Vehicle,Ruby Hall Clinic,16,1,Nashik,Rejected,0
163439.58,Vehicle,Max Hospital,16,1,Chennai,Approved,0
195012.85,Accident,Ruby Hall Clinic,14,0,Hyderabad,Approved,1
129959.18,Fire,Max Hospital,14,1,Hyderabad,Approved,0
459621.31,Vehicle,AIIMS,8,1,Raipur,Approved,0
278967.4,Medical,Ruby Hall Clinic,1,1,Mumbai,Pending,0
149994.53,Medical,Max Hospital,19,1,Pune,Pending,1
343762.74,Theft,Manipal Hospital,10,1,Nashik,Rejected,0
368281.91,Medical,KEM Hospital,16,0,Mumbai,Approved,0
41380.93,Fire,Ruby Hall Clinic,19,0,Raipur,Pending,1
134936.15,Medical,AIIMS,3,0,Raipur,Approved,0
526060.39,Theft,Fortis Hospital,11,1,Nashik,Rejected,0
249329.1,Accident,AIIMS,7,1,Chennai,Approved,0
272684.52,Theft,AIIMS,12,0,Mumbai,Rejected,1
247150.12,Theft,KEM Hospital,10,1,Hyderabad,Rejected,0
80745.9,Vehicle,Ruby Hall Clinic,16,1,Mumbai,Approved,0
112842.74,Vehicle,Manipal Hospital,16,1,Mumbai,Approved,0
541708.72,Fire,Manipal Hospital,15,1,Raipur,Pending,1
239964.18,Accident,Manipal Hospital,8,1,Raipur,Rejected,0
434725.94,Fire,KEM Hospital,10,1,Mumbai,Approved,0
468744.05,Fire,AIIMS,6,0,Mumbai,Rejected,0
328705.45,Fire,Manipal Hospital,17,1,Chennai,Approved,1
418106.84,Theft,Ruby Hall Clinic,13,1,Bengaluru,Approved,1
11034.41,Theft,KEM Hospital,10,1,Delhi,Rejected,0
71336.09,Medical,Ruby Hall Clinic,4,1,Delhi,Rejected,0
78240.13,Accident,KEM Hospital,15,1,Nashik,Approved,0
215234.27,Medical,Manipal Hospital,5,1,Raipur,Approved,0
563585.15,Theft,Manipal Hospital,19,1,Nashik,Pending,1
328219.37,Medical,Apollo Hospital,4,0,Bengaluru,Pending,1
27498.06,Theft,KEM Hospital,6,1,Pune,Rejected,0
549081.99,Theft,Fortis Hospital,6,1,Nashik,Rejected,0
572383.21,Fire,Ruby Hall Clinic,1,0,Mumbai,Approved,0
243523.8,Vehicle,KEM Hospital,12,1,Hyderabad,Rejected,0
244100.73,Theft,AIIMS,2,1,Raipur,Approved,0
436978.34,Accident,Manipal Hospital,18,0,Mumbai,Approved,1
126405.38,Vehicle,Manipal Hospital,16,0,Chennai,Approved,0
485215.9,Theft,Apollo Hospital,20,1,Nashik,Approved,1
450017.46,Vehicle,Fortis Hospital,0,1,Pune,Approved,0
158976.11,Fire,Apollo Hospital,17,1,Nashik,Approved,0
264475.28,Accident,Manipal Hospital,16,0,Nashik,Approved,1
95588.92,Vehicle,Apollo Hospital,9,1,Pune,Rejected,0
222386.87,Vehicle,KEM Hospital,10,1,Nashik,Pending,0
383960.05,Fire,Ruby Hall Clinic,4,1,Nashik,Approved,0
39964.4,Vehicle,Fortis Hospital,16,1,Pune,Rejected,0
66968.68,Theft,Fortis Hospital,7,1,Hyderabad,Approved,0
108983.03,Theft,KEM Hospital,17,1,Mumbai,Pending,1
319013.79,Medical,Max Hospital,13,1,Nashik,Pending,1
481226.78,Medical,Manipal Hospital,20,1,Raipur,Pending,1
239332.08,Fire,KEM Hospital,6,1,Raipur,Pending,0
340004.91,Theft,Fortis Hospital,11,1,Bengaluru,Pending,1
525433.98,Vehicle,AIIMS,19,1,Mumbai,Approved,1
581654.62,Fire,AIIMS,20,0,Nashik,Pending,1
392738.66,Vehicle,AIIMS,20,1,Delhi,Approved,1
175764.2,Vehicle,KEM Hospital,3,1,Chennai,Approved,0
530438.11,Medical,KEM Hospital,19,1,Mumbai,Pending,1
302094.55,Accident,Ruby Hall Clinic,8,1,Nashik,Rejected,0
105099.99,Fire,Apollo Hospital,15,1,Nagpur,Rejected,0
114989.83,Medical,Max Hospital,14,0,Chennai,Approved,0
326646.78,Vehicle,Apollo Hospital,11,1,Raipur,Pending,1
562554.57,Accident,Apollo Hospital,3,1,Raipur,Approved,0
406832.08,Fire,Ruby Hall Clinic,0,0,Nagpur,Pending,1
14611.66,Medical,Max Hospital,12,1,Pune,Approved,0
485631.88,Fire,Ruby Hall Clinic,10,0,Delhi,Approved,0
462461.36,Fire,Apollo Hospital,15,1,Mumbai,Pending,1
260779.38,Theft,Fortis Hospital,6,1,Bengaluru,Approved,0
449433.33,Vehicle,AIIMS,4,1,Mumbai,Approved,0
577460.91,Medical,Manipal Hospital,3,0,Raipur,Approved,0
440272.2,Fire,Max Hospital,19,1,Bengaluru,Approved,1
172102.2,Theft,Ruby Hall Clinic,18,1,Nagpur,Approved,0
576464.88,Medical,Apollo Hospital,18,0,Mumbai,Approved,1
98937.63,Fire,Ruby Hall Clinic,14,0,Nashik,Approved,0
57074.43,Vehicle,KEM Hospital,13,1,Mumbai,Approved,0
234971.26,Theft,Ruby Hall Clinic,17,1,Bengaluru,Approved,0
47860.82,Accident,Ruby Hall Clinic,2,1,Nashik,Pending,0
11253.66,Vehicle,KEM Hospital,15,1,Nashik,Approved,0
506651.11,Fire,Fortis Hospital,18,0,Chennai,Rejected,0
150874.74,Accident,Apollo Hospital,11,1,Nagpur,Approved,0
209201.2,Accident,Manipal Hospital,0,1,Delhi,Approved,0
278139.13,Fire,AIIMS,1,1,Delhi,Approved,0
237013.62,Theft,KEM Hospital,18,1,Nagpur,Pending,0
224328.67,Fire,Apollo Hospital,4,1,Mumbai,Approved,0
462574.51,Theft,KEM Hospital,19,1,Bengaluru,Pending,1
411798.18,Fire,Manipal Hospital,12,0,Mumbai,Approved,1
225769.72,Fire,KEM Hospital,13,1,Bengaluru,Pending,0
387820.67,Theft,Ruby Hall Clinic,2,1,Hyderabad,Approved,0
533084.06,Theft,Max Hospital,9,1,Hyderabad,Pending,1
479408.08,Fire,Ruby Hall Clinic,10,0,Nashik,Approved,0
207107.92,Fire,AIIMS,13,1,Chennai,Pending,0
148096.98,Accident,Apollo Hospital,13,1,Bengaluru,Rejected,0
570947.81,Vehicle,KEM Hospital,17,1,Delhi,Rejected,1
327487.11,Accident,Ruby Hall Clinic,6,1,Bengaluru,Approved,0
86123.37,Medical,KEM Hospital,13,1,Hyderabad,Approved,0
505182.04,Theft,KEM Hospital,3,1,Nashik,Pending,0
147014.54,Theft,Ruby Hall Clinic,12,1,Delhi,Pending,1
596080.89,Theft,Max Hospital,15,1,Chennai,Pending,1
430836.36,Medical,Ruby Hall Clinic,14,0,Nashik,Approved,0
581556.1,Vehicle,Apollo Hospital,7,1,Chennai,Approved,0
64131.81,Medical,KEM Hospital,13,0,Chennai,Pending,0
55549.91,Fire,AIIMS,15,0,Chennai,Approved,0
7574.7,Theft,Ruby Hall Clinic,20,1,Nashik,Rejected,0
542921.05,Fire,KEM Hospital,9,1,Pune,Approved,0
286184.61,Accident,Fortis Hospital,8,1,Delhi,Rejected,0
466900.15,Theft,Ruby Hall Clinic,10,1,Chennai,Rejected,0
29982.83,Theft,Manipal Hospital,9,0,Mumbai,Approved,0
44009.35,Vehicle,KEM Hospital,1,1,Mumbai,Approved,0
153958.67,Vehicle,Fortis Hospital,20,1,Mumbai,Approved,0
71367.75,Theft,Manipal Hospital,1,1,Bengaluru,Pending,0
325492.6,Fire,Fortis Hospital,20,0,Hyderabad,Pending,1
267330.35,Fire,KEM Hospital,9,0,Mumbai,Approved,0
595678.86,Fire,Max Hospital,4,0,Nashik,Approved,0
387858.63,Accident,Ruby Hall Clinic,19,1,Nagpur,Approved,1
272826.98,Theft,KEM Hospital,1,1,Mumbai,Pending,0
338253.18,Vehicle,AIIMS,20,1,Nagpur,Approved,1
388430.45,Accident,Max Hospital,11,1,Raipur,Rejected,1
122990.29,Medical,Max Hospital,8,1,Bengaluru,Approved,0
128716.91,Theft,Max Hospital,17,1,Bengaluru,Approved,0
313523.02,Fire,KEM Hospital,20,0,Raipur,Pending,1
251351.28,Vehicle,AIIMS,18,1,Pune,Approved,0
409513.45,Vehicle,Apollo Hospital,13,1,Raipur,Pending,1
483966.96,Medical,Manipal Hospital,9,0,Mumbai,Approved,0
174957.05,Accident,AIIMS,9,1,Nagpur,Approved,0
35547.07,Theft,Max Hospital,8,1,Hyderabad,Pending,0
415513.51,Theft,Apollo Hospital,6,1,Mumbai,Pending,1
245264.66,Medical,AIIMS,5,1,Delhi,Approved,0
323090.53,Theft,AIIMS,2,1,Raipur,Approved,0
165677.42,Medical,KEM Hospital,0,1,Mumbai,Approved,0
9401.31,Accident,AIIMS,3,1,Delhi,Approved,0
118806.32,Theft,Manipal Hospital,13,1,Hyderabad,Approved,0
276837.93,Vehicle,Max Hospital,18,1,Bengaluru,Rejected,0
356802.56,Theft,AIIMS,0,1,Nashik,Approved,0
585931.91,Fire,Fortis Hospital,6,1,Nagpur,Rejected,0
471713.91,Fire,KEM Hospital,13,0,Nagpur,Approved,0
262681.99,Accident,Manipal Hospital,1,1,Chennai,Approved,0
221067.44,Fire,Fortis Hospital,15,1,Nagpur,Approved,0
340604.1,Accident,AIIMS,18,1,Bengaluru,Approved,1
62589.02,Theft,Max Hospital,1,1,Pune,Approved,0
129958.19,Theft,Apollo Hospital,11,1,Bengaluru,Pending,1
541354.48,Fire,KEM Hospital,6,1,Mumbai,Approved,0
423131.67,Vehicle,AIIMS,11,1,Bengaluru,Approved,1
59081.62,Medical,Manipal Hospital,4,1,Nagpur,Approved,0
40002.16,Vehicle,AIIMS,15,0,Hyderabad,Rejected,0
154303.12,Fire,AIIMS,0,0,Mumbai,Approved,0
79032.47,Accident,Manipal Hospital,19,0,Chennai,Approved,1
445395.8,Medical,KEM Hospital,19,1,Raipur,Pending,1
52929.74,Theft,Ruby Hall Clinic,7,1,Raipur,Approved,0
518655.92,Medical,Max Hospital,4,0,Nagpur,Approved,0
442624.01,Theft,Manipal Hospital,6,1,Nashik,Rejected,0
143202.37,Medical,Ruby Hall Clinic,15,1,Raipur,Approved,0
132908.18,Medical,Ruby Hall Clinic,17,1,Chennai,Pending,1
465924.32,Theft,Manipal Hospital,11,1,Delhi,Approved,0
523315.12,Accident,KEM Hospital,5,1,Raipur,Rejected,0
67140.39,Fire,AIIMS,10,0,Bengaluru,Pending,0
203961.49,Theft,Fortis Hospital,4,1,Hyderabad,Approved,0
449379.87,Medical,Max Hospital,10,0,Raipur,Pending,0
153667.83,Vehicle,Fortis Hospital,0,1,Hyderabad,Rejected,0
458022.85,Vehicle,Max Hospital,12,1,Nashik,Approved,0
540067.21,Fire,Fortis Hospital,20,0,Nashik,Pending,1
36797.3,Fire,Fortis Hospital,19,1,Bengaluru,Approved,0
30022.8,Medical,Fortis Hospital,11,0,Raipur,Approved,0
95218.81,Accident,Ruby Hall Clinic,6,1,Mumbai,Approved,0
531855.61,Accident,AIIMS,4,1,Nagpur,Approved,0
223192.81,Medical,Fortis Hospital,6,1,Nashik,Rejected,0
35520.27,Medical,KEM Hospital,10,0,Hyderabad,Approved,0
70227.13,Vehicle,Apollo Hospital,12,1,Delhi,Approved,0
189742.97,Theft,Manipal Hospital,7,1,Raipur,Approved,0
340717.91,Accident,Manipal Hospital,20,1,Raipur,Approved,1
551194.9,Fire,Apollo Hospital,6,1,Raipur,Pending,1
519102.6,Accident,Manipal Hospital,16,0,Hyderabad,Pending,1
52327.98,Theft,Max Hospital,16,1,Mumbai,Pending,0
111818.01,Vehicle,AIIMS,7,1,Hyderabad,Approved,0
372315.18,Accident,Apollo Hospital,17,1,Chennai,Pending,1
306957.17,Medical,Fortis Hospital,11,1,Nagpur,Approved,1
592361.01,Vehicle,Manipal Hospital,15,1,Chennai,Approved,0
488237.35,Accident,AIIMS,1,1,Chennai,Approved,0
494754.46,Theft,Fortis Hospital,10,1,Chennai,Pending,0
308700.93,Accident,Apollo Hospital,4,1,Delhi,Pending,0
383826.51,Fire,Ruby Hall Clinic,13,1,Raipur,Pending,1
173409.85,Fire,Apollo Hospital,14,0,Mumbai,Approved,0
439532.03,Vehicle,KEM Hospital,5,1,Nagpur,Approved,0
424793.59,Vehicle,Manipal Hospital,13,1,Nagpur,Approved,1
588164.32,Accident,Fortis Hospital,17,1,Bengaluru,Approved,0
337392.96,Medical,Manipal Hospital,10,1,Raipur,Approved,0
192780.1,Vehicle,AIIMS,2,1,Mumbai,Approved,0
461960.08,Accident,Apollo Hospital,7,1,Delhi,Pending,1
331914.99,Vehicle,Apollo Hospital,8,1,Mumbai,Approved,0
59013.75,Vehicle,Max Hospital,11,1,Pune,Approved,0
178027.31,Medical,Max Hospital,10,1,Pune,Approved,0
307682.54,Fire,Max Hospital,17,0,Bengaluru,Rejected,1
431108.59,Fire,Manipal Hospital,14,1,Nashik,Rejected,0
79769.62,Fire,Ruby Hall Clinic,15,0,Chennai,Pending,1
48734.38,Medical,Ruby Hall Clinic,17,1,Bengaluru,Approved,0
216743.63,Theft,Fortis Hospital,16,1,Hyderabad,Approved,0
393726.87,Fire,Manipal Hospital,15,0,Mumbai,Approved,1
405829.49,Theft,Ruby Hall Clinic,0,1,Bengaluru,Pending,1
285679.6,Vehicle,AIIMS,3,1,Nagpur,Approved,0
314158.62,Theft,Ruby Hall Clinic,4,1,Pune,Approved,0
170335.68,Theft,Ruby Hall Clinic,20,0,Bengaluru,Approved,1
112102.65,Theft,AIIMS,10,1,Delhi,Pending,0
227296.73,Accident,KEM Hospital,2,1,Nashik,Approved,0
18298.52,Vehicle,Fortis Hospital,6,1,Chennai,Approved,0
589432.22,Theft,KEM Hospital,11,0,Hyderabad,Pending,1
111972.66,Accident,AIIMS,13,0,Pune,Approved,1
358994.02,Medical,KEM Hospital,5,0,Chennai,Approved,0
376054.64,Fire,KEM Hospital,3,1,Mumbai,Approved,0
280166.2,Theft,Manipal Hospital,1,1,Hyderabad,Rejected,0
36886.45,Vehicle,KEM Hospital,14,1,Nashik,Pending,0
354503.64,Medical,Manipal Hospital,12,1,Mumbai,Pending,1
110010.19,Theft,Apollo Hospital,0,0,Delhi,Pending,1
39788.57,Fire,Apollo Hospital,8,1,Nashik,Approved,0
520190.14,Theft,Apollo Hospital,20,1,Mumbai,Approved,1
249463.05,Accident,KEM Hospital,9,1,Raipur,Pending,0
131002.86,Accident,Manipal Hospital,3,1,Mumbai,Rejected,0
579833.08,Vehicle,Manipal Hospital,0,1,Bengaluru,Pending,1
422998.34,Theft,Manipal Hospital,4,1,Raipur,Approved,0
339109.17,Accident,Fortis Hospital,18,1,Chennai,Approved,1
594673.88,Fire,Max Hospital,8,0,Mumbai,Pending,0
374281.01,Accident,KEM Hospital,0,1,Bengaluru,Pending,0
367155.63,Medical,Ruby Hall Clinic,10,1,Raipur,Pending,1
413607.72,Fire,Max Hospital,11,1,Nashik,Approved,0
476328.17,Vehicle,Max Hospital,5,1,Mumbai,Approved,0
587350.19,Fire,Manipal Hospital,8,0,Chennai,Pending,0
137171.59,Accident,KEM Hospital,14,1,Nashik,Rejected,0
449684.06,Fire,KEM Hospital,4,1,Pune,Approved,0
263559.76,Fire,Fortis Hospital,6,0,Chennai,Pending,0
377295.26,Medical,Manipal Hospital,17,1,Pune,Pending,1
407254.66,Fire,Max Hospital,17,0,Pune,Approved,1
433939.86,Accident,Manipal Hospital,8,1,Nashik,Pending,0
482308.92,Vehicle,Manipal Hospital,3,1,Raipur,Approved,0
7293.99,Vehicle,KEM Hospital,7,1,Nagpur,Approved,0
293888.28,Accident,Max Hospital,20,0,Mumbai,Approved,1
386952.74,Medical,Manipal Hospital,19,0,Delhi,Approved,1
578473.81,Theft,AIIMS,9,1,Chennai,Approved,0
408862.42,Theft,AIIMS,18,1,Raipur,Pending,1
407859.17,Accident,Ruby Hall Clinic,0,0,Hyderabad,Rejected,1
558736.24,Theft,Max Hospital,0,1,Nagpur,Approved,0
251160.48,Accident,Max Hospital,9,1,Chennai,Approved,0
62940.53,Theft,Apollo Hospital,19,0,Hyderabad,Pending,1
219757.17,Accident,Fortis Hospital,13,1,Hyderabad,Approved,0
356422.64,Medical,Max Hospital,7,0,Nagpur,Approved,0
178527.18,Vehicle,KEM Hospital,15,0,Hyderabad,Pending,0
84467.22,Theft,Fortis Hospital,2,0,Pune,Approved,1
172528.95,Medical,AIIMS,20,1,Raipur,Pending,1
476700.67,Medical,Max Hospital,0,0,Delhi,Approved,0
396293.29,Fire,KEM Hospital,6,1,Bengaluru,Approved,0
17617.23,Fire,Max Hospital,0,1,Bengaluru,Rejected,0
68819.93,Accident,Fortis Hospital,11,1,Raipur,Pending,1
373266.16,Medical,KEM Hospital,14,0,Hyderabad,Approved,1
208970.05,Vehicle,Manipal Hospital,18,1,Hyderabad,Pending,0
416643.26,Medical,Manipal Hospital,7,1,Nashik,Approved,0
21044.52,Accident,KEM Hospital,18,1,Bengaluru,Pending,1
286688.96,Vehicle,Fortis Hospital,12,1,Hyderabad,Approved,0
86715.84,Theft,Fortis Hospital,17,1,Nashik,Rejected,0
255563.9,Theft,AIIMS,5,1,Chennai,Approved,0
364313.36,Medical,Manipal Hospital,16,1,Chennai,Approved,1
582524.19,Vehicle,AIIMS,6,1,Delhi,Rejected,0
278434.17,Accident,Fortis Hospital,1,1,Hyderabad,Rejected,0
211762.79,Medical,Fortis Hospital,19,1,Delhi,Approved,0
591352.45,Fire,AIIMS,11,0,Pune,Approved,0
116005.97,Vehicle,KEM Hospital,20,1,Nagpur,Approved,0
195011.37,Fire,KEM Hospital,14,0,Delhi,Approved,0
544571.68,Theft,Fortis Hospital,13,1,Delhi,Pending,1
177071.45,Theft,Apollo Hospital,18,1,Mumbai,Pending,0
260939.73,Fire,KEM Hospital,0,1,Bengaluru,Approved,0
377797.64,Medical,AIIMS,8,0,Mumbai,Approved,0
587555.37,Fire,Fortis Hospital,4,0,Hyderabad,Approved,0
38955.91,Accident,Max Hospital,14,1,Bengaluru,Approved,0
369938.83,Medical,AIIMS,17,1,Bengaluru,Pending,1
137318.25,Fire,Apollo Hospital,12,0,Bengaluru,Approved,0
159440.48,Vehicle,Apollo Hospital,18,1,Nagpur,Approved,0
73096.93,Medical,AIIMS,3,1,Pune,Pending,0
358307.11,Medical,Ruby Hall Clinic,8,1,Chennai,Pending,0
67610.8,Theft,KEM Hospital,14,1,Hyderabad,Approved,0
556094.7,Fire,Ruby Hall Clinic,11,0,Delhi,Rejected,1
522375.99,Theft,Fortis Hospital,0,1,Raipur,Approved,0
197021.81,Fire,Max Hospital,17,0,Nagpur,Approved,0
303233.2,Vehicle,Manipal Hospital,18,1,Hyderabad,Rejected,1
70445.94,Fire,Apollo Hospital,17,0,Chennai,Approved,0
588769.16,Accident,Apollo Hospital,17,1,Pune,Approved,0
363569.31,Fire,Apollo Hospital,5,1,Bengaluru,Approved,0
463581.35,Accident,Fortis Hospital,3,1,Raipur,Rejected,0
120121.84,Accident,Apollo Hospital,6,1,Hyderabad,Pending,0
260819.06,Vehicle,Manipal Hospital,10,1,Bengaluru,Approved,0
521449.43,Theft,Max Hospital,18,1,Chennai,Approved,1
421442.21,Accident,Max Hospital,20,1,Raipur,Approved,0
488995.18,Fire,KEM Hospital,12,1,Pune,Approved,0
434276.25,Theft,Ruby Hall Clinic,1,1,Nagpur,Approved,0
586777.34,Accident,Ruby Hall Clinic,1,0,Delhi,Rejected,1
77249.96,Medical,KEM Hospital,16,0,Chennai,Pending,1
104098.13,Fire,Fortis Hospital,19,1,Hyderabad,Approved,0
507774.56,Theft,Manipal Hospital,18,1,Raipur,Approved,0
235630.54,Theft,Manipal Hospital,19,1,Chennai,Rejected,0
163798.72,Medical,Ruby Hall Clinic,16,1,Bengaluru,Approved,0
536718.66,Accident,AIIMS,1,1,Nashik,Approved,0
97701.81,Vehicle,Manipal Hospital,6,1,Nagpur,Pending,0
336920.7,Fire,KEM Hospital,8,1,Bengaluru,Approved,0
196504.37,Accident,Fortis Hospital,0,1,Delhi,Approved,0
411419.86,Accident,Apollo Hospital,10,1,Chennai,Approved,0
159402.25,Theft,Manipal Hospital,3,1,Nagpur,Approved,0
494441.17,Accident,Apollo Hospital,6,1,Nashik,Approved,0
373664.77,Fire,Fortis Hospital,18,1,Nashik,Approved,1
418963.06,Vehicle,Fortis Hospital,8,1,Raipur,Rejected,0
569165.55,Fire,Manipal Hospital,15,0,Mumbai,Approved,1
247714.41,Vehicle,AIIMS,16,1,Delhi,Approved,0
479053.32,Vehicle,Max Hospital,17,1,Hyderabad,Pending,1
293436.91,Theft,KEM Hospital,17,1,Hyderabad,Approved,0
255564.65,Fire,KEM Hospital,9,1,Raipur,Rejected,0
70184.06,Theft,Ruby Hall Clinic,16,1,Chennai,Pending,1
297372.78,Vehicle,Fortis Hospital,10,1,Bengaluru,Approved,0
305173.45,Medical,KEM Hospital,1,0,Hyderabad,Approved,0
418946.97,Theft,KEM Hospital,16,1,Chennai,Pending,1
479324.98,Accident,Max Hospital,17,1,Mumbai,Pending,1
241039.52,Vehicle,KEM Hospital,11,1,Raipur,Rejected,0
102270.77,Accident,AIIMS,13,1,Chennai,Pending,1
439875.57,Medical,Fortis Hospital,11,0,Raipur,Pending,1
20840.2,Accident,KEM Hospital,8,1,Raipur,Approved,0
213783.96,Theft,Manipal Hospital,17,1,Delhi,Pending,1
456773.85,Accident,KEM Hospital,6,1,Delhi,Approved,0
144902.44,Accident,Apollo Hospital,9,1,Nagpur,Approved,0
461013.96,Accident,Manipal Hospital,17,1,Chennai,Approved,1
453426.87,Theft,Fortis Hospital,4,1,Raipur,Approved,0
20806.43,Medical,Ruby Hall Clinic,8,1,Raipur,Pending,0
204773.86,Fire,KEM Hospital,11,0,Delhi,Approved,0
302290.41,Fire,Apollo Hospital,18,1,Nashik,Approved,1
403290.12,Accident,AIIMS,3,1,Chennai,Approved,0
459435.54,Theft,Ruby Hall Clinic,3,1,Raipur,Approved,0
495873.68,Theft,KEM Hospital,8,1,Nagpur,Approved,0
133457.91,Theft,Ruby Hall Clinic,3,1,Raipur,Approved,0
19544.34,Accident,Max Hospital,0,1,Raipur,Approved,0
408839.5,Accident,Manipal Hospital,8,1,Pune,Approved,0
398042.24,Theft,Fortis Hospital,4,1,Pune,Approved,0
595316.32,Theft,KEM Hospital,5,1,Nashik,Approved,0
336536.61,Medical,Apollo Hospital,3,0,Raipur,Approved,0
552407.4,Accident,KEM Hospital,0,1,Nashik,Approved,0
147244.3,Medical,Manipal Hospital,4,1,Bengaluru,Approved,0
85523.84,Fire,KEM Hospital,9,1,Raipur,Approved,0
9053.38,Medical,KEM Hospital,2,1,Pune,Approved,0
540132.28,Fire,Max Hospital,0,1,Raipur,Approved,0
174876.64,Medical,Ruby Hall Clinic,0,1,Nagpur,Pending,0
368281.81,Accident,Manipal Hospital,9,1,Raipur,Rejected,0
63228.04,Theft,KEM Hospital,4,1,Nashik,Approved,0
482544.32,Accident,AIIMS,8,1,Delhi,Approved,0
220536.16,Medical,Fortis Hospital,13,0,Bengaluru,Approved,0
252283.72,Medical,Max Hospital,8,1,Bengaluru,Approved,0
571582.36,Vehicle,KEM Hospital,0,1,Pune,Approved,0
127578.44,Accident,Max Hospital,18,1,Raipur,Approved,0
36915.53,Accident,Manipal Hospital,3,0,Delhi,Pending,1
480722.83,Accident,Ruby Hall Clinic,12,1,Chennai,Pending,1
593763.84,Vehicle,KEM Hospital,6,1,Nagpur,Approved,0
522934.76,Vehicle,Manipal Hospital,11,1,Chennai,Rejected,0
569081.05,Medical,AIIMS,2,1,Pune,Pending,1
38963.22,Medical,KEM Hospital,10,1,Hyderabad,Approved,0
137422.41,Medical,Max Hospital,16,0,Mumbai,Rejected,0
428266.5,Accident,AIIMS,10,1,Chennai,Approved,0
61500.46,Fire,KEM Hospital,16,1,Nagpur,Approved,0
447529.84,Accident,AIIMS,16,0,Nagpur,Pending,1
492748.44,Vehicle,AIIMS,13,1,Nashik,Rejected,1
387378.97,Theft,Manipal Hospital,9,0,Delhi,Rejected,1
199254.79,Medical,Max Hospital,16,1,Mumbai,Pending,0
269898.47,Accident,Apollo Hospital,12,1,Chennai,Approved,0
195667.21,Theft,KEM Hospital,20,1,Bengaluru,Approved,0
302187.65,Medical,Apollo Hospital,9,0,Raipur,Pending,1
321647.09,Medical,Apollo Hospital,12,1,Bengaluru,Approved,0
472145.51,Fire,AIIMS,4,0,Pune,Pending,1
517357.15,Vehicle,Fortis Hospital,20,1,Pune,Approved,1
465086.13,Medical,KEM Hospital,17,0,Pune,Rejected,1
428953.88,Vehicle,Apollo Hospital,16,1,Mumbai,Approved,1
50806.72,Fire,Max Hospital,11,1,Nagpur,Approved,0
337710.87,Theft,Max Hospital,4,1,Raipur,Rejected,0
362980.74,Medical,KEM Hospital,16,1,Nashik,Approved,0
390499.74,Accident,KEM Hospital,11,1,Raipur,Rejected,1
253452.19,Fire,Max Hospital,20,1,Hyderabad,Pending,1
352272.72,Medical,Ruby Hall Clinic,3,0,Nashik,Approved,0
140644.96,Medical,Max Hospital,3,0,Mumbai,Rejected,0
529278.81,Accident,KEM Hospital,5,1,Nashik,Approved,0
373148.3,Fire,Apollo Hospital,0,1,Bengaluru,Approved,0
593095.33,Accident,Fortis Hospital,13,1,Nashik,Approved,0
339899.3,Vehicle,Max Hospital,11,0,Nagpur,Approved,1
200040.54,Vehicle,Max Hospital,14,1,Hyderabad,Rejected,0
343067.27,Medical,Manipal Hospital,11,1,Hyderabad,Approved,0
38006.4,Theft,Max Hospital,1,1,Raipur,Approved,0
246873.54,Fire,Max Hospital,4,1,Pune,Approved,0
90236.6,Fire,Max Hospital,1,0,Nagpur,Approved,0
162156.19,Accident,Ruby Hall Clinic,6,1,Bengaluru,Pending,0
463009.15,Accident,AIIMS,0,1,Pune,Rejected,0
141283.12,Vehicle,Manipal Hospital,17,1,Mumbai,Approved,0
198629.99,Vehicle,Apollo Hospital,5,1,Delhi,Rejected,0
403751.65,Fire,Max Hospital,12,0,Pune,Approved,1
360359.18,Medical,Manipal Hospital,16,1,Hyderabad,Approved,1
245658.76,Medical,KEM Hospital,1,0,Delhi,Approved,0
257695.14,Accident,Max Hospital,10,0,Nashik,Pending,1
325183.62,Vehicle,Apollo Hospital,1,1,Hyderabad,Approved,0
499131.47,Theft,Max Hospital,15,1,Bengaluru,Rejected,1
346086.04,Medical,Apollo Hospital,1,0,Pune,Approved,0
86042.09,Accident,Ruby Hall Clinic,5,1,Hyderabad,Approved,0
352028.66,Theft,Ruby Hall Clinic,3,1,Delhi,Approved,0
202948.63,Vehicle,Ruby Hall Clinic,7,1,Bengaluru,Rejected,0
425362.41,Theft,Fortis Hospital,8,1,Mumbai,Approved,0
423657.1,Medical,Apollo Hospital,3,1,Bengaluru,Rejected,0
390739.03,Accident,Fortis Hospital,0,1,Delhi,Approved,0
314582.18,Theft,Manipal Hospital,0,1,Nagpur,Rejected,0
197157.48,Theft,Max Hospital,9,1,Bengaluru,Approved,0
414937.2,Accident,Fortis Hospital,16,1,Nashik,Rejected,0
359279.87,Accident,AIIMS,8,1,Chennai,Approved,0
206938.82,Fire,Manipal Hospital,19,0,Chennai,Approved,0
416989.41,Medical,AIIMS,7,1,Delhi,Approved,0
396256.96,Vehicle,Fortis Hospital,8,1,Delhi,Pending,1
182073.15,Fire,Manipal Hospital,3,0,Pune,Pending,0
570409.7,Fire,Max Hospital,0,0,Bengaluru,Rejected,0
19024.04,Accident,Manipal Hospital,9,1,Mumbai,Pending,0
120864.79,Fire,AIIMS,11,1,Raipur,Pending,0
71612.79,Medical,Apollo Hospital,20,0,Raipur,Pending,0
243965.12,Fire,Max Hospital,15,1,Raipur,Approved,0
588578.4,Theft,Ruby Hall Clinic,5,1,Nagpur,Approved,0
209610.66,Vehicle,Manipal Hospital,17,1,Delhi,Approved,0
282485.66,Vehicle,Fortis Hospital,3,1,Bengaluru,Rejected,0
506162.99,Fire,KEM Hospital,0,1,Delhi,Approved,0
127682.95,Vehicle,Max Hospital,5,1,Chennai,Rejected,0
94901.01,Medical,Apollo Hospital,6,0,Hyderabad,Pending,0
112606.27,Fire,Max Hospital,12,0,Raipur,Pending,1
306365.8,Vehicle,AIIMS,6,1,Raipur,Approved,0
20080.1,Theft,Fortis Hospital,12,0,Nashik,Pending,1
177071.66,Fire,Max Hospital,12,0,Delhi,Rejected,0
193296.7,Vehicle,AIIMS,2,1,Nashik,Approved,0
401049.2,Accident,Max Hospital,2,1,Bengaluru,Pending,0
109170.71,Theft,Apollo Hospital,1,1,Nashik,Approved,0
110379.24,Fire,Manipal Hospital,17,0,Pune,Rejected,0
398573.13,Theft,KEM Hospital,2,1,Hyderabad,Approved,0
589759.44,Medical,Manipal Hospital,17,1,Nagpur,Pending,1
92398.05,Medical,KEM Hospital,9,0,Nashik,Approved,0
433860.22,Accident,Manipal Hospital,7,1,Pune,Approved,0
340372.54,Fire,AIIMS,13,0,Pune,Approved,0
175513.88,Vehicle,Max Hospital,11,1,Delhi,Pending,0
534279.59,Fire,Manipal Hospital,16,0,Nagpur,Approved,1
539852.6,Fire,Apollo Hospital,4,0,Nagpur,Approved,0
589445.05,Medical,Fortis Hospital,13,1,Hyderabad,Approved,0
585279.03,Accident,Manipal Hospital,4,1,Delhi,Approved,0
376024.69,Fire,KEM Hospital,5,0,Raipur,Approved,0
505454.16,Vehicle,Ruby Hall Clinic,10,1,Nagpur,Pending,0
394540.12,Medical,Ruby Hall Clinic,11,0,Chennai,Approved,1
533609.73,Fire,KEM Hospital,17,1,Bengaluru,Approved,1
168711.19,Medical,Fortis Hospital,5,1,Bengaluru,Approved,0
291804.5,Accident,Manipal Hospital,2,1,Raipur,Approved,0
179411.11,Accident,Apollo Hospital,2,1,Nashik,Approved,0
83596.88,Accident,AIIMS,6,1,Nagpur,Approved,0
590369.24,Vehicle,Manipal Hospital,18,1,Mumbai,Approved,1
236099.97,Medical,AIIMS,0,0,Raipur,Pending,0
551065.59,Fire,Fortis Hospital,10,0,Delhi,Rejected,0
318830.53,Fire,Ruby Hall Clinic,4,1,Bengaluru,Approved,0
229842.69,Medical,AIIMS,12,0,Chennai,Approved,0
599843.95,Medical,AIIMS,9,0,Nagpur,Approved,0
428865.54,Vehicle,AIIMS,8,1,Nashik,Approved,0
46408.61,Medical,Manipal Hospital,0,1,Hyderabad,Rejected,0
546257.66,Medical,Ruby Hall Clinic,19,1,Chennai,Approved,1
172538.31,Vehicle,Apollo Hospital,17,1,Bengaluru,Approved,0
238226.69,Theft,Ruby Hall Clinic,8,1,Raipur,Approved,0
435212.63,Medical,KEM Hospital,18,0,Raipur,Approved,0
338868.43,Medical,Ruby Hall Clinic,2,1,Chennai,Approved,0
493605.54,Accident,Max Hospital,19,1,Mumbai,Approved,1
301076.52,Accident,Fortis Hospital,3,1,Pune,Approved,0
468701.68,Fire,Max Hospital,12,1,Mumbai,Approved,1
297399.35,Fire,Fortis Hospital,6,1,Mumbai,Approved,0
114021.24,Vehicle,Apollo Hospital,1,1,Delhi,Pending,0
327180.62,Fire,AIIMS,2,1,Pune,Pending,0
155123.57,Vehicle,Ruby Hall Clinic,17,1,Chennai,Pending,1
457731.5,Accident,Manipal Hospital,17,1,Nashik,Pending,1
306432.16,Fire,Manipal Hospital,1,0,Bengaluru,Approved,0
548453.46,Theft,Fortis Hospital,19,1,Nagpur,Pending,1
511793.86,Fire,KEM Hospital,10,0,Chennai,Pending,1
293413.94,Accident,Max Hospital,14,1,Delhi,Approved,0
155669.87,Medical,Apollo Hospital,4,1,Nagpur,Approved,0
343967.22,Fire,Manipal Hospital,3,0,Delhi,Approved,0
572891.3,Vehicle,Apollo Hospital,19,1,Bengaluru,Approved,1
175281.9,Medical,Max Hospital,14,1,Nashik,Approved,0
20189.87,Fire,Manipal Hospital,1,1,Raipur,Rejected,0
409096.68,Theft,Apollo Hospital,15,1,Hyderabad,Approved,1
304702.78,Accident,Fortis Hospital,3,0,Hyderabad,Rejected,1
163906.56,Medical,Apollo Hospital,9,1,Delhi,Approved,0
133091.47,Medical,Apollo Hospital,14,1,Nashik,Pending,1
539875.0,Medical,Manipal Hospital,13,1,Nagpur,Approved,1
423583.35,Medical,Apollo Hospital,1,0,Chennai,Pending,1
31752.92,Theft,Ruby Hall Clinic,19,1,Raipur,Pending,0
368541.64,Theft,KEM Hospital,14,1,Delhi,Approved,1
333021.64,Medical,Fortis Hospital,0,1,Hyderabad,Pending,1
545359.79,Theft,Max Hospital,11,1,Pune,Approved,0
532983.34,Theft,Max Hospital,14,1,Nagpur,Approved,1
544461.81,Accident,Manipal Hospital,16,1,Pune,Pending,1
455767.79,Vehicle,KEM Hospital,13,1,Chennai,Approved,1
412125.13,Medical,KEM Hospital,16,1,Hyderabad,Approved,1
159808.23,Medical,Manipal Hospital,20,0,Mumbai,Approved,0
517299.65,Accident,Manipal Hospital,2,1,Pune,Rejected,0
429293.44,Vehicle,KEM Hospital,13,0,Chennai,Rejected,1
584711.63,Accident,Manipal Hospital,3,1,Raipur,Approved,0
254228.81,Accident,Fortis Hospital,13,1,Chennai,Approved,0
58100.95,Medical,KEM Hospital,14,0,Delhi,Pending,0
120314.94,Fire,Ruby Hall Clinic,6,1,Bengaluru,Approved,0
144206.08,Vehicle,Max Hospital,12,1,Pune,Rejected,0
576393.21,Medical,AIIMS,7,1,Raipur,Approved,0
179416.9,Theft,KEM Hospital,7,1,Mumbai,Rejected,0
430596.66,Vehicle,Manipal Hospital,13,1,Nagpur,Pending,1
29456.69,Theft,Apollo Hospital,0,1,Chennai,Approved,0
130356.18,Theft,KEM Hospital,16,1,Chennai,Approved,0
195000.32,Medical,KEM Hospital,13,1,Pune,Pending,0
298253.56,Medical,Max Hospital,13,0,Nagpur,Pending,1
230774.13,Accident,Manipal Hospital,12,1,Chennai,Approved,0
535145.73,Vehicle,Ruby Hall Clinic,9,1,Raipur,Approved,0
477556.18,Accident,Ruby Hall Clinic,2,1,Chennai,Approved,0
204948.36,Accident,KEM Hospital,12,1,Bengaluru,Approved,0
232590.72,Accident,Fortis Hospital,8,1,Hyderabad,Rejected,0
588209.8,Fire,Ruby Hall Clinic,19,0,Bengaluru,Pending,1
239082.26,Medical,Manipal Hospital,7,0,Bengaluru,Rejected,0
552152.11,Vehicle,Apollo Hospital,4,1,Delhi,Approved,0
72671.92,Theft,KEM Hospital,18,1,Chennai,Rejected,0
578703.92,Theft,Apollo Hospital,4,1,Raipur,Pending,0
450676.42,Vehicle,AIIMS,18,1,Hyderabad,Pending,1
343149.39,Fire,KEM Hospital,4,0,Chennai,Approved,0
287533.09,Vehicle,AIIMS,17,1,Pune,Pending,1
29172.44,Vehicle,Manipal Hospital,7,1,Raipur,Approved,0
87528.64,Theft,Fortis Hospital,12,1,Delhi,Approved,0
346026.6,Accident,Ruby Hall Clinic,19,1,Mumbai,Pending,1
329604.05,Fire,KEM Hospital,15,0,Hyderabad,Pending,1
519541.06,Vehicle,Max Hospital,10,1,Raipur,Pending,1
161106.67,Accident,Manipal Hospital,0,1,Raipur,Pending,0
215804.42,Vehicle,Fortis Hospital,0,1,Nagpur,Approved,0
410209.97,Fire,Fortis Hospital,7,1,Chennai,Pending,0
552595.86,Medical,Apollo Hospital,11,0,Mumbai,Approved,1
78964.83,Vehicle,Ruby Hall Clinic,14,1,Delhi,Approved,0
319713.06,Theft,Fortis Hospital,10,1,Delhi,Rejected,0
257177.54,Vehicle,AIIMS,17,1,Nashik,Approved,0
335263.03,Accident,Manipal Hospital,13,1,Pune,Approved,1
108991.8,Medical,Apollo Hospital,2,0,Pune,Approved,0
29095.59,Theft,Max Hospital,2,1,Chennai,Approved,0
288518.18,Fire,Max Hospital,17,0,Chennai,Approved,0
546683.33,Vehicle,KEM Hospital,8,1,Chennai,Approved,0
40487.06,Theft,Ruby Hall Clinic,8,1,Hyderabad,Rejected,0
122640.73,Vehicle,Ruby Hall Clinic,9,1,Raipur,Pending,0
182188.59,Accident,Fortis Hospital,15,1,Chennai,Approved,0
527313.52,Medical,Fortis Hospital,8,0,Chennai,Approved,0
187623.2,Fire,Manipal Hospital,8,0,Raipur,Rejected,0
150933.88,Accident,Manipal Hospital,6,1,Raipur,Approved,0
539983.67,Fire,Ruby Hall Clinic,11,1,Raipur,Approved,1
301007.66,Medical,Fortis Hospital,8,1,Delhi,Approved,0
280891.8,Medical,Manipal Hospital,8,1,Chennai,Approved,0
48015.19,Medical,Manipal Hospital,10,0,Nagpur,Pending,0
313472.01,Fire,Ruby Hall Clinic,4,0,Mumbai,Approved,0
369833.92,Vehicle,Manipal Hospital,8,0,Bengaluru,Pending,1
514002.41,Fire,Manipal Hospital,18,0,Raipur,Approved,0
241542.72,Fire,Apollo Hospital,3,1,Nashik,Approved,0
534057.14,Medical,AIIMS,16,1,Raipur,Approved,1
138251.24,Medical,Manipal Hospital,2,1,Delhi,Approved,0
262381.54,Medical,Ruby Hall Clinic,10,0,Raipur,Approved,0
50686.63,Vehicle,Manipal Hospital,9,1,Nashik,Approved,0
465056.58,Accident,Manipal Hospital,4,1,Nashik,Approved,0
542867.87,Theft,AIIMS,4,1,Hyderabad,Pending,0
575517.52,Fire,Max Hospital,18,1,Bengaluru,Approved,1
277187.87,Fire,KEM Hospital,0,1,Bengaluru,Approved,0
456163.94,Fire,Fortis Hospital,14,1,Mumbai,Approved,0
527734.72,Vehicle,KEM Hospital,3,1,Pune,Rejected,0
102340.73,Accident,Fortis Hospital,11,0,Nagpur,Pending,1
399315.8,Theft,Max Hospital,12,1,Bengaluru,Approved,0
597762.12,Theft,KEM Hospital,3,1,Chennai,Approved,0
15874.33,Accident,Max Hospital,15,1,Raipur,Approved,0
454913.0,Medical,Fortis Hospital,0,0,Raipur,Approved,0
257624.89,Theft,Ruby Hall Clinic,0,1,Hyderabad,Pending,0
95196.06,Medical,KEM Hospital,8,0,Mumbai,Rejected,0
382455.8,Theft,Max Hospital,11,1,Pune,Pending,1
444850.42,Vehicle,Fortis Hospital,0,1,Bengaluru,Rejected,0
400563.27,Theft,Fortis Hospital,1,1,Delhi,Approved,0
123964.0,Accident,Ruby Hall Clinic,17,1,Mumbai,Approved,0
301288.26,Theft,Ruby Hall Clinic,2,1,Pune,Approved,0
127125.66,Fire,Fortis Hospital,9,0,Mumbai,Pending,0
309136.96,Vehicle,AIIMS,20,0,Chennai,Rejected,1
89413.68,Accident,Apollo Hospital,18,1,Pune,Rejected,0
248234.02,Fire,Ruby Hall Clinic,20,1,Mumbai,Approved,0
363286.65,Medical,Max Hospital,7,0,Pune,Approved,0
430708.17,Vehicle,Manipal Hospital,2,1,Delhi,Pending,0
47358.15,Vehicle,Apollo Hospital,9,1,Bengaluru,Approved,0
113444.83,Theft,Ruby Hall Clinic,7,1,Chennai,Pending,0
235199.9,Fire,Max Hospital,6,1,Mumbai,Approved,0
129020.68,Accident,Apollo Hospital,17,1,Chennai,Rejected,0
408075.22,Medical,AIIMS,7,1,Delhi,Approved,0
380668.16,Theft,Ruby Hall Clinic,18,0,Raipur,Rejected,1
210976.12,Vehicle,Manipal Hospital,16,0,Bengaluru,Approved,0
273675.69,Theft,Fortis Hospital,11,1,Hyderabad,Rejected,0
323749.21,Accident,Apollo Hospital,3,1,Nashik,Approved,0
563873.84,Theft,Manipal Hospital,8,1,Hyderabad,Rejected,0
298142.45,Theft,AIIMS,11,1,Chennai,Pending,0
374059.06,Vehicle,Apollo Hospital,3,1,Chennai,Approved,0
66503.16,Vehicle,Apollo Hospital,17,1,Mumbai,Approved,0
338590.98,Accident,Fortis Hospital,20,1,Nashik,Pending,1
88433.37,Theft,AIIMS,14,1,Nashik,Approved,0
380919.77,Accident,Ruby Hall Clinic,17,1,Pune,Pending,1
152080.53,Theft,KEM Hospital,3,0,Bengaluru,Approved,0
501696.62,Theft,Ruby Hall Clinic,16,1,Mumbai,Approved,1
435205.93,Fire,Ruby Hall Clinic,19,1,Nagpur,Approved,1
457866.91,Medical,AIIMS,19,1,Hyderabad,Approved,1
540787.04,Vehicle,Apollo Hospital,5,1,Nagpur,Approved,0
107151.23,Accident,Fortis Hospital,7,1,Mumbai,Approved,0
292198.69,Accident,Apollo Hospital,20,1,Bengaluru,Approved,0
457368.2,Theft,Fortis Hospital,11,1,Raipur,Approved,0
162389.0,Theft,Ruby Hall Clinic,9,1,Bengaluru,Rejected,0
384605.49,Vehicle,KEM Hospital,10,1,Delhi,Approved,0
109321.4,Medical,Fortis Hospital,8,0,Pune,Approved,0
94867.99,Vehicle,KEM Hospital,6,1,Raipur,Pending,0
429450.64,Medical,Apollo Hospital,11,1,Delhi,Approved,1
35388.44,Accident,Fortis Hospital,20,1,Mumbai,Approved,0
223579.3,Medical,KEM Hospital,3,1,Bengaluru,Approved,0
40681.96,Medical,Max Hospital,6,0,Bengaluru,Approved,0
207198.43,Vehicle,KEM Hospital,19,1,Chennai,Pending,1
93812.17,Fire,AIIMS,0,1,Nashik,Pending,0
85787.16,Medical,Manipal Hospital,2,1,Bengaluru,Approved,0
301743.31,Vehicle,Ruby Hall Clinic,20,1,Pune,Approved,0
31781.34,Accident,Ruby Hall Clinic,3,0,Nagpur,Approved,0
383995.11,Accident,Apollo Hospital,6,1,Delhi,Approved,0
480427.58,Vehicle,Apollo Hospital,0,1,Nashik,Approved,0
250325.0,Theft,Fortis Hospital,6,1,Raipur,Approved,0
285440.54,Vehicle,Fortis Hospital,14,1,Delhi,Rejected,0
376125.6,Accident,AIIMS,1,1,Nagpur,Rejected,0
110351.17,Vehicle,Ruby Hall Clinic,18,1,Nashik,Pending,0
214543.97,Fire,Ruby Hall Clinic,11,1,Raipur,Approved,0
558477.88,Accident,KEM Hospital,15,1,Mumbai,Approved,1
214891.67,Theft,Max Hospital,12,0,Nagpur,Rejected,1
448102.68,Theft,Ruby Hall Clinic,5,1,Hyderabad,Pending,1
474148.29,Accident,Apollo Hospital,6,1,Nagpur,Pending,1
290289.08,Fire,KEM Hospital,0,1,Delhi,Rejected,0
26164.3,Fire,Fortis Hospital,16,1,Delhi,Pending,1
504382.78,Medical,Fortis Hospital,2,0,Nashik,Pending,0
322471.29,Accident,Apollo Hospital,2,1,Nagpur,Approved,0
510885.84,Theft,AIIMS,13,1,Hyderabad,Pending,1
437615.24,Medical,AIIMS,11,0,Nashik,Approved,0
204512.94,Medical,Ruby Hall Clinic,11,1,Mumbai,Pending,1
476664.7,Theft,Manipal Hospital,19,1,Chennai,Approved,0
116736.29,Accident,AIIMS,10,1,Mumbai,Pending,0
8935.9,Vehicle,Apollo Hospital,8,1,Pune,Approved,0
313711.68,Theft,KEM Hospital,2,1,Pune,Rejected,0
313439.25,Medical,KEM Hospital,12,0,Bengaluru,Pending,1
584237.5,Vehicle,Max Hospital,14,1,Hyderabad,Approved,1
359055.73,Medical,Fortis Hospital,13,0,Delhi,Pending,1
283162.52,Vehicle,Fortis Hospital,8,0,Nagpur,Approved,0
427219.6,Fire,Manipal Hospital,4,1,Pune,Rejected,0
598568.73,Theft,Manipal Hospital,7,1,Delhi,Rejected,0
267667.44,Theft,KEM Hospital,3,0,Nashik,Rejected,1
139235.32,Accident,Manipal Hospital,20,1,Nagpur,Rejected,0
366144.06,Vehicle,Max Hospital,8,1,Mumbai,Approved,0
222077.89,Medical,Fortis Hospital,0,1,Chennai,Pending,0
209212.32,Theft,Max Hospital,1,1,Nashik,Pending,0
541898.78,Fire,Max Hospital,16,0,Delhi,Approved,0
243685.04,Fire,KEM Hospital,18,0,Delhi,Approved,0
188305.14,Fire,Fortis Hospital,0,0,Delhi,Approved,0
315588.29,Accident,AIIMS,15,1,Pune,Approved,0
268343.37,Fire,KEM Hospital,12,1,Hyderabad,Pending,1
297120.24,Theft,KEM Hospital,16,1,Nashik,Approved,0
144099.11,Accident,Apollo Hospital,16,0,Nagpur,Rejected,1
300343.36,Theft,Apollo Hospital,8,1,Nashik,Approved,0
449390.53,Medical,AIIMS,20,1,Nagpur,Rejected,1
288924.83,Vehicle,Manipal Hospital,15,1,Nagpur,Approved,0
239721.82,Vehicle,Ruby Hall Clinic,5,1,Nagpur,Approved,0
220514.26,Accident,KEM Hospital,8,1,Hyderabad,Approved,0
472222.17,Accident,Max Hospital,11,1,Nashik,Approved,1
93829.67,Medical,AIIMS,14,0,Delhi,Rejected,0
335531.34,Vehicle,Apollo Hospital,11,0,Delhi,Pending,1
299813.73,Accident,Max Hospital,9,1,Raipur,Approved,0
134670.34,Vehicle,AIIMS,11,1,Raipur,Approved,0
209292.55,Accident,Max Hospital,18,0,Nashik,Rejected,1
28766.17,Theft,Ruby Hall Clinic,5,1,Chennai,Approved,0
412458.01,Medical,KEM Hospital,11,1,Raipur,Pending,1
115959.18,Vehicle,Manipal Hospital,3,1,Chennai,Rejected,0
559975.84,Vehicle,KEM Hospital,12,1,Nashik,Pending,1
383717.09,Accident,Ruby Hall Clinic,0,1,Nagpur,Rejected,0
449107.15,Vehicle,Max Hospital,4,1,Hyderabad,Approved,0
78513.67,Accident,Max Hospital,11,1,Nashik,Approved,0
386400.26,Accident,Ruby Hall Clinic,11,1,Nashik,Rejected,1
206156.5,Theft,Manipal Hospital,8,1,Delhi,Rejected,0
377903.5,Fire,Fortis Hospital,17,0,Mumbai,Approved,1
189504.8,Vehicle,Manipal Hospital,2,1,Mumbai,Rejected,0
403045.89,Fire,Fortis Hospital,11,0,Raipur,Pending,1
567912.37,Vehicle,Ruby Hall Clinic,5,1,Chennai,Pending,1
590049.59,Fire,Fortis Hospital,12,0,Raipur,Pending,1
30669.64,Accident,Ruby Hall Clinic,13,1,Hyderabad,Approved,0
358992.25,Vehicle,Ruby Hall Clinic,14,1,Hyderabad,Pending,1
24525.5,Theft,KEM Hospital,20,1,Hyderabad,Approved,0
405055.27,Fire,AIIMS,20,0,Raipur,Approved,0
409010.81,Vehicle,Ruby Hall Clinic,7,1,Hyderabad,Approved,0
149734.76,Accident,KEM Hospital,20,0,Nagpur,Pending,1
189452.89,Accident,Apollo Hospital,11,1,Nagpur,Approved,0
472486.59,Accident,KEM Hospital,17,1,Hyderabad,Approved,0
207830.74,Theft,Max Hospital,5,1,Chennai,Rejected,0
27302.37,Medical,Apollo Hospital,11,1,Pune,Approved,0
529583.87,Fire,KEM Hospital,1,0,Pune,Pending,1
233193.78,Vehicle,AIIMS,2,1,Hyderabad,Approved,0
258384.9,Vehicle,Manipal Hospital,8,1,Nashik,Approved,0
30390.29,Theft,KEM Hospital,14,1,Hyderabad,Pending,1
428042.07,Vehicle,AIIMS,12,1,Raipur,Approved,0
245927.16,Fire,AIIMS,16,1,Pune,Approved,0
408857.62,Medical,KEM Hospital,7,0,Mumbai,Approved,0
151227.63,Theft,Ruby Hall Clinic,14,1,Nashik,Approved,0
293861.39,Theft,Manipal Hospital,13,1,Hyderabad,Approved,0
454692.58,Accident,Manipal Hospital,5,1,Bengaluru,Rejected,0
212943.0,Vehicle,Apollo Hospital,8,1,Pune,Approved,0
449747.24,Fire,Apollo Hospital,0,1,Pune,Approved,0
89107.7,Medical,Ruby Hall Clinic,14,0,Chennai,Approved,0
231761.09,Medical,AIIMS,18,0,Raipur,Approved,0
130468.55,Medical,Max Hospital,16,1,Bengaluru,Approved,0
509430.82,Vehicle,Fortis Hospital,15,1,Nashik,Rejected,1
147611.14,Theft,Fortis Hospital,0,1,Delhi,Approved,0
61356.01,Medical,Manipal Hospital,12,1,Delhi,Pending,0
110260.35,Theft,Max Hospital,11,1,Pune,Approved,0
137717.22,Accident,Manipal Hospital,18,1,Mumbai,Approved,0
436319.28,Vehicle,Max Hospital,14,1,Nagpur,Approved,0
98176.29,Medical,Max Hospital,18,0,Nagpur,Pending,1
557382.14,Theft,AIIMS,5,0,Nashik,Approved,1
47510.11,Theft,Ruby Hall Clinic,3,1,Pune,Rejected,0
478118.24,Vehicle,KEM Hospital,4,1,Hyderabad,Rejected,0
447198.39,Fire,Fortis Hospital,16,0,Raipur,Approved,0
100145.23,Theft,KEM Hospital,16,0,Mumbai,Pending,1
96136.22,Medical,KEM Hospital,7,1,Hyderabad,Rejected,0
404441.42,Theft,Fortis Hospital,9,1,Raipur,Approved,0
279218.53,Accident,KEM Hospital,2,1,Chennai,Approved,0
487110.04,Medical,Manipal Hospital,1,0,Delhi,Approved,0
233691.25,Accident,Ruby Hall Clinic,10,1,Bengaluru,Approved,0
334434.6,Vehicle,Max Hospital,2,1,Raipur,Approved,0
451617.58,Vehicle,Fortis Hospital,4,1,Hyderabad,Approved,0
526840.15,Accident,Apollo Hospital,14,1,Delhi,Rejected,1
116127.84,Medical,Max Hospital,8,1,Nashik,Approved,0
14563.83,Accident,Fortis Hospital,11,1,Nashik,Approved,0
261064.28,Fire,Manipal Hospital,18,0,Chennai,Approved,0
191000.49,Vehicle,KEM Hospital,17,0,Nashik,Approved,0
526319.32,Medical,Ruby Hall Clinic,16,1,Chennai,Approved,0
196550.71,Fire,Apollo Hospital,5,0,Nashik,Approved,0
52836.12,Fire,Manipal Hospital,14,0,Pune,Rejected,0
64247.13,Vehicle,Fortis Hospital,3,1,Hyderabad,Approved,0
226191.35,Accident,Apollo Hospital,15,1,Bengaluru,Pending,1
583263.12,Theft,Apollo Hospital,10,1,Nashik,Approved,0
349786.03,Medical,Manipal Hospital,5,0,Nashik,Pending,1
168713.89,Medical,Ruby Hall Clinic,11,1,Nashik,Approved,0
283615.51,Theft,Max Hospital,4,1,Nagpur,Approved,0
418006.21,Vehicle,Ruby Hall Clinic,5,1,Pune,Approved,0
71825.55,Fire,KEM Hospital,0,0,Nagpur,Pending,0
559687.89,Fire,AIIMS,6,0,Raipur,Approved,0
133180.17,Medical,AIIMS,20,1,Pune,Approved,0
516701.66,Medical,Max Hospital,4,1,Bengaluru,Rejected,0
575098.94,Fire,Fortis Hospital,1,0,Delhi,Pending,1
49926.98,Theft,Apollo Hospital,8,1,Delhi,Rejected,0
32495.75,Accident,Max Hospital,16,1,Raipur,Rejected,0
321781.18,Accident,Fortis Hospital,9,0,Nashik,Approved,1
536074.31,Accident,Ruby Hall Clinic,9,0,Mumbai,Approved,1
34589.76,Theft,AIIMS,8,1,Hyderabad,Approved,0
282904.75,Vehicle,Apollo Hospital,19,1,Nagpur,Approved,0
466743.6,Accident,Max Hospital,11,1,Delhi,Rejected,0
504393.44,Vehicle,KEM Hospital,12,1,Nagpur,Approved,1
196626.22,Accident,Manipal Hospital,0,1,Raipur,Approved,0
349801.67,Accident,Apollo Hospital,2,0,Nashik,Approved,1
121139.75,Accident,Fortis Hospital,9,1,Chennai,Pending,0
278367.39,Accident,Max Hospital,6,0,Pune,Approved,0
194220.62,Accident,Ruby Hall Clinic,10,1,Nagpur,Approved,0
36255.25,Medical,Ruby Hall Clinic,5,0,Bengaluru,Approved,0
471033.95,Fire,Apollo Hospital,7,0,Chennai,Approved,0
439129.96,Medical,Fortis Hospital,0,1,Delhi,Approved,0
275380.83,Accident,Apollo Hospital,6,1,Raipur,Pending,0
290018.25,Vehicle,Fortis Hospital,11,1,Raipur,Approved,0
403110.89,Accident,KEM Hospital,9,1,Nagpur,Pending,0
288407.92,Fire,AIIMS,11,0,Hyderabad,Pending,0
58039.05,Accident,Fortis Hospital,17,1,Raipur,Approved,0
43118.54,Accident,KEM Hospital,1,1,Chennai,Approved,0
401447.13,Accident,KEM Hospital,6,1,Raipur,Pending,0
301173.6,Vehicle,AIIMS,5,1,Nashik,Approved,0
193632.44,Accident,Apollo Hospital,7,1,Delhi,Approved,0
261066.24,Theft,KEM Hospital,16,1,Raipur,Rejected,0
453484.4,Accident,Fortis Hospital,19,1,Delhi,Approved,0
381481.07,Theft,Max Hospital,12,1,Chennai,Approved,1
86368.33,Vehicle,Fortis Hospital,16,1,Chennai,Pending,1
72015.09,Theft,KEM Hospital,12,1,Bengaluru,Pending,1
545426.92,Accident,AIIMS,7,1,Pune,Rejected,0
302927.18,Fire,Manipal Hospital,14,1,Nagpur,Rejected,0
160745.55,Fire,Apollo Hospital,19,1,Delhi,Rejected,0
531018.82,Fire,Fortis Hospital,3,0,Hyderabad,Approved,0
442131.55,Theft,AIIMS,1,1,Bengaluru,Rejected,0
211598.53,Vehicle,Apollo Hospital,9,1,Nashik,Rejected,0
252755.73,Vehicle,Apollo Hospital,20,1,Chennai,Approved,0
261102.14,Theft,Apollo Hospital,7,1,Hyderabad,Rejected,0
120722.01,Fire,AIIMS,12,0,Nagpur,Pending,1
567084.89,Fire,Max Hospital,18,1,Nagpur,Approved,0
181460.56,Vehicle,Ruby Hall Clinic,18,1,Pune,Approved,0
52196.53,Theft,KEM Hospital,9,0,Nagpur,Pending,1
106445.24,Theft,Max Hospital,12,0,Raipur,Pending,1
12899.93,Vehicle,AIIMS,0,1,Raipur,Approved,0
19587.06,Theft,Manipal Hospital,3,1,Nagpur,Approved,0
367571.9,Fire,AIIMS,19,0,Hyderabad,Approved,1
304163.96,Medical,AIIMS,1,0,Pune,Approved,0
561331.52,Accident,Max Hospital,2,1,Hyderabad,Pending,1
107912.22,Fire,AIIMS,16,1,Mumbai,Pending,0
251552.15,Fire,KEM Hospital,11,0,Mumbai,Approved,0
399199.78,Vehicle,AIIMS,3,1,Mumbai,Pending,1
407834.83,Vehicle,Max Hospital,16,1,Hyderabad,Approved,1
29605.23,Fire,Fortis Hospital,6,0,Raipur,Approved,0
369847.35,Accident,Ruby Hall Clinic,14,1,Nagpur,Rejected,1
223867.79,Vehicle,Apollo Hospital,15,1,Raipur,Rejected,0
426462.6,Accident,Fortis Hospital,20,1,Hyderabad,Approved,0
514743.19,Medical,Ruby Hall Clinic,3,1,Nagpur,Approved,0
462611.1,Vehicle,KEM Hospital,0,1,Hyderabad,Approved,0
230705.1,Accident,Max Hospital,2,0,Nashik,Rejected,1
554416.5,Fire,Apollo Hospital,19,0,Mumbai,Pending,1
573342.07,Fire,AIIMS,19,0,Raipur,Rejected,1
488647.66,Theft,KEM Hospital,3,1,Nashik,Rejected,0
90404.16,Vehicle,Fortis Hospital,0,1,Nagpur,Approved,0
567686.47,Fire,Manipal Hospital,3,0,Chennai,Approved,0
165459.69,Fire,Apollo Hospital,10,1,Chennai,Approved,0
582922.19,Fire,Fortis Hospital,1,1,Chennai,Rejected,0
368191.98,Accident,Max Hospital,20,1,Pune,Approved,1
594707.14,Accident,KEM Hospital,15,1,Mumbai,Approved,1
433610.39,Medical,Max Hospital,8,0,Bengaluru,Approved,0
247235.39,Fire,Manipal Hospital,11,0,Delhi,Rejected,0
324791.03,Medical,KEM Hospital,15,1,Chennai,Approved,0
6379.89,Theft,Fortis Hospital,12,1,Mumbai,Pending,0
159946.2,Medical,Manipal Hospital,14,1,Hyderabad,Approved,0
81725.08,Fire,Fortis Hospital,17,0,Nagpur,Rejected,0
445024.77,Fire,Apollo Hospital,7,1,Nashik,Approved,0
418896.5,Vehicle,Manipal Hospital,12,1,Hyderabad,Approved,1
354752.75,Medical,Manipal Hospital,4,1,Bengaluru,Pending,1
441200.0,Accident,AIIMS,3,1,Raipur,Pending,1
9976.5,Accident,Ruby Hall Clinic,20,1,Bengaluru,Approved,0
74967.31,Vehicle,Max Hospital,12,1,Delhi,Approved,0
457291.14,Medical,Max Hospital,19,1,Nagpur,Approved,1
542300.63,Vehicle,Apollo Hospital,9,1,Delhi,Pending,1
528914.17,Theft,Ruby Hall Clinic,20,1,Nagpur,Approved,1
463039.69,Medical,KEM Hospital,4,0,Hyderabad,Rejected,0
562863.83,Fire,Fortis Hospital,6,0,Hyderabad,Approved,0
568002.77,Medical,Max Hospital,4,1,Pune,Approved,0
45438.61,Fire,Ruby Hall Clinic,18,1,Pune,Approved,0
556895.23,Fire,Fortis Hospital,4,0,Mumbai,Approved,0
201870.92,Vehicle,Apollo Hospital,16,1,Bengaluru,Pending,1
535287.16,Medical,Ruby Hall Clinic,20,0,Chennai,Rejected,1
300955.69,Accident,Ruby Hall Clinic,20,1,Chennai,Pending,1
215454.68,Vehicle,Fortis Hospital,6,1,Delhi,Approved,0
118458.78,Vehicle,Ruby Hall Clinic,19,1,Mumbai,Rejected,0
420529.38,Accident,Fortis Hospital,9,1,Nashik,Pending,1
536498.04,Accident,Fortis Hospital,16,1,Hyderabad,Approved,1
583202.55,Medical,Max Hospital,8,1,Chennai,Approved,0
27321.36,Vehicle,Apollo Hospital,10,1,Pune,Approved,0
30752.12,Vehicle,Fortis Hospital,17,1,Nagpur,Rejected,0
12559.1,Medical,AIIMS,2,1,Mumbai,Approved,0
13264.95,Vehicle,Ruby Hall Clinic,4,1,Delhi,Rejected,0
286120.64,Accident,Manipal Hospital,0,1,Chennai,Approved,0
509205.31,Vehicle,KEM Hospital,14,1,Pune,Approved,0
350635.12,Vehicle,Fortis Hospital,18,1,Mumbai,Pending,1
585240.64,Theft,Apollo Hospital,19,1,Raipur,Rejected,1
182745.88,Accident,Max Hospital,16,1,Bengaluru,Approved,0
234541.43,Theft,Fortis Hospital,1,1,Mumbai,Approved,0
419303.96,Fire,KEM Hospital,10,0,Nagpur,Pending,0
398222.4,Accident,Max Hospital,11,1,Mumbai,Approved,1
159678.49,Theft,KEM Hospital,14,1,Raipur,Rejected,0
381547.64,Vehicle,Max Hospital,3,1,Hyderabad,Pending,1
463055.94,Accident,Ruby Hall Clinic,17,1,Hyderabad,Pending,1
228156.56,Fire,Manipal Hospital,16,0,Pune,Pending,1
343982.6,Medical,Fortis Hospital,6,1,Mumbai,Rejected,0
170515.3,Accident,Apollo Hospital,11,1,Nashik,Pending,1
358731.46,Fire,KEM Hospital,20,1,Nashik,Approved,1
18629.26,Fire,Fortis Hospital,4,1,Nagpur,Pending,0
29014.33,Theft,AIIMS,14,1,Hyderabad,Approved,0
380520.44,Accident,Apollo Hospital,10,1,Hyderabad,Rejected,0
15291.03,Fire,Apollo Hospital,7,0,Nashik,Approved,0
386626.58,Accident,Apollo Hospital,6,1,Nagpur,Rejected,0
331330.17,Fire,Max Hospital,11,1,Delhi,Approved,1
295261.7,Theft,Manipal Hospital,8,1,Hyderabad,Pending,0
190491.94,Accident,Fortis Hospital,3,0,Pune,Approved,0
74094.55,Fire,AIIMS,5,1,Hyderabad,Approved,0
545877.87,Vehicle,KEM Hospital,1,1,Pune,Approved,0
48213.64,Vehicle,Fortis Hospital,18,1,Hyderabad,Approved,0
85320.12,Accident,Apollo Hospital,11,1,Nagpur,Rejected,0
284482.57,Fire,Ruby Hall Clinic,13,1,Bengaluru,Approved,0
278382.94,Fire,KEM Hospital,10,0,Bengaluru,Approved,0
540271.15,Vehicle,Max Hospital,16,1,Chennai,Approved,1
501525.17,Vehicle,KEM Hospital,6,1,Pune,Approved,0
182953.69,Fire,Apollo Hospital,1,0,Bengaluru,Approved,0
574274.24,Accident,KEM Hospital,1,1,Pune,Approved,0
188036.78,Medical,Fortis Hospital,13,0,Nagpur,Approved,0
383974.83,Vehicle,AIIMS,0,1,Mumbai,Pending,1
205028.41,Theft,Apollo Hospital,9,1,Nagpur,Approved,0
407078.47,Vehicle,Ruby Hall Clinic,14,1,Pune,Rejected,1
513936.55,Theft,Max Hospital,4,1,Raipur,Pending,1
553312.81,Fire,Manipal Hospital,14,1,Nagpur,Pending,1
558922.05,Accident,AIIMS,4,1,Nagpur,Approved,0
294487.9,Fire,Max Hospital,2,1,Bengaluru,Rejected,0
487407.19,Fire,Fortis Hospital,8,0,Hyderabad,Pending,0
101968.01,Vehicle,KEM Hospital,2,1,Chennai,Pending,0
465672.04,Vehicle,Ruby Hall Clinic,11,1,Hyderabad,Approved,1
49016.57,Medical,AIIMS,19,1,Bengaluru,Approved,0
270337.8,Fire,Fortis Hospital,18,1,Pune,Approved,0
249036.2,Accident,KEM Hospital,18,0,Pune,Approved,1
278149.24,Fire,Manipal Hospital,2,1,Bengaluru,Pending,0
468635.63,Accident,Fortis Hospital,19,1,Pune,Approved,1
537949.08,Fire,Ruby Hall Clinic,7,1,Nashik,Rejected,0
391897.1,Theft,Manipal Hospital,9,1,Bengaluru,Approved,0
408685.4,Accident,Apollo Hospital,11,0,Raipur,Rejected,1
511429.86,Medical,Manipal Hospital,8,1,Mumbai,Approved,0
76073.91,Theft,Ruby Hall Clinic,10,1,Chennai,Rejected,0
309716.88,Vehicle,Fortis Hospital,6,1,Mumbai,Approved,0
225392.59,Theft,Ruby Hall Clinic,13,1,Chennai,Rejected,0
496824.48,Medical,Apollo Hospital,3,1,Chennai,Approved,0
315820.05,Medical,KEM Hospital,9,1,Pune,Pending,0
553695.31,Vehicle,Ruby Hall Clinic,20,1,Bengaluru,Approved,0
114556.74,Medical,AIIMS,10,1,Nagpur,Approved,0
27005.57,Fire,Max Hospital,3,0,Nagpur,Approved,0
586450.35,Vehicle,AIIMS,17,0,Delhi,Approved,1
556110.61,Fire,Fortis Hospital,0,0,Hyderabad,Approved,0
174247.14,Fire,KEM Hospital,13,0,Raipur,Approved,0
235820.28,Theft,Fortis Hospital,10,1,Pune,Approved,0
434723.8,Theft,Ruby Hall Clinic,3,1,Pune,Pending,1
354524.86,Theft,AIIMS,13,1,Delhi,Pending,1
78831.07,Fire,Fortis Hospital,1,0,Nashik,Approved,0
447116.32,Fire,Manipal Hospital,3,0,Pune,Approved,0
427321.37,Vehicle,AIIMS,7,0,Chennai,Approved,0
164349.37,Theft,Fortis Hospital,11,1,Pune,Approved,0
363154.27,Theft,Ruby Hall Clinic,14,1,Mumbai,Approved,1
197493.7,Vehicle,AIIMS,9,1,Nashik,Approved,0
169388.79,Medical,Fortis Hospital,11,1,Delhi,Approved,0
134466.83,Theft,Apollo Hospital,8,1,Mumbai,Approved,0
67292.08,Fire,Ruby Hall Clinic,2,1,Mumbai,Rejected,0
408501.65,Medical,AIIMS,14,1,Chennai,Approved,0
258946.4,Medical,Fortis Hospital,4,0,Nagpur,Rejected,0
267754.02,Medical,AIIMS,10,1,Pune,Approved,0
302306.54,Fire,Manipal Hospital,0,0,Mumbai,Rejected,0
434748.57,Accident,Manipal Hospital,17,1,Bengaluru,Approved,0
121417.9,Medical,Fortis Hospital,16,0,Nashik,Rejected,0
249062.53,Accident,Apollo Hospital,5,0,Mumbai,Approved,0
185176.56,Vehicle,AIIMS,9,1,Delhi,Pending,0
80694.37,Accident,Fortis Hospital,20,1,Chennai,Rejected,0
158612.26,Vehicle,KEM Hospital,15,1,Pune,Rejected,0
562971.78,Theft,KEM Hospital,15,1,Chennai,Rejected,1
358665.46,Fire,KEM Hospital,2,0,Raipur,Approved,0
509768.61,Theft,Fortis Hospital,16,1,Nashik,Rejected,1
224667.1,Vehicle,Ruby Hall Clinic,8,1,Nashik,Pending,0
397411.22,Vehicle,AIIMS,17,1,Nashik,Approved,1
403212.5,Accident,Manipal Hospital,1,1,Mumbai,Approved,0
85062.5,Accident,Max Hospital,0,1,Mumbai,Pending,0
183752.34,Medical,KEM Hospital,5,0,Nashik,Pending,0
110156.59,Vehicle,Ruby Hall Clinic,14,1,Pune,Approved,0
559012.99,Medical,Ruby Hall Clinic,20,0,Nagpur,Approved,1
448775.05,Theft,KEM Hospital,4,1,Pune,Rejected,0
472600.56,Accident,KEM Hospital,5,1,Hyderabad,Approved,0
246617.19,Theft,Fortis Hospital,9,1,Delhi,Approved,0
449975.44,Theft,Fortis Hospital,19,1,Raipur,Approved,1
330694.33,Medical,AIIMS,13,1,Hyderabad,Rejected,1
293778.3,Accident,AIIMS,4,1,Pune,Pending,0
491158.17,Medical,Manipal Hospital,8,1,Delhi,Rejected,0
391881.83,Accident,Ruby Hall Clinic,0,0,Nagpur,Approved,1
571264.65,Theft,Manipal Hospital,1,1,Chennai,Approved,0
392543.54,Vehicle,Manipal Hospital,3,1,Hyderabad,Pending,1
389511.69,Medical,Fortis Hospital,19,1,Chennai,Approved,1
597273.93,Theft,AIIMS,12,1,Nashik,Approved,0
140403.67,Vehicle,Manipal Hospital,9,1,Mumbai,Pending,0
214274.79,Medical,Fortis Hospital,1,1,Raipur,Approved,0
215442.13,Fire,AIIMS,11,1,Pune,Approved,0
359474.63,Medical,Fortis Hospital,7,1,Hyderabad,Approved,0
65184.78,Theft,Fortis Hospital,14,1,Pune,Approved,0
150653.73,Accident,AIIMS,11,1,Bengaluru,Approved,0
235628.8,Vehicle,Fortis Hospital,4,1,Nashik,Approved,0
220485.98,Accident,KEM Hospital,14,1,Chennai,Approved,0
346267.41,Theft,Apollo Hospital,5,1,Delhi,Approved,0
478078.32,Medical,Fortis Hospital,2,0,Raipur,Rejected,0
407249.26,Vehicle,Ruby Hall Clinic,16,1,Raipur,Rejected,1
294034.93,Medical,AIIMS,1,1,Pune,Approved,0
34769.82,Vehicle,AIIMS,9,1,Raipur,Pending,0
556629.57,Vehicle,Max Hospital,9,1,Raipur,Pending,1
421342.05,Fire,Max Hospital,13,0,Nagpur,Approved,0
392591.37,Medical,Ruby Hall Clinic,8,1,Delhi,Approved,0
548370.99,Accident,KEM Hospital,4,1,Bengaluru,Approved,0
572106.16,Theft,Manipal Hospital,7,1,Hyderabad,Rejected,0
598331.8,Medical,Max Hospital,6,1,Raipur,Pending,1
60115.5,Fire,Apollo Hospital,12,1,Delhi,Approved,0
199729.38,Accident,AIIMS,3,1,Raipur,Rejected,0
247044.92,Medical,Max Hospital,12,1,Chennai,Approved,0
86689.51,Theft,KEM Hospital,7,1,Raipur,Pending,0
180056.28,Accident,Apollo Hospital,11,0,Chennai,Approved,1
33817.42,Vehicle,Ruby Hall Clinic,4,0,Raipur,Approved,0
447196.49,Accident,Ruby Hall Clinic,4,1,Chennai,Approved,0
129113.76,Accident,Max Hospital,10,1,Nashik,Approved,0
175224.28,Theft,AIIMS,14,1,Raipur,Approved,0
458415.75,Fire,AIIMS,18,0,Nagpur,Approved,0
304218.78,Theft,Apollo Hospital,10,1,Bengaluru,Pending,1
357059.41,Fire,Max Hospital,16,0,Hyderabad,Approved,1
382105.86,Theft,Max Hospital,0,1,Bengaluru,Approved,0
138955.33,Theft,Manipal Hospital,15,1,Mumbai,Approved,0
541043.85,Fire,Manipal Hospital,20,0,Mumbai,Approved,1
216363.68,Theft,AIIMS,2,1,Delhi,Approved,0
349227.13,Accident,Ruby Hall Clinic,1,1,Hyderabad,Pending,0
504408.25,Theft,KEM Hospital,6,1,Nashik,Approved,0
323872.98,Theft,Fortis Hospital,20,1,Mumbai,Approved,0
181685.77,Medical,KEM Hospital,6,0,Chennai,Approved,0
494524.09,Vehicle,AIIMS,4,1,Bengaluru,Approved,0
359311.56,Fire,KEM Hospital,9,0,Mumbai,Approved,0
133013.98,Accident,Ruby Hall Clinic,20,1,Pune,Approved,0
253430.14,Fire,Ruby Hall Clinic,18,1,Delhi,Rejected,0
231423.45,Fire,Ruby Hall Clinic,10,1,Hyderabad,Approved,0
119150.65,Medical,Ruby Hall Clinic,16,1,Pune,Pending,1
392027.33,Accident,Fortis Hospital,3,1,Raipur,Approved,0
498453.5,Theft,Ruby Hall Clinic,6,1,Nashik,Pending,0
286338.2,Medical,KEM Hospital,3,0,Hyderabad,Pending,0
129022.67,Fire,Apollo Hospital,17,0,Hyderabad,Pending,0
199318.42,Accident,Ruby Hall Clinic,7,1,Chennai,Approved,0
337179.21,Medical,Max Hospital,20,1,Mumbai,Approved,0
485920.66,Fire,AIIMS,9,1,Chennai,Pending,1
249139.1,Accident,Fortis Hospital,20,1,Raipur,Approved,0
554155.06,Theft,AIIMS,17,1,Raipur,Pending,1
35497.02,Theft,Apollo Hospital,12,1,Nagpur,Approved,0
140584.59,Fire,Fortis Hospital,16,1,Pune,Approved,0
465555.45,Theft,AIIMS,2,1,Delhi,Pending,1
147695.08,Fire,Manipal Hospital,10,1,Nashik,Pending,0
34091.08,Vehicle,Apollo Hospital,20,1,Nagpur,Pending,1
397386.97,Accident,Ruby Hall Clinic,0,1,Delhi,Rejected,0
511095.3,Fire,Ruby Hall Clinic,0,0,Mumbai,Pending,0
391718.8,Medical,AIIMS,0,1,Delhi,Approved,0
107913.28,Medical,Apollo Hospital,7,0,Nagpur,Approved,0
313442.95,Accident,KEM Hospital,2,1,Mumbai,Approved,0
536745.99,Fire,Max Hospital,1,0,Chennai,Approved,0
407688.51,Vehicle,AIIMS,4,1,Raipur,Approved,0
20597.23,Vehicle,Max Hospital,17,1,Nagpur,Pending,1
131317.4,Accident,KEM Hospital,1,1,Chennai,Rejected,0
94131.77,Accident,Apollo Hospital,14,1,Chennai,Approved,0
596907.65,Medical,AIIMS,3,1,Chennai,Approved,0
590234.29,Theft,AIIMS,19,1,Bengaluru,Pending,1
400603.31,Theft,AIIMS,13,1,Bengaluru,Approved,0
457795.78,Fire,AIIMS,10,1,Delhi,Approved,0
291332.27,Theft,AIIMS,2,1,Nagpur,Pending,0
272540.66,Accident,AIIMS,0,0,Bengaluru,Rejected,1
588430.81,Theft,KEM Hospital,3,1,Chennai,Approved,0
552188.55,Theft,Ruby Hall Clinic,7,0,Nagpur,Approved,1
484877.8,Vehicle,Manipal Hospital,2,1,Hyderabad,Rejected,0
141201.47,Accident,Ruby Hall Clinic,7,1,Chennai,Approved,0
213606.89,Vehicle,KEM Hospital,11,1,Bengaluru,Approved,0
232517.54,Medical,Manipal Hospital,18,0,Chennai,Approved,0
368128.92,Vehicle,Max Hospital,20,1,Hyderabad,Pending,1
475671.33,Medical,Manipal Hospital,17,0,Bengaluru,Approved,0
105344.85,Accident,KEM Hospital,11,1,Mumbai,Pending,1
458390.46,Medical,Max Hospital,6,0,Hyderabad,Approved,0
60975.5,Fire,Fortis Hospital,18,0,Bengaluru,Approved,0
89890.73,Fire,Apollo Hospital,15,1,Chennai,Approved,0
229611.3,Medical,Max Hospital,18,0,Nagpur,Pending,0
428837.59,Fire,AIIMS,16,0,Nashik,Approved,0
346640.89,Theft,Manipal Hospital,15,1,Pune,Pending,1
84360.58,Medical,Apollo Hospital,14,1,Delhi,Approved,0
282030.7,Theft,Ruby Hall Clinic,18,1,Chennai,Pending,0
173132.83,Accident,Ruby Hall Clinic,19,1,Mumbai,Rejected,0
328507.7,Accident,Manipal Hospital,14,1,Bengaluru,Pending,1
118725.86,Vehicle,Manipal Hospital,8,1,Pune,Rejected,0
431669.35,Medical,Ruby Hall Clinic,14,1,Delhi,Approved,0
280803.26,Accident,Fortis Hospital,5,1,Delhi,Pending,0
279131.16,Accident,Ruby Hall Clinic,20,1,Bengaluru,Approved,0
38505.63,Theft,KEM Hospital,15,1,Bengaluru,Approved,0
418735.83,Fire,KEM Hospital,19,1,Bengaluru,Approved,0
354131.86,Accident,AIIMS,2,1,Pune,Approved,0
427909.31,Vehicle,KEM Hospital,14,0,Raipur,Approved,0
76786.99,Fire,AIIMS,5,0,Mumbai,Approved,0
297321.51,Theft,Fortis Hospital,13,1,Mumbai,Pending,1
349998.31,Vehicle,Ruby Hall Clinic,0,1,Bengaluru,Pending,0
256339.45,Fire,Max Hospital,9,0,Raipur,Pending,0
71913.14,Medical,Ruby Hall Clinic,2,0,Raipur,Pending,0
341070.55,Medical,Fortis Hospital,20,1,Nagpur,Approved,1
188515.46,Accident,KEM Hospital,11,1,Hyderabad,Approved,0
526993.44,Vehicle,Ruby Hall Clinic,4,1,Nagpur,Approved,0
137153.2,Vehicle,Fortis Hospital,6,1,Nagpur,Approved,0
169935.04,Accident,KEM Hospital,13,1,Delhi,Pending,1
237257.29,Accident,Ruby Hall Clinic,19,1,Nagpur,Approved,0
481028.76,Theft,Apollo Hospital,14,1,Mumbai,Approved,1
217695.68,Theft,Fortis Hospital,9,1,Pune,Rejected,0
536463.0,Medical,AIIMS,19,1,Raipur,Rejected,0
436111.03,Accident,Fortis Hospital,18,1,Mumbai,Pending,1
363187.37,Theft,Fortis Hospital,10,1,Chennai,Approved,0
184536.5,Fire,KEM Hospital,5,0,Nagpur,Approved,0
503373.12,Medical,KEM Hospital,10,1,Pune,Approved,0
183396.73,Fire,AIIMS,1,0,Pune,Approved,0
522252.52,Theft,Max Hospital,6,1,Mumbai,Approved,0
330662.33,Medical,Fortis Hospital,19,1,Bengaluru,Approved,1
492462.08,Theft,Max Hospital,18,1,Chennai,Approved,1
270374.05,Vehicle,KEM Hospital,20,0,Raipur,Approved,0
186610.69,Vehicle,Max Hospital,9,1,Bengaluru,Pending,0
98242.79,Accident,Apollo Hospital,1,1,Delhi,Rejected,0
117519.09,Theft,Fortis Hospital,10,1,Delhi,Approved,0
291558.37,Theft,AIIMS,18,1,Nagpur,Rejected,0
285429.06,Vehicle,KEM Hospital,2,1,Bengaluru,Approved,0
575663.93,Fire,Fortis Hospital,2,1,Chennai,Approved,0
223978.07,Vehicle,Apollo Hospital,1,1,Raipur,Approved,0
100805.24,Medical,Ruby Hall Clinic,8,1,Nashik,Pending,0
330374.73,Medical,Ruby Hall Clinic,2,1,Bengaluru,Approved,0
226518.87,Fire,Ruby Hall Clinic,9,1,Delhi,Pending,0
213171.48,Accident,Ruby Hall Clinic,0,1,Hyderabad,Rejected,0
322301.99,Medical,Manipal Hospital,5,0,Pune,Pending,1
215588.22,Medical,Ruby Hall Clinic,0,1,Bengaluru,Approved,0
552294.27,Vehicle,Fortis Hospital,1,1,Nagpur,Approved,0
493460.81,Vehicle,Manipal Hospital,6,1,Nashik,Pending,0
277559.17,Fire,AIIMS,18,0,Chennai,Rejected,0
453798.72,Theft,AIIMS,12,1,Pune,Approved,0
291960.75,Vehicle,Max Hospital,5,1,Delhi,Pending,0
327721.08,Fire,Max Hospital,8,1,Mumbai,Pending,1
454018.63,Theft,Apollo Hospital,2,0,Bengaluru,Approved,1
234250.5,Medical,Manipal Hospital,6,0,Nagpur,Pending,0
296432.79,Medical,Fortis Hospital,7,0,Hyderabad,Approved,0
24942.5,Theft,AIIMS,20,1,Nashik,Approved,0
104349.21,Medical,Manipal Hospital,19,1,Mumbai,Rejected,0
263235.85,Medical,Max Hospital,8,0,Chennai,Approved,0
186556.18,Accident,Fortis Hospital,17,0,Raipur,Approved,1
468016.76,Theft,Manipal Hospital,13,1,Bengaluru,Pending,1
164971.69,Accident,Max Hospital,8,0,Raipur,Approved,1
552582.25,Vehicle,Ruby Hall Clinic,0,1,Mumbai,Pending,1
256102.17,Vehicle,Manipal Hospital,19,1,Nashik,Pending,1
354071.85,Medical,Ruby Hall Clinic,7,1,Mumbai,Pending,0
445930.93,Fire,Ruby Hall Clinic,0,1,Raipur,Approved,0
252244.25,Theft,AIIMS,7,1,Raipur,Approved,0
226340.34,Fire,Ruby Hall Clinic,14,1,Mumbai,Approved,0
220290.42,Medical,Apollo Hospital,4,0,Chennai,Approved,0
61144.27,Theft,KEM Hospital,11,1,Nashik,Approved,0
178255.02,Theft,Fortis Hospital,13,1,Delhi,Pending,1
395783.34,Vehicle,Manipal Hospital,5,1,Nashik,Rejected,0
385473.3,Fire,Max Hospital,16,0,Mumbai,Approved,1
326877.33,Accident,KEM Hospital,5,0,Nashik,Approved,1
490785.34,Vehicle,KEM Hospital,18,1,Bengaluru,Approved,1
68252.45,Theft,AIIMS,15,1,Chennai,Approved,0
301769.42,Theft,Manipal Hospital,18,1,Raipur,Pending,1
275527.35,Theft,Manipal Hospital,1,0,Mumbai,Pending,1
564400.61,Medical,Ruby Hall Clinic,18,0,Mumbai,Approved,1
383138.98,Vehicle,AIIMS,10,1,Nashik,Approved,0
112688.98,Accident,Ruby Hall Clinic,3,1,Delhi,Approved,0
88317.64,Vehicle,Fortis Hospital,17,1,Pune,Rejected,0
178426.76,Accident,AIIMS,7,1,Chennai,Pending,0
508781.56,Theft,Apollo Hospital,16,1,Hyderabad,Approved,1
454909.87,Accident,KEM Hospital,1,1,Pune,Approved,0
221720.26,Vehicle,Max Hospital,20,1,Hyderabad,Rejected,0
354173.38,Theft,Apollo Hospital,17,1,Chennai,Approved,1
53440.05,Vehicle,KEM Hospital,0,1,Chennai,Approved,0
473045.74,Medical,AIIMS,16,0,Pune,Approved,1
562667.58,Vehicle,Ruby Hall Clinic,12,1,Nashik,Approved,1
203060.61,Vehicle,Fortis Hospital,5,1,Raipur,Approved,0
138560.38,Vehicle,Manipal Hospital,7,0,Nagpur,Approved,0
323172.04,Accident,Fortis Hospital,3,1,Nashik,Approved,0
581621.55,Vehicle,Fortis Hospital,12,1,Pune,Approved,1
14134.27,Accident,Max Hospital,3,1,Delhi,Approved,0
173861.7,Vehicle,Ruby Hall Clinic,15,1,Hyderabad,Approved,0
315243.0,Accident,Fortis Hospital,5,1,Raipur,Approved,0
537604.33,Theft,Manipal Hospital,7,0,Delhi,Approved,1
547839.69,Theft,Max Hospital,4,1,Pune,Pending,0
173089.34,Fire,Apollo Hospital,2,1,Mumbai,Rejected,0
387418.76,Vehicle,Ruby Hall Clinic,5,1,Nagpur,Rejected,0
506271.8,Vehicle,AIIMS,17,1,Nashik,Approved,0
101676.25,Fire,Max Hospital,2,1,Hyderabad,Approved,0
225469.46,Theft,Fortis Hospital,18,1,Hyderabad,Approved,0
272143.11,Accident,Fortis Hospital,5,1,Hyderabad,Rejected,0
378220.33,Theft,Manipal Hospital,10,1,Delhi,Rejected,0
223649.6,Theft,Fortis Hospital,8,0,Pune,Approved,1
132839.79,Accident,AIIMS,14,1,Nagpur,Approved,0
291539.98,Accident,Apollo Hospital,8,0,Nashik,Approved,1
144978.9,Theft,AIIMS,12,1,Bengaluru,Rejected,0
23085.42,Medical,Fortis Hospital,5,1,Mumbai,Approved,0
438409.19,Theft,Fortis Hospital,9,1,Bengaluru,Pending,0
534975.47,Fire,KEM Hospital,9,0,Delhi,Approved,0
309162.73,Theft,AIIMS,1,1,Delhi,Pending,1
176055.7,Vehicle,Apollo Hospital,0,1,Mumbai,Approved,0
229877.95,Vehicle,KEM Hospital,11,1,Nashik,Pending,0
330754.98,Accident,Max Hospital,3,1,Nashik,Pending,1
396879.9,Fire,AIIMS,10,1,Hyderabad,Pending,1
65066.19,Accident,AIIMS,15,0,Delhi,Approved,1
278643.66,Medical,Fortis Hospital,20,0,Mumbai,Approved,0
16463.32,Vehicle,Fortis Hospital,2,1,Mumbai,Approved,0
574738.88,Medical,KEM Hospital,17,1,Nagpur,Approved,1
312651.62,Medical,Ruby Hall Clinic,16,0,Nagpur,Approved,1
167215.81,Theft,Max Hospital,12,1,Mumbai,Approved,0
470884.3,Accident,Apollo Hospital,8,1,Nashik,Approved,0
408570.53,Theft,Max Hospital,5,1,Bengaluru,Rejected,0
41664.55,Theft,Apollo Hospital,20,1,Delhi,Pending,1
362315.89,Fire,KEM Hospital,20,0,Hyderabad,Approved,0
231487.52,Theft,Max Hospital,18,1,Raipur,Approved,0
325819.08,Medical,AIIMS,12,1,Raipur,Approved,1
555145.19,Medical,Apollo Hospital,20,0,Bengaluru,Pending,1
422190.42,Medical,AIIMS,5,0,Mumbai,Approved,0
19039.25,Vehicle,Fortis Hospital,19,1,Mumbai,Approved,0
552182.2,Theft,Manipal Hospital,15,1,Mumbai,Approved,0
50218.06,Theft,Apollo Hospital,14,1,Nashik,Rejected,0
389780.23,Accident,Manipal Hospital,16,1,Chennai,Rejected,1
573802.8,Fire,AIIMS,16,1,Raipur,Pending,1
177699.37,Accident,Apollo Hospital,5,1,Delhi,Approved,0
483002.69,Accident,AIIMS,5,1,Mumbai,Approved,0
548178.66,Medical,Apollo Hospital,1,1,Nashik,Rejected,0
535938.11,Fire,KEM Hospital,12,0,Delhi,Rejected,1
88848.86,Fire,Manipal Hospital,11,1,Pune,Approved,0
122261.97,Theft,Manipal Hospital,14,1,Nagpur,Rejected,0
142082.26,Medical,Ruby Hall Clinic,9,0,Pune,Approved,0
142976.89,Accident,Fortis Hospital,17,1,Delhi,Approved,0
501844.56,Vehicle,Fortis Hospital,8,1,Chennai,Approved,0
494522.78,Vehicle,Max Hospital,13,1,Hyderabad,Rejected,0
171391.12,Vehicle,Apollo Hospital,7,1,Chennai,Approved,0
40860.73,Theft,Manipal Hospital,9,0,Nashik,Pending,1
24610.76,Theft,Max Hospital,15,1,Nashik,Pending,1
258910.13,Accident,Ruby Hall Clinic,20,1,Nagpur,Approved,0
405136.74,Fire,Fortis Hospital,11,0,Chennai,Pending,1
390874.48,Theft,AIIMS,17,1,Mumbai,Approved,1
187211.59,Accident,Manipal Hospital,0,1,Hyderabad,Rejected,0
129239.89,Fire,Max Hospital,19,0,Mumbai,Approved,0
311775.06,Medical,Manipal Hospital,13,1,Hyderabad,Approved,1
12777.48,Fire,AIIMS,13,0,Mumbai,Rejected,0
563390.22,Theft,KEM Hospital,12,1,Nagpur,Approved,1
344280.1,Medical,Max Hospital,20,1,Nagpur,Approved,1
263568.66,Fire,Manipal Hospital,20,1,Bengaluru,Approved,0
469222.59,Theft,Fortis Hospital,18,1,Chennai,Approved,1
192953.44,Medical,Fortis Hospital,17,1,Raipur,Approved,0
533111.76,Theft,Ruby Hall Clinic,15,1,Bengaluru,Approved,1
200178.18,Medical,KEM Hospital,19,1,Nagpur,Approved,0
209504.65,Medical,Max Hospital,9,0,Nashik,Pending,0
108718.68,Medical,Fortis Hospital,0,0,Nashik,Pending,0
563752.97,Vehicle,KEM Hospital,13,1,Nagpur,Rejected,1
151050.2,Accident,Max Hospital,3,1,Hyderabad,Pending,0
118864.35,Medical,Max Hospital,18,1,Raipur,Approved,0
120167.65,Medical,Ruby Hall Clinic,4,1,Delhi,Pending,0
521567.12,Vehicle,AIIMS,19,1,Mumbai,Approved,0
124383.15,Accident,AIIMS,19,1,Mumbai,Rejected,0
375485.09,Accident,Max Hospital,15,0,Chennai,Approved,1
589251.0,Fire,Apollo Hospital,0,1,Raipur,Rejected,0
381228.54,Theft,AIIMS,5,1,Raipur,Approved,0
282366.93,Theft,Manipal Hospital,15,1,Raipur,Pending,0
6929.11,Theft,AIIMS,4,1,Nashik,Approved,0
350096.09,Fire,Ruby Hall Clinic,10,0,Pune,Approved,0
181379.52,Theft,AIIMS,17,1,Nashik,Pending,1
52733.48,Medical,Ruby Hall Clinic,0,1,Chennai,Rejected,0
215801.06,Fire,Apollo Hospital,7,1,Chennai,Pending,0
522042.66,Vehicle,Manipal Hospital,5,1,Hyderabad,Rejected,0
292627.18,Fire,Manipal Hospital,16,1,Bengaluru,Approved,0
308682.41,Theft,Fortis Hospital,8,1,Chennai,Approved,0
580581.7,Fire,Apollo Hospital,6,0,Bengaluru,Approved,0
109991.85,Accident,Fortis Hospital,18,1,Nagpur,Rejected,0
462591.83,Accident,Ruby Hall Clinic,13,1,Bengaluru,Approved,0
507602.14,Fire,Ruby Hall Clinic,7,1,Bengaluru,Approved,0
44837.1,Theft,Fortis Hospital,2,1,Bengaluru,Approved,0
33288.01,Accident,Manipal Hospital,11,1,Bengaluru,Rejected,0
519292.01,Vehicle,Manipal Hospital,4,1,Hyderabad,Pending,1
50618.05,Vehicle,Fortis Hospital,1,1,Nagpur,Approved,0
575863.39,Theft,Ruby Hall Clinic,8,0,Nagpur,Approved,1
578577.18,Medical,Fortis Hospital,20,1,Chennai,Rejected,1
219285.53,Vehicle,Apollo Hospital,17,1,Hyderabad,Approved,0
56335.41,Medical,Fortis Hospital,20,0,Nagpur,Approved,0
476099.33,Vehicle,AIIMS,13,1,Nagpur,Approved,0
160869.53,Medical,KEM Hospital,4,0,Hyderabad,Approved,0
371481.43,Vehicle,Manipal Hospital,7,1,Chennai,Pending,0
393359.13,Medical,AIIMS,13,1,Pune,Pending,1
19424.59,Accident,Apollo Hospital,4,1,Nashik,Pending,0
420212.37,Medical,Ruby Hall Clinic,2,0,Nashik,Approved,0
537813.08,Medical,AIIMS,12,1,Bengaluru,Rejected,1
483460.57,Fire,Apollo Hospital,19,0,Delhi,Pending,1
373924.6,Theft,Apollo Hospital,14,0,Bengaluru,Pending,1
562567.27,Vehicle,Ruby Hall Clinic,13,1,Bengaluru,Approved,1
159894.74,Vehicle,Max Hospital,18,1,Chennai,Rejected,0
344729.31,Fire,Fortis Hospital,20,0,Nashik,Rejected,0
72952.99,Medical,Apollo Hospital,10,0,Delhi,Approved,0
375109.24,Fire,KEM Hospital,8,0,Delhi,Approved,0
71330.17,Fire,Apollo Hospital,20,0,Pune,Approved,0
168871.18,Accident,Manipal Hospital,19,1,Chennai,Approved,0
34016.01,Medical,Manipal Hospital,17,1,Raipur,Rejected,0
228174.17,Vehicle,Manipal Hospital,0,1,Bengaluru,Approved,0
548639.94,Fire,Max Hospital,7,0,Raipur,Approved,0
247526.07,Fire,Max Hospital,3,1,Raipur,Rejected,0
72635.39,Fire,AIIMS,16,0,Bengaluru,Pending,1
57526.51,Vehicle,Fortis Hospital,11,1,Mumbai,Approved,0
166838.34,Vehicle,Max Hospital,16,1,Chennai,Pending,0
515447.69,Medical,KEM Hospital,14,0,Chennai,Approved,0
195678.14,Vehicle,Fortis Hospital,6,1,Delhi,Approved,0
364684.84,Theft,Ruby Hall Clinic,12,1,Mumbai,Approved,1
40233.25,Accident,KEM Hospital,5,1,Raipur,Rejected,0
492691.79,Medical,AIIMS,1,1,Hyderabad,Approved,0
529232.84,Medical,Manipal Hospital,10,1,Chennai,Pending,1
576090.37,Accident,Fortis Hospital,17,1,Bengaluru,Approved,0
82686.69,Theft,Manipal Hospital,20,1,Chennai,Rejected,0
463994.83,Vehicle,Fortis Hospital,9,1,Hyderabad,Approved,0
409163.92,Accident,AIIMS,3,1,Chennai,Approved,0
235208.72,Accident,Manipal Hospital,3,1,Mumbai,Pending,0
161341.76,Fire,Fortis Hospital,11,0,Delhi,Approved,0
5920.81,Vehicle,Ruby Hall Clinic,9,1,Pune,Approved,0
104081.32,Theft,Fortis Hospital,7,1,Nashik,Rejected,0
153786.99,Fire,KEM Hospital,13,1,Pune,Approved,0
521549.36,Accident,Ruby Hall Clinic,5,0,Hyderabad,Rejected,1
470396.65,Medical,Ruby Hall Clinic,8,0,Mumbai,Approved,0
205487.7,Vehicle,AIIMS,10,1,Raipur,Approved,0
437375.45,Fire,KEM Hospital,10,0,Delhi,Approved,0
521440.5,Vehicle,Max Hospital,15,1,Raipur,Approved,0
521206.27,Theft,Manipal Hospital,14,1,Bengaluru,Approved,0
495672.75,Accident,Fortis Hospital,14,1,Nagpur,Approved,1
219316.36,Medical,Apollo Hospital,16,0,Bengaluru,Approved,0
257856.9,Fire,Max Hospital,8,1,Hyderabad,Pending,0
590791.99,Vehicle,AIIMS,11,1,Chennai,Rejected,1
236922.73,Medical,Max Hospital,3,1,Nashik,Approved,0
91433.0,Fire,KEM Hospital,1,1,Mumbai,Pending,0
483907.97,Vehicle,KEM Hospital,11,1,Raipur,Approved,1
532691.91,Medical,KEM Hospital,10,0,Nashik,Approved,0
313989.0,Medical,AIIMS,4,0,Nashik,Approved,0
545523.18,Accident,Max Hospital,11,1,Nashik,Pending,1
347886.82,Fire,KEM Hospital,19,1,Bengaluru,Pending,1
424667.0,Fire,Apollo Hospital,1,1,Nagpur,Approved,0
24125.81,Accident,Apollo Hospital,1,1,Chennai,Approved,0
292353.69,Medical,AIIMS,17,1,Nashik,Approved,0
110873.71,Medical,Fortis Hospital,3,0,Chennai,Approved,0
246048.86,Vehicle,Fortis Hospital,11,1,Raipur,Pending,1
454324.9,Accident,Fortis Hospital,6,1,Delhi,Approved,0
439964.43,Theft,Ruby Hall Clinic,12,1,Chennai,Approved,0
547414.95,Theft,Fortis Hospital,14,1,Nashik,Approved,0
537227.54,Medical,Manipal Hospital,4,0,Hyderabad,Rejected,0
52388.35,Fire,Max Hospital,1,1,Raipur,Approved,0
483929.35,Accident,Max Hospital,10,0,Raipur,Pending,1
12687.34,Medical,KEM Hospital,19,0,Raipur,Rejected,0
560817.15,Vehicle,KEM Hospital,2,1,Bengaluru,Rejected,0
96376.0,Vehicle,Manipal Hospital,17,1,Nagpur,Pending,1
519593.95,Vehicle,AIIMS,14,1,Mumbai,Rejected,1
5858.32,Fire,Fortis Hospital,3,0,Pune,Approved,0
541773.52,Medical,AIIMS,5,1,Nagpur,Approved,0
312723.78,Fire,KEM Hospital,13,1,Raipur,Approved,1
493109.94,Vehicle,Apollo Hospital,10,1,Pune,Approved,0
343227.51,Accident,Apollo Hospital,6,1,Mumbai,Pending,1
50006.16,Vehicle,Max Hospital,20,0,Chennai,Approved,0
151904.07,Accident,Fortis Hospital,13,1,Nagpur,Rejected,0
559247.46,Medical,Max Hospital,9,0,Mumbai,Approved,0
133813.88,Medical,KEM Hospital,3,1,Delhi,Approved,0
361291.97,Medical,Apollo Hospital,15,0,Pune,Approved,1
489408.33,Accident,AIIMS,19,1,Nashik,Approved,1
536010.21,Vehicle,Max Hospital,5,1,Bengaluru,Approved,0
282627.95,Accident,Apollo Hospital,15,1,Mumbai,Rejected,0
490896.58,Vehicle,KEM Hospital,19,1,Mumbai,Approved,1
197755.02,Fire,AIIMS,1,0,Hyderabad,Approved,0
337177.03,Fire,Max Hospital,15,1,Bengaluru,Approved,0
524943.57,Theft,Ruby Hall Clinic,1,1,Nagpur,Approved,0
530085.71,Fire,KEM Hospital,11,0,Pune,Approved,1
548125.68,Vehicle,Apollo Hospital,10,1,Nagpur,Rejected,0
358036.59,Accident,Manipal Hospital,19,0,Mumbai,Approved,1
378027.78,Fire,Apollo Hospital,2,1,Raipur,Approved,0
20863.78,Theft,Max Hospital,10,1,Chennai,Rejected,0
504226.19,Medical,Fortis Hospital,19,1,Delhi,Approved,0
232327.34,Theft,Manipal Hospital,1,1,Raipur,Pending,0
480120.29,Fire,Apollo Hospital,12,1,Pune,Rejected,0
179722.35,Accident,KEM Hospital,12,1,Mumbai,Approved,0
172788.82,Vehicle,Manipal Hospital,10,1,Hyderabad,Approved,0
339424.95,Fire,AIIMS,2,1,Mumbai,Approved,0
102676.98,Vehicle,Max Hospital,14,1,Pune,Approved,0
260292.46,Medical,KEM Hospital,8,0,Hyderabad,Approved,0
549418.52,Medical,Ruby Hall Clinic,1,0,Delhi,Pending,1
211265.84,Vehicle,AIIMS,9,0,Chennai,Pending,0
50529.75,Medical,Max Hospital,2,0,Delhi,Pending,0
536388.42,Theft,Apollo Hospital,11,1,Pune,Approved,1
8383.4,Accident,KEM Hospital,8,1,Pune,Rejected,0
354873.35,Accident,Max Hospital,15,1,Mumbai,Approved,1
557858.62,Medical,Apollo Hospital,9,1,Bengaluru,Pending,0
307219.27,Vehicle,Manipal Hospital,2,1,Delhi,Pending,1
465037.8,Accident,KEM Hospital,3,0,Delhi,Pending,1
313920.47,Accident,Ruby Hall Clinic,1,1,Raipur,Rejected,0
58039.3,Accident,Manipal Hospital,16,1,Nagpur,Rejected,0
114215.07,Accident,Max Hospital,5,1,Hyderabad,Approved,0
514903.68,Medical,Manipal Hospital,14,1,Mumbai,Rejected,1
411017.96,Medical,Ruby Hall Clinic,11,1,Nagpur,Pending,1
98549.9,Vehicle,Ruby Hall Clinic,12,1,Delhi,Approved,0
342005.26,Accident,Max Hospital,13,1,Nashik,Pending,1
156421.0,Fire,Ruby Hall Clinic,5,1,Pune,Rejected,0
226145.03,Medical,Max Hospital,12,1,Chennai,Approved,0
335330.12,Vehicle,Fortis Hospital,12,1,Nashik,Approved,0
197472.71,Accident,Max Hospital,17,0,Hyderabad,Approved,1
31994.84,Theft,KEM Hospital,9,1,Pune,Approved,0
135388.72,Accident,AIIMS,11,1,Nashik,Rejected,0
128242.39,Theft,Apollo Hospital,20,1,Pune,Approved,0
294224.79,Vehicle,AIIMS,3,1,Bengaluru,Approved,0
489593.39,Vehicle,Apollo Hospital,16,1,Delhi,Approved,1
532092.85,Vehicle,KEM Hospital,6,1,Hyderabad,Rejected,0
15790.86,Accident,AIIMS,15,1,Bengaluru,Approved,0
176073.76,Theft,KEM Hospital,15,1,Nagpur,Rejected,0
477757.9,Theft,Fortis Hospital,20,0,Nashik,Rejected,1
75480.1,Theft,Ruby Hall Clinic,14,1,Nagpur,Approved,0
225348.58,Medical,AIIMS,17,0,Nagpur,Approved,0
77184.88,Theft,Fortis Hospital,15,1,Nagpur,Approved,0
66701.87,Accident,Max Hospital,8,0,Bengaluru,Approved,1
10493.77,Vehicle,Apollo Hospital,5,1,Pune,Approved,0
270655.34,Accident,Max Hospital,2,1,Nagpur,Pending,0
196391.53,Fire,KEM Hospital,8,0,Delhi,Approved,0
17352.99,Fire,Ruby Hall Clinic,12,0,Raipur,Approved,0
319522.48,Medical,Apollo Hospital,12,1,Mumbai,Rejected,1
597024.89,Vehicle,Manipal Hospital,7,1,Pune,Approved,0
300851.91,Medical,Max Hospital,15,1,Nashik,Rejected,1
238765.01,Vehicle,Ruby Hall Clinic,6,1,Nashik,Rejected,0
341772.08,Theft,Fortis Hospital,12,0,Chennai,Pending,1
482870.3,Theft,Apollo Hospital,8,1,Pune,Approved,0
537328.79,Theft,Ruby Hall Clinic,12,0,Chennai,Approved,1
155729.19,Fire,KEM Hospital,3,1,Nashik,Pending,0
36799.15,Vehicle,Apollo Hospital,19,1,Raipur,Rejected,0
516303.37,Vehicle,Apollo Hospital,10,1,Delhi,Pending,1
170922.83,Vehicle,Ruby Hall Clinic,16,1,Nagpur,Rejected,0
229274.71,Medical,KEM Hospital,16,1,Raipur,Approved,0
225589.3,Vehicle,Manipal Hospital,11,1,Mumbai,Approved,0
214175.94,Medical,AIIMS,13,0,Raipur,Pending,1
198395.24,Fire,Ruby Hall Clinic,20,1,Pune,Approved,0
266833.97,Accident,Apollo Hospital,8,1,Delhi,Approved,0
77734.66,Vehicle,Apollo Hospital,1,0,Delhi,Approved,0
190971.44,Accident,Max Hospital,9,0,Pune,Approved,0
504543.07,Accident,Fortis Hospital,18,1,Nashik,Pending,1
187612.55,Fire,Max Hospital,0,1,Bengaluru,Approved,0
361245.38,Accident,Fortis Hospital,14,1,Mumbai,Rejected,1
403079.91,Fire,Manipal Hospital,17,1,Mumbai,Approved,1
308660.88,Medical,Max Hospital,18,1,Pune,Approved,1
439976.55,Vehicle,Manipal Hospital,15,1,Raipur,Approved,1
156874.27,Vehicle,KEM Hospital,5,1,Nagpur,Approved,0
20299.72,Medical,AIIMS,4,0,Nagpur,Rejected,0
431865.81,Medical,AIIMS,5,0,Delhi,Pending,1
116672.51,Medical,Apollo Hospital,15,0,Nashik,Pending,0
58596.33,Accident,Manipal Hospital,3,0,Pune,Approved,0
371064.54,Fire,Manipal Hospital,4,1,Raipur,Pending,1
573265.58,Vehicle,Apollo Hospital,8,0,Nashik,Approved,0
118350.17,Fire,Manipal Hospital,11,1,Raipur,Approved,0
365804.21,Accident,Apollo Hospital,17,1,Nagpur,Rejected,1
530148.43,Vehicle,KEM Hospital,7,1,Delhi,Approved,0
242113.17,Vehicle,AIIMS,14,0,Chennai,Approved,0
489563.48,Accident,Ruby Hall Clinic,12,1,Mumbai,Pending,1
317643.1,Fire,Manipal Hospital,5,0,Raipur,Approved,0
282324.4,Vehicle,Ruby Hall Clinic,7,1,Delhi,Approved,0
17667.5,Theft,Manipal Hospital,1,1,Mumbai,Approved,0
586789.58,Accident,Apollo Hospital,12,1,Raipur,Pending,1
25468.96,Fire,Apollo Hospital,7,0,Pune,Approved,0
52457.2,Theft,Ruby Hall Clinic,0,0,Pune,Pending,1
55513.43,Vehicle,KEM Hospital,4,1,Nagpur,Approved,0
485156.92,Vehicle,Max Hospital,13,1,Chennai,Approved,0
127040.97,Vehicle,Apollo Hospital,0,1,Chennai,Approved,0
50732.88,Medical,Manipal Hospital,1,1,Pune,Approved,0
199596.75,Theft,Max Hospital,12,1,Nagpur,Approved,0
154835.07,Theft,Fortis Hospital,4,1,Bengaluru,Pending,0
34312.12,Medical,Max Hospital,7,1,Delhi,Approved,0
394572.28,Vehicle,Manipal Hospital,19,1,Nashik,Pending,1
52899.01,Fire,AIIMS,13,1,Mumbai,Approved,0
105922.93,Vehicle,KEM Hospital,17,1,Bengaluru,Approved,0
444585.74,Theft,Ruby Hall Clinic,16,1,Delhi,Pending,1
151469.78,Vehicle,Apollo Hospital,10,1,Mumbai,Pending,0
65495.76,Vehicle,Manipal Hospital,4,1,Mumbai,Approved,0
443294.73,Accident,Ruby Hall Clinic,11,1,Pune,Approved,0
462469.93,Theft,Manipal Hospital,12,1,Delhi,Approved,1
231084.47,Accident,Apollo Hospital,8,1,Raipur,Pending,0
579176.26,Accident,KEM Hospital,17,0,Bengaluru,Pending,1
152571.81,Medical,Max Hospital,12,0,Raipur,Rejected,0
498824.94,Theft,Manipal Hospital,15,1,Mumbai,Approved,0
370312.2,Vehicle,AIIMS,18,1,Nagpur,Approved,0
98447.5,Vehicle,Max Hospital,13,1,Chennai,Pending,1
293347.02,Accident,Manipal Hospital,10,1,Pune,Pending,0
465597.44,Vehicle,Manipal Hospital,18,1,Chennai,Approved,1
266980.44,Fire,Manipal Hospital,10,0,Raipur,Approved,0
185602.32,Vehicle,Fortis Hospital,20,1,Raipur,Pending,1
404299.26,Medical,Apollo Hospital,19,0,Bengaluru,Approved,0
89104.43,Fire,KEM Hospital,10,0,Chennai,Approved,0
541604.49,Theft,Apollo Hospital,4,1,Raipur,Approved,0
168383.83,Fire,AIIMS,4,1,Chennai,Pending,0
552711.67,Accident,KEM Hospital,2,1,Pune,Approved,0
73358.75,Medical,Apollo Hospital,9,1,Hyderabad,Approved,0
356072.68,Vehicle,Fortis Hospital,0,1,Nagpur,Approved,0
270573.56,Medical,Apollo Hospital,16,1,Raipur,Approved,0
515687.0,Vehicle,Ruby Hall Clinic,5,1,Bengaluru,Pending,1
335205.84,Accident,Apollo Hospital,15,0,Chennai,Approved,1
365633.03,Vehicle,KEM Hospital,15,1,Chennai,Approved,0
245807.34,Theft,Max Hospital,15,1,Mumbai,Approved,0
408628.87,Accident,AIIMS,18,0,Nashik,Approved,1
382423.69,Theft,Manipal Hospital,14,1,Delhi,Rejected,0
254092.88,Medical,KEM Hospital,17,0,Hyderabad,Approved,0
290882.79,Medical,Apollo Hospital,5,1,Bengaluru,Approved,0
588042.14,Theft,Manipal Hospital,7,1,Mumbai,Approved,0
394592.28,Fire,Ruby Hall Clinic,13,0,Hyderabad,Approved,1
554706.91,Accident,Apollo Hospital,8,1,Delhi,Approved,0
33512.79,Vehicle,Apollo Hospital,12,1,Chennai,Pending,1
82591.61,Accident,Ruby Hall Clinic,0,1,Nagpur,Approved,0
450702.14,Accident,AIIMS,12,1,Bengaluru,Rejected,1
121163.9,Accident,Apollo Hospital,11,1,Pune,Pending,1
184457.6,Vehicle,Max Hospital,2,1,Chennai,Approved,0
227052.53,Theft,Fortis Hospital,7,1,Raipur,Approved,0
298337.3,Fire,Max Hospital,2,0,Hyderabad,Approved,0
596284.95,Theft,Max Hospital,15,1,Hyderabad,Pending,1
151915.97,Medical,Ruby Hall Clinic,0,0,Nagpur,Approved,0
598879.24,Fire,Max Hospital,10,1,Nashik,Approved,0
27891.85,Vehicle,Ruby Hall Clinic,11,1,Nashik,Approved,0
300737.73,Fire,AIIMS,20,0,Delhi,Approved,1
192518.44,Medical,Apollo Hospital,9,0,Delhi,Pending,0
139725.15,Theft,KEM Hospital,13,1,Nagpur,Rejected,0
127454.98,Vehicle,Max Hospital,4,1,Nagpur,Rejected,0
214743.74,Vehicle,Manipal Hospital,17,1,Delhi,Rejected,0
97908.55,Theft,AIIMS,0,1,Chennai,Approved,0
577387.55,Accident,Fortis Hospital,5,1,Nagpur,Approved,0
271813.05,Vehicle,Max Hospital,16,1,Nagpur,Approved,0
561821.2,Accident,Apollo Hospital,15,0,Hyderabad,Approved,1
79701.6,Accident,Fortis Hospital,20,1,Nashik,Rejected,0
369071.29,Accident,Ruby Hall Clinic,10,1,Pune,Pending,0
9735.96,Fire,KEM Hospital,5,0,Raipur,Approved,0
141918.65,Medical,AIIMS,0,1,Nagpur,Approved,0
372113.47,Medical,Fortis Hospital,17,1,Delhi,Approved,1
492942.87,Theft,Apollo Hospital,6,1,Bengaluru,Approved,0
473033.07,Accident,AIIMS,2,1,Pune,Pending,1
102401.16,Fire,Apollo Hospital,18,0,Nagpur,Approved,0
122045.17,Vehicle,AIIMS,8,1,Chennai,Rejected,0
381274.69,Medical,Max Hospital,5,0,Delhi,Approved,0
306815.44,Medical,Ruby Hall Clinic,3,0,Delhi,Approved,0
170025.23,Medical,AIIMS,17,1,Pune,Approved,0
414339.02,Fire,Ruby Hall Clinic,19,0,Nashik,Approved,1
341895.18,Medical,Ruby Hall Clinic,9,1,Delhi,Approved,0
395247.62,Accident,AIIMS,10,1,Bengaluru,Pending,1
576201.45,Theft,Ruby Hall Clinic,7,1,Nashik,Approved,0
135600.48,Fire,KEM Hospital,10,0,Pune,Approved,0
236564.5,Medical,AIIMS,1,0,Mumbai,Approved,0
30462.12,Vehicle,Fortis Hospital,1,1,Nashik,Approved,0
315370.47,Fire,AIIMS,20,1,Mumbai,Pending,1
329047.87,Fire,Apollo Hospital,2,0,Chennai,Pending,0
53293.57,Accident,Fortis Hospital,4,1,Delhi,Rejected,0
332833.35,Accident,KEM Hospital,20,1,Mumbai,Approved,1
177653.36,Vehicle,AIIMS,8,1,Hyderabad,Pending,0
73725.11,Theft,Max Hospital,2,1,Nagpur,Pending,0
448989.49,Accident,KEM Hospital,1,1,Chennai,Approved,0
599083.28,Medical,Max Hospital,7,0,Mumbai,Approved,0
57903.42,Fire,AIIMS,2,1,Delhi,Pending,0
254639.2,Vehicle,Apollo Hospital,11,1,Bengaluru,Approved,0
247989.93,Accident,KEM Hospital,2,1,Nashik,Approved,0
461704.68,Fire,Apollo Hospital,17,0,Nagpur,Approved,1
60037.27,Fire,Manipal Hospital,9,0,Nagpur,Approved,0
261969.06,Theft,KEM Hospital,19,1,Bengaluru,Approved,0
173741.25,Theft,Apollo Hospital,20,1,Nagpur,Pending,1
366235.13,Theft,Apollo Hospital,8,1,Mumbai,Approved,0
303948.05,Theft,AIIMS,6,1,Hyderabad,Pending,1
277220.54,Fire,Apollo Hospital,0,1,Mumbai,Pending,0
71605.56,Theft,Max Hospital,11,1,Nashik,Pending,1
455415.04,Medical,AIIMS,17,1,Bengaluru,Approved,0
312227.39,Vehicle,Manipal Hospital,4,0,Raipur,Approved,0
556834.17,Theft,Manipal Hospital,14,0,Delhi,Pending,1
375384.32,Accident,Ruby Hall Clinic,10,1,Raipur,Rejected,0
560019.12,Fire,KEM Hospital,10,1,Delhi,Rejected,0
372156.93,Vehicle,Fortis Hospital,9,0,Chennai,Approved,0
337870.89,Accident,Manipal Hospital,14,1,Chennai,Approved,1
111103.33,Theft,AIIMS,8,1,Pune,Pending,0
62087.28,Fire,KEM Hospital,8,0,Mumbai,Rejected,0
19748.59,Theft,KEM Hospital,18,1,Mumbai,Pending,1
382701.86,Fire,Ruby Hall Clinic,10,1,Mumbai,Pending,0
9481.66,Fire,Max Hospital,4,0,Nashik,Pending,0
599921.75,Accident,KEM Hospital,10,1,Raipur,Approved,0
15381.7,Theft,Max Hospital,20,1,Nagpur,Approved,0
10031.2,Accident,Apollo Hospital,11,1,Raipur,Approved,0
138571.26,Fire,Manipal Hospital,12,0,Nashik,Pending,0
514200.63,Vehicle,Max Hospital,20,0,Delhi,Approved,1
526307.06,Accident,Fortis Hospital,16,1,Bengaluru,Pending,1
302719.24,Medical,Manipal Hospital,8,0,Bengaluru,Approved,0
235245.67,Theft,Apollo Hospital,15,1,Nagpur,Approved,0
566937.17,Vehicle,Apollo Hospital,11,1,Mumbai,Approved,1
438754.85,Medical,Manipal Hospital,19,0,Bengaluru,Pending,1
556387.75,Accident,Max Hospital,1,1,Raipur,Pending,1
182644.39,Medical,KEM Hospital,11,0,Mumbai,Approved,0
439435.07,Fire,Max Hospital,3,0,Bengaluru,Approved,0
102038.1,Medical,Manipal Hospital,6,1,Bengaluru,Approved,0
521738.23,Medical,Max Hospital,9,0,Raipur,Pending,1
497522.76,Medical,Max Hospital,11,1,Chennai,Approved,1
396546.41,Vehicle,Apollo Hospital,18,1,Mumbai,Pending,1
536045.75,Theft,Ruby Hall Clinic,12,1,Mumbai,Rejected,0
121429.83,Fire,AIIMS,17,0,Pune,Rejected,0
429812.14,Vehicle,Apollo Hospital,9,1,Raipur,Approved,0
21059.59,Fire,AIIMS,17,1,Bengaluru,Rejected,0
554009.19,Vehicle,Manipal Hospital,19,1,Nashik,Approved,1
342862.43,Theft,Max Hospital,15,1,Pune,Pending,1
246990.84,Theft,Ruby Hall Clinic,9,1,Chennai,Approved,0
60751.58,Fire,Fortis Hospital,6,1,Raipur,Approved,0
229238.0,Vehicle,Apollo Hospital,18,1,Nashik,Approved,0
156535.5,Fire,Manipal Hospital,7,1,Chennai,Rejected,0
204892.7,Medical,Ruby Hall Clinic,3,1,Bengaluru,Approved,0
120013.1,Fire,Max Hospital,1,0,Hyderabad,Approved,0
233321.43,Theft,Apollo Hospital,15,1,Pune,Approved,0
550246.79,Fire,AIIMS,0,1,Pune,Rejected,0
577590.52,Vehicle,Manipal Hospital,19,1,Chennai,Pending,1
569582.7,Vehicle,KEM Hospital,19,1,Delhi,Rejected,0
91756.02,Theft,Fortis Hospital,19,1,Pune,Approved,0
129564.7,Fire,Max Hospital,12,1,Bengaluru,Rejected,0
186734.43,Vehicle,Manipal Hospital,4,1,Delhi,Approved,0
427400.65,Fire,Ruby Hall Clinic,9,0,Nashik,Approved,0
357365.62,Theft,AIIMS,8,1,Bengaluru,Pending,1
26524.9,Accident,Max Hospital,10,1,Nashik,Approved,0
402162.37,Fire,AIIMS,0,1,Delhi,Approved,0
416527.42,Theft,Manipal Hospital,10,1,Chennai,Approved,0
367633.38,Fire,Ruby Hall Clinic,13,1,Pune,Approved,1
569212.7,Fire,Manipal Hospital,10,1,Mumbai,Approved,0
206813.23,Vehicle,Ruby Hall Clinic,3,0,Hyderabad,Approved,0
90302.91,Theft,Ruby Hall Clinic,14,1,Bengaluru,Approved,0
27276.5,Theft,Ruby Hall Clinic,11,1,Nagpur,Approved,0
221771.29,Accident,Ruby Hall Clinic,12,1,Hyderabad,Approved,0
192198.72,Theft,AIIMS,8,1,Pune,Rejected,0
20751.54,Theft,Fortis Hospital,11,1,Hyderabad,Rejected,0
331206.2,Medical,Max Hospital,5,0,Mumbai,Approved,0
399379.31,Accident,Manipal Hospital,0,1,Raipur,Pending,1
552156.25,Medical,Max Hospital,20,0,Delhi,Approved,1
396588.66,Theft,KEM Hospital,0,1,Nashik,Approved,0
239353.35,Medical,KEM Hospital,7,1,Hyderabad,Pending,0
563988.98,Accident,Max Hospital,20,1,Raipur,Approved,1
535389.86,Accident,AIIMS,3,1,Raipur,Approved,0
286525.9,Theft,Ruby Hall Clinic,9,1,Delhi,Approved,0
236449.94,Fire,KEM Hospital,9,0,Mumbai,Approved,0
311943.75,Vehicle,Max Hospital,7,1,Chennai,Pending,1
29325.62,Accident,Fortis Hospital,11,1,Mumbai,Rejected,0
168844.46,Accident,AIIMS,13,1,Nagpur,Approved,0
255150.73,Medical,Manipal Hospital,17,0,Chennai,Rejected,0
259649.76,Vehicle,Fortis Hospital,2,1,Pune,Approved,0
284230.1,Accident,Ruby Hall Clinic,2,1,Delhi,Rejected,0
271796.88,Accident,KEM Hospital,14,1,Delhi,Rejected,0
504634.65,Accident,AIIMS,16,1,Raipur,Pending,1
392691.15,Accident,Manipal Hospital,0,1,Delhi,Approved,0
508440.8,Medical,AIIMS,11,1,Nagpur,Approved,0
208198.76,Theft,Max Hospital,20,1,Mumbai,Approved,0
562691.52,Theft,Manipal Hospital,9,1,Nashik,Pending,1
38879.72,Accident,KEM Hospital,9,1,Hyderabad,Approved,0
16511.64,Fire,AIIMS,5,0,Chennai,Rejected,0
473587.11,Theft,Fortis Hospital,17,1,Pune,Approved,1
418518.32,Medical,Max Hospital,10,1,Hyderabad,Approved,0
154816.87,Medical,Max Hospital,15,1,Raipur,Approved,0
245674.74,Theft,Max Hospital,17,1,Hyderabad,Approved,0
178145.15,Accident,Max Hospital,17,1,Bengaluru,Approved,0
402600.04,Medical,KEM Hospital,7,1,Raipur,Approved,0
466712.75,Vehicle,Fortis Hospital,10,1,Raipur,Approved,0
508872.93,Theft,Manipal Hospital,7,1,Delhi,Pending,0
152584.62,Accident,Manipal Hospital,4,1,Mumbai,Pending,0
563412.05,Medical,AIIMS,17,0,Pune,Approved,1
140115.09,Theft,Ruby Hall Clinic,15,1,Mumbai,Pending,0
237787.9,Theft,Manipal Hospital,5,1,Raipur,Approved,0
158737.97,Medical,Ruby Hall Clinic,9,1,Mumbai,Approved,0
81646.36,Vehicle,Max Hospital,1,1,Bengaluru,Approved,0
458351.16,Theft,Fortis Hospital,12,1,Nashik,Rejected,0
481245.24,Fire,Fortis Hospital,7,1,Hyderabad,Approved,0
384467.83,Theft,Fortis Hospital,6,1,Pune,Rejected,0
308292.36,Medical,Max Hospital,16,0,Bengaluru,Approved,1
86463.35,Accident,Manipal Hospital,19,1,Hyderabad,Approved,0
471806.44,Theft,Fortis Hospital,18,1,Nagpur,Approved,0
193456.15,Accident,Fortis Hospital,16,1,Mumbai,Approved,0
377996.76,Medical,AIIMS,3,1,Nashik,Approved,0
174022.71,Accident,KEM Hospital,2,1,Nashik,Approved,0
452958.59,Medical,Ruby Hall Clinic,12,1,Mumbai,Pending,1
532460.55,Accident,Fortis Hospital,17,1,Mumbai,Pending,1
266823.36,Medical,Apollo Hospital,11,1,Mumbai,Approved,0
285622.73,Accident,Apollo Hospital,6,1,Hyderabad,Approved,0
266697.01,Theft,Fortis Hospital,3,1,Bengaluru,Pending,0
371033.97,Accident,Fortis Hospital,19,1,Nashik,Rejected,1
396307.49,Accident,Apollo Hospital,0,0,Delhi,Rejected,1
320370.36,Theft,Fortis Hospital,3,1,Delhi,Pending,1
462840.01,Theft,Ruby Hall Clinic,15,1,Chennai,Rejected,1
447594.74,Accident,Apollo Hospital,11,1,Nashik,Pending,1
24885.98,Fire,Manipal Hospital,0,0,Bengaluru,Pending,0
421680.22,Fire,Manipal Hospital,15,0,Bengaluru,Approved,1
436179.81,Theft,Manipal Hospital,3,1,Hyderabad,Approved,0
219675.0,Medical,AIIMS,0,1,Hyderabad,Approved,0
239155.86,Medical,Fortis Hospital,15,1,Raipur,Approved,0
35311.96,Vehicle,Manipal Hospital,17,1,Nagpur,Rejected,0
307568.2,Theft,Manipal Hospital,19,1,Hyderabad,Approved,0
308075.85,Vehicle,AIIMS,7,1,Chennai,Pending,1
64812.97,Accident,Manipal Hospital,20,1,Raipur,Pending,0
25674.32,Accident,Apollo Hospital,9,1,Delhi,Approved,0
151037.2,Medical,Fortis Hospital,5,1,Nagpur,Approved,0
493019.03,Fire,Manipal Hospital,6,1,Raipur,Approved,0
422087.25,Fire,Fortis Hospital,5,1,Mumbai,Approved,0
345194.12,Accident,KEM Hospital,17,1,Pune,Approved,1
420421.46,Fire,Manipal Hospital,19,1,Nagpur,Approved,1
306066.51,Vehicle,Ruby Hall Clinic,0,1,Mumbai,Approved,0
93351.33,Vehicle,Apollo Hospital,11,0,Raipur,Approved,0
471521.41,Vehicle,Max Hospital,6,1,Mumbai,Rejected,0
27166.04,Theft,AIIMS,14,1,Mumbai,Approved,0
445962.33,Medical,Fortis Hospital,10,0,Chennai,Rejected,0
423804.73,Fire,Max Hospital,13,0,Mumbai,Rejected,0
247509.29,Fire,KEM Hospital,6,0,Pune,Pending,0
464654.47,Fire,KEM Hospital,2,0,Nagpur,Pending,1
277531.67,Accident,Fortis Hospital,10,1,Nagpur,Approved,0
152144.06,Theft,Apollo Hospital,15,1,Bengaluru,Approved,0
115798.73,Accident,AIIMS,8,1,Chennai,Approved,0
426847.46,Medical,Apollo Hospital,5,1,Mumbai,Pending,1
209682.77,Vehicle,Apollo Hospital,15,1,Bengaluru,Approved,0
560330.59,Medical,Manipal Hospital,16,0,Mumbai,Approved,1
73007.95,Medical,KEM Hospital,5,0,Pune,Pending,0
326262.37,Fire,AIIMS,16,1,Nashik,Approved,0
127799.76,Vehicle,Manipal Hospital,4,0,Raipur,Rejected,0
463106.2,Medical,Manipal Hospital,15,1,Mumbai,Approved,0
406200.34,Vehicle,KEM Hospital,3,0,Raipur,Approved,0
533165.98,Theft,Fortis Hospital,3,1,Nashik,Approved,0
509060.38,Vehicle,Ruby Hall Clinic,0,1,Chennai,Pending,1
54702.27,Medical,Apollo Hospital,15,1,Delhi,Pending,1
265538.18,Vehicle,AIIMS,7,1,Nashik,Approved,0
423991.1,Medical,KEM Hospital,3,0,Hyderabad,Approved,0
242217.01,Medical,KEM Hospital,14,0,Hyderabad,Approved,0
233805.47,Medical,Apollo Hospital,19,1,Mumbai,Pending,1
242829.4,Theft,AIIMS,16,0,Nashik,Approved,1
42349.15,Vehicle,Max Hospital,17,1,Delhi,Approved,0
160753.12,Theft,AIIMS,18,1,Pune,Approved,0
125799.03,Vehicle,AIIMS,20,1,Pune,Approved,0
468678.19,Vehicle,Ruby Hall Clinic,6,1,Nagpur,Pending,1
54891.91,Theft,Apollo Hospital,14,1,Nagpur,Rejected,0
559848.34,Theft,Manipal Hospital,9,1,Pune,Approved,0
325887.46,Fire,Fortis Hospital,1,1,Delhi,Approved,0
329432.78,Theft,Apollo Hospital,19,1,Delhi,Approved,1
590415.62,Vehicle,KEM Hospital,12,0,Pune,Approved,1
259145.62,Theft,Fortis Hospital,10,1,Delhi,Rejected,0
84756.94,Theft,AIIMS,16,1,Nashik,Approved,0
351688.57,Medical,AIIMS,20,1,Hyderabad,Approved,0
545341.58,Theft,KEM Hospital,0,1,Bengaluru,Approved,0
585959.73,Fire,Ruby Hall Clinic,18,0,Nashik,Approved,0
541684.89,Theft,Manipal Hospital,10,1,Nashik,Approved,0
218184.56,Medical,AIIMS,19,0,Raipur,Approved,0
439866.07,Theft,Apollo Hospital,2,1,Raipur,Pending,0
443329.14,Theft,AIIMS,6,1,Nagpur,Approved,0
56925.69,Fire,Apollo Hospital,3,0,Delhi,Approved,0
238737.53,Medical,KEM Hospital,18,0,Mumbai,Approved,0
239716.66,Vehicle,Manipal Hospital,4,1,Nashik,Pending,0
532396.06,Medical,Ruby Hall Clinic,6,1,Nashik,Pending,1
179979.01,Accident,KEM Hospital,0,1,Raipur,Approved,0
194896.24,Vehicle,Manipal Hospital,8,1,Pune,Approved,0
506374.62,Theft,Manipal Hospital,0,1,Chennai,Approved,0
566093.2,Vehicle,Ruby Hall Clinic,17,1,Pune,Approved,0
473185.59,Vehicle,Manipal Hospital,18,1,Delhi,Rejected,1
429479.2,Vehicle,Manipal Hospital,1,1,Nashik,Rejected,0
144054.24,Fire,Ruby Hall Clinic,13,0,Pune,Rejected,0
395695.6,Medical,Ruby Hall Clinic,1,0,Raipur,Approved,0
267691.72,Accident,Ruby Hall Clinic,18,1,Nashik,Approved,0
56202.45,Fire,Max Hospital,11,1,Chennai,Pending,0
565890.37,Theft,Ruby Hall Clinic,16,1,Nashik,Pending,1
256044.08,Medical,AIIMS,2,1,Hyderabad,Approved,0
192932.47,Vehicle,KEM Hospital,4,1,Raipur,Rejected,0
65486.75,Accident,Max Hospital,15,1,Pune,Pending,0
342506.79,Theft,KEM Hospital,9,1,Nagpur,Pending,0
96620.89,Accident,Manipal Hospital,0,1,Nagpur,Approved,0
45882.15,Medical,Ruby Hall Clinic,20,1,Nashik,Approved,0
480167.48,Accident,AIIMS,2,1,Raipur,Approved,0
87546.92,Fire,Max Hospital,12,1,Chennai,Approved,0
261632.41,Vehicle,AIIMS,18,1,Nashik,Approved,0
185286.39,Vehicle,AIIMS,13,1,Mumbai,Approved,0
337621.26,Theft,Max Hospital,5,1,Nashik,Rejected,0
54718.11,Vehicle,KEM Hospital,7,1,Chennai,Approved,0
298652.77,Medical,Fortis Hospital,18,1,Delhi,Approved,0
468722.06,Vehicle,Fortis Hospital,8,1,Mumbai,Approved,0
295843.58,Accident,Max Hospital,15,1,Pune,Approved,0
502962.76,Fire,Fortis Hospital,10,0,Bengaluru,Rejected,0
193184.04,Vehicle,Ruby Hall Clinic,15,1,Nashik,Pending,1
412404.4,Accident,Fortis Hospital,11,1,Mumbai,Approved,1
417416.46,Medical,KEM Hospital,15,0,Chennai,Pending,1
116182.45,Vehicle,Ruby Hall Clinic,19,1,Nashik,Approved,0
474168.34,Medical,Ruby Hall Clinic,6,0,Pune,Approved,0
58087.37,Accident,Max Hospital,13,1,Chennai,Rejected,0
14929.11,Theft,Apollo Hospital,5,1,Delhi,Pending,0
451752.16,Theft,Apollo Hospital,11,1,Nashik,Approved,0
274714.71,Medical,Apollo Hospital,10,1,Nagpur,Approved,0
513893.24,Vehicle,Max Hospital,15,1,Raipur,Rejected,1
435936.39,Medical,Max Hospital,4,0,Nashik,Pending,1
215185.13,Vehicle,Max Hospital,6,0,Bengaluru,Approved,0
404774.4,Theft,Fortis Hospital,5,1,Bengaluru,Rejected,0
437341.34,Fire,Manipal Hospital,3,1,Chennai,Approved,0
504991.79,Vehicle,Apollo Hospital,10,0,Mumbai,Approved,0
353104.5,Medical,AIIMS,11,0,Nashik,Rejected,1
360629.77,Fire,KEM Hospital,9,0,Bengaluru,Pending,0
531588.51,Medical,Fortis Hospital,2,0,Raipur,Rejected,0
276480.39,Theft,Fortis Hospital,1,1,Pune,Rejected,0
198408.28,Accident,Manipal Hospital,13,1,Hyderabad,Approved,0
324856.03,Vehicle,KEM Hospital,18,1,Hyderabad,Approved,1
258148.16,Theft,Ruby Hall Clinic,19,1,Pune,Pending,1
230014.32,Fire,Apollo Hospital,15,1,Delhi,Pending,1
238493.48,Accident,KEM Hospital,20,1,Nagpur,Approved,0
358988.97,Theft,KEM Hospital,17,1,Mumbai,Rejected,0
379304.54,Theft,Manipal Hospital,6,1,Delhi,Approved,0
223967.08,Theft,Fortis Hospital,17,1,Raipur,Pending,1
163166.73,Vehicle,Manipal Hospital,5,1,Hyderabad,Approved,0
471306.67,Theft,Apollo Hospital,7,0,Nagpur,Approved,1
333609.64,Medical,Max Hospital,11,0,Pune,Pending,1
343494.49,Accident,Manipal Hospital,14,1,Hyderabad,Approved,1
373417.96,Medical,Ruby Hall Clinic,8,0,Nashik,Pending,1
576711.44,Medical,Max Hospital,13,1,Delhi,Approved,1
85368.03,Vehicle,Fortis Hospital,11,1,Nashik,Pending,0
489161.01,Vehicle,Apollo Hospital,10,0,Nagpur,Approved,0
510342.55,Vehicle,Apollo Hospital,10,1,Bengaluru,Pending,1
213443.67,Accident,Max Hospital,17,1,Mumbai,Approved,0
298920.18,Vehicle,Max Hospital,16,0,Hyderabad,Approved,0
77461.5,Vehicle,Fortis Hospital,10,1,Bengaluru,Pending,0
504761.01,Accident,AIIMS,13,1,Bengaluru,Rejected,1
94708.85,Fire,Apollo Hospital,13,0,Pune,Approved,0
346740.04,Accident,Manipal Hospital,16,1,Mumbai,Rejected,1
359648.47,Fire,Max Hospital,14,0,Raipur,Approved,0
460755.75,Vehicle,Fortis Hospital,13,1,Bengaluru,Rejected,1
319218.82,Accident,Max Hospital,0,1,Pune,Rejected,0
470946.99,Accident,KEM Hospital,7,1,Hyderabad,Pending,1
371212.7,Fire,Manipal Hospital,4,0,Bengaluru,Approved,0
10384.79,Fire,Max Hospital,7,1,Chennai,Approved,0
44148.6,Vehicle,Manipal Hospital,11,1,Chennai,Pending,1
44855.2,Fire,Fortis Hospital,13,1,Mumbai,Pending,1
424067.9,Vehicle,AIIMS,19,1,Raipur,Approved,0
213610.1,Medical,Fortis Hospital,6,0,Hyderabad,Approved,0
153939.31,Fire,Apollo Hospital,0,1,Hyderabad,Pending,0
533281.93,Fire,Ruby Hall Clinic,18,1,Hyderabad,Pending,1
422891.53,Fire,KEM Hospital,8,0,Bengaluru,Pending,0
310688.92,Theft,Max Hospital,4,1,Pune,Approved,0
203060.37,Accident,AIIMS,0,1,Nashik,Rejected,0
27066.66,Theft,AIIMS,14,1,Raipur,Pending,1
279366.82,Accident,Manipal Hospital,1,1,Mumbai,Rejected,0
278359.95,Accident,Apollo Hospital,14,1,Bengaluru,Approved,0
369549.28,Medical,AIIMS,7,1,Nashik,Approved,0
575333.29,Medical,Apollo Hospital,12,1,Bengaluru,Approved,1
263413.66,Medical,Ruby Hall Clinic,2,0,Chennai,Approved,0
456084.41,Vehicle,Manipal Hospital,18,1,Mumbai,Approved,1
416928.04,Vehicle,AIIMS,8,1,Nashik,Approved,0
544210.31,Theft,AIIMS,14,1,Mumbai,Approved,1
141070.13,Medical,Ruby Hall Clinic,18,1,Hyderabad,Approved,0
186454.93,Accident,KEM Hospital,0,1,Pune,Approved,0
397200.63,Theft,Manipal Hospital,19,1,Nagpur,Approved,1
382061.45,Theft,Manipal Hospital,16,1,Nagpur,Pending,1
332841.4,Theft,Apollo Hospital,12,1,Nagpur,Approved,1
251889.74,Theft,KEM Hospital,18,0,Pune,Pending,1
501144.83,Vehicle,AIIMS,13,1,Delhi,Approved,1
449352.83,Fire,AIIMS,1,1,Raipur,Rejected,0
130131.27,Accident,Fortis Hospital,20,1,Pune,Rejected,0
108980.96,Accident,AIIMS,16,1,Hyderabad,Pending,1
156409.86,Fire,Manipal Hospital,13,0,Chennai,Approved,0
52593.61,Fire,Ruby Hall Clinic,8,1,Bengaluru,Approved,0
16128.54,Vehicle,Max Hospital,3,1,Pune,Approved,0
578154.43,Medical,KEM Hospital,12,1,Raipur,Approved,0
207063.47,Medical,Apollo Hospital,6,1,Chennai,Pending,0
75092.45,Fire,Manipal Hospital,20,0,Chennai,Approved,0
471429.05,Medical,Apollo Hospital,2,1,Hyderabad,Approved,0
470716.99,Medical,Max Hospital,20,0,Mumbai,Approved,0
459209.49,Vehicle,Max Hospital,7,1,Mumbai,Pending,0
225649.04,Medical,Manipal Hospital,0,0,Nagpur,Approved,0
68776.67,Medical,Manipal Hospital,8,1,Nagpur,Rejected,0
189343.97,Fire,Apollo Hospital,1,1,Raipur,Pending,0
12203.41,Medical,Ruby Hall Clinic,18,1,Pune,Approved,0
90541.76,Vehicle,Ruby Hall Clinic,17,1,Nashik,Approved,0
363808.94,Vehicle,Ruby Hall Clinic,0,1,Pune,Approved,0
219860.29,Medical,Max Hospital,16,0,Nashik,Approved,0
330428.82,Medical,KEM Hospital,19,0,Nagpur,Approved,1
578412.53,Accident,AIIMS,14,1,Bengaluru,Approved,0
555473.52,Accident,Ruby Hall Clinic,18,1,Pune,Pending,1
529437.61,Medical,AIIMS,17,0,Mumbai,Pending,1
267254.45,Accident,Fortis Hospital,20,1,Nagpur,Pending,1
255428.31,Accident,KEM Hospital,1,1,Delhi,Approved,0
110218.29,Medical,KEM Hospital,1,0,Nashik,Pending,0
45445.59,Accident,KEM Hospital,13,0,Hyderabad,Approved,1
461286.01,Theft,KEM Hospital,13,1,Mumbai,Approved,1
331108.78,Vehicle,Fortis Hospital,13,1,Hyderabad,Rejected,0
200566.33,Accident,Apollo Hospital,15,1,Bengaluru,Pending,1
178320.58,Fire,KEM Hospital,13,0,Nashik,Pending,1
504238.21,Vehicle,Ruby Hall Clinic,20,1,Mumbai,Pending,1
259732.76,Theft,Ruby Hall Clinic,16,1,Raipur,Approved,0
356286.96,Fire,Apollo Hospital,20,0,Bengaluru,Pending,1
504476.34,Medical,AIIMS,17,1,Delhi,Approved,0
110390.74,Theft,Fortis Hospital,18,1,Chennai,Pending,1
132730.28,Accident,AIIMS,5,1,Mumbai,Pending,0
439276.75,Theft,Fortis Hospital,5,1,Pune,Approved,0
379746.2,Theft,KEM Hospital,8,0,Nagpur,Rejected,1
327855.41,Fire,Max Hospital,14,1,Mumbai,Pending,1
546450.12,Accident,Fortis Hospital,4,1,Raipur,Rejected,0
93436.27,Theft,Fortis Hospital,9,1,Nagpur,Rejected,0
568868.83,Medical,Ruby Hall Clinic,13,1,Mumbai,Approved,1
544411.3,Medical,Max Hospital,11,0,Hyderabad,Approved,0
427670.28,Fire,AIIMS,18,1,Nagpur,Approved,0
122129.86,Medical,Max Hospital,11,0,Hyderabad,Pending,1
514967.45,Accident,Fortis Hospital,19,1,Delhi,Approved,0
10885.33,Theft,Apollo Hospital,10,1,Hyderabad,Approved,0
213447.16,Medical,Max Hospital,15,0,Chennai,Approved,0
509183.09,Accident,Fortis Hospital,16,1,Delhi,Approved,1
215219.79,Fire,Ruby Hall Clinic,6,0,Nagpur,Pending,0
391979.86,Fire,Max Hospital,11,0,Nagpur,Pending,1
372207.58,Fire,Ruby Hall Clinic,7,1,Nagpur,Approved,0
385989.18,Medical,Max Hospital,12,1,Mumbai,Approved,1
121783.38,Fire,AIIMS,18,1,Nashik,Approved,0
288202.6,Accident,Manipal Hospital,18,1,Bengaluru,Approved,0
584767.27,Fire,Manipal Hospital,15,1,Bengaluru,Approved,1
319100.59,Vehicle,Fortis Hospital,0,1,Chennai,Approved,0
574138.58,Vehicle,Apollo Hospital,18,1,Pune,Rejected,0
203982.9,Fire,Ruby Hall Clinic,15,1,Mumbai,Pending,0
179751.11,Medical,Ruby Hall Clinic,18,1,Nagpur,Rejected,0
299035.07,Vehicle,Ruby Hall Clinic,4,1,Pune,Approved,0
313302.32,Vehicle,KEM Hospital,7,0,Delhi,Approved,0
146532.04,Accident,Max Hospital,12,1,Nashik,Approved,0
488913.53,Vehicle,Ruby Hall Clinic,3,1,Delhi,Pending,0
484749.46,Theft,Max Hospital,7,1,Pune,Approved,0
243984.87,Fire,Manipal Hospital,20,0,Raipur,Approved,0
221469.01,Medical,AIIMS,12,1,Raipur,Approved,0
598593.98,Fire,Fortis Hospital,4,1,Mumbai,Approved,0
145273.63,Fire,Ruby Hall Clinic,4,1,Mumbai,Approved,0
400765.35,Fire,Max Hospital,1,1,Chennai,Pending,1
496712.08,Vehicle,Manipal Hospital,20,1,Raipur,Approved,1
493059.53,Fire,Manipal Hospital,14,0,Pune,Approved,0
90188.18,Accident,Apollo Hospital,3,1,Mumbai,Approved,0
96671.13,Fire,Ruby Hall Clinic,7,1,Pune,Approved,0
376753.62,Theft,Max Hospital,2,1,Bengaluru,Pending,0
383867.06,Medical,Max Hospital,20,1,Pune,Rejected,0
143208.9,Fire,KEM Hospital,19,1,Delhi,Approved,0
82138.84,Theft,Ruby Hall Clinic,10,1,Bengaluru,Approved,0
508126.23,Medical,Apollo Hospital,19,1,Delhi,Approved,0
352590.45,Vehicle,Ruby Hall Clinic,16,1,Raipur,Pending,1
351272.36,Vehicle,AIIMS,16,1,Delhi,Approved,1
234617.47,Fire,KEM Hospital,6,1,Nagpur,Approved,0
303034.14,Accident,Ruby Hall Clinic,8,1,Bengaluru,Approved,0
132219.24,Theft,Ruby Hall Clinic,14,1,Hyderabad,Approved,0
102060.43,Medical,Ruby Hall Clinic,3,0,Chennai,Approved,0
387201.09,Accident,Manipal Hospital,10,0,Mumbai,Pending,1
295151.42,Theft,Manipal Hospital,18,1,Pune,Approved,0
144343.85,Accident,KEM Hospital,3,1,Delhi,Rejected,0
239672.13,Fire,AIIMS,16,0,Delhi,Approved,0
355650.97,Medical,KEM Hospital,6,1,Chennai,Approved,0
598304.53,Fire,Manipal Hospital,2,0,Pune,Approved,0
124664.74,Fire,Fortis Hospital,15,0,Nagpur,Pending,1
228098.98,Accident,Fortis Hospital,18,1,Hyderabad,Pending,0
364035.55,Accident,Ruby Hall Clinic,16,1,Delhi,Rejected,0
174701.76,Fire,Manipal Hospital,4,1,Mumbai,Pending,0
31044.25,Vehicle,Apollo Hospital,19,1,Bengaluru,Approved,0
175287.37,Fire,AIIMS,2,0,Delhi,Pending,0
147425.81,Theft,Fortis Hospital,3,0,Bengaluru,Approved,1
466229.04,Medical,AIIMS,1,0,Hyderabad,Pending,1
538037.74,Fire,Max Hospital,11,0,Mumbai,Approved,1
536515.84,Accident,Apollo Hospital,6,1,Delhi,Pending,0
415685.63,Medical,Max Hospital,10,1,Delhi,Pending,1
48124.09,Medical,Apollo Hospital,14,1,Pune,Pending,1
515068.1,Theft,Ruby Hall Clinic,0,1,Hyderabad,Approved,0
104135.15,Theft,Fortis Hospital,18,1,Mumbai,Approved,0
370507.58,Fire,KEM Hospital,5,0,Mumbai,Approved,0
177826.5,Accident,Apollo Hospital,4,1,Pune,Pending,0
536662.35,Accident,Fortis Hospital,9,1,Bengaluru,Approved,0
274603.52,Theft,Fortis Hospital,14,1,Pune,Approved,0
389268.84,Medical,Manipal Hospital,7,1,Pune,Pending,0
119973.1,Vehicle,KEM Hospital,13,1,Chennai,Approved,0
539133.29,Accident,Max Hospital,7,0,Bengaluru,Approved,1
516674.18,Theft,Apollo Hospital,5,0,Mumbai,Approved,1
63396.89,Accident,Ruby Hall Clinic,10,0,Chennai,Rejected,1
498738.72,Fire,Max Hospital,3,0,Nagpur,Pending,0
200913.91,Medical,Ruby Hall Clinic,15,1,Delhi,Pending,0
309630.94,Accident,Fortis Hospital,3,0,Hyderabad,Approved,1
330050.95,Medical,Ruby Hall Clinic,6,0,Mumbai,Pending,1
532347.82,Fire,AIIMS,5,0,Chennai,Approved,0
349746.94,Vehicle,Max Hospital,6,1,Raipur,Rejected,0
491058.25,Vehicle,Apollo Hospital,8,1,Mumbai,Approved,0
550699.02,Accident,Max Hospital,15,1,Nagpur,Rejected,0
370868.88,Accident,KEM Hospital,9,1,Nashik,Rejected,0
177882.23,Fire,Max Hospital,10,1,Nashik,Approved,0
184431.78,Fire,Ruby Hall Clinic,20,0,Nagpur,Approved,0
212060.26,Theft,AIIMS,0,1,Pune,Approved,0
339241.82,Vehicle,KEM Hospital,19,1,Nagpur,Approved,1
204951.62,Medical,KEM Hospital,18,0,Mumbai,Pending,0
327940.59,Theft,Manipal Hospital,4,1,Delhi,Pending,1
198234.91,Vehicle,Max Hospital,13,1,Pune,Pending,1
482091.29,Vehicle,KEM Hospital,20,1,Nashik,Approved,1
509340.3,Medical,Apollo Hospital,13,0,Bengaluru,Rejected,0
104895.81,Theft,Ruby Hall Clinic,12,0,Delhi,Approved,1
457160.6,Fire,KEM Hospital,3,0,Pune,Pending,1
289827.59,Accident,AIIMS,17,1,Hyderabad,Approved,0
496430.25,Vehicle,Ruby Hall Clinic,10,1,Bengaluru,Approved,0
99528.77,Vehicle,Max Hospital,5,1,Nagpur,Rejected,0
409334.58,Vehicle,KEM Hospital,20,1,Delhi,Approved,1
367864.35,Theft,AIIMS,1,1,Delhi,Approved,0
514496.92,Medical,AIIMS,16,0,Delhi,Approved,1
161437.77,Fire,Ruby Hall Clinic,20,0,Pune,Pending,0
442151.18,Medical,KEM Hospital,20,1,Nagpur,Approved,0
70710.18,Vehicle,Apollo Hospital,7,1,Mumbai,Rejected,0
410776.83,Accident,Max Hospital,16,0,Nashik,Rejected,1
7104.13,Vehicle,KEM Hospital,0,1,Nagpur,Approved,0
253666.36,Accident,Fortis Hospital,0,1,Bengaluru,Approved,0
106644.81,Vehicle,Manipal Hospital,15,1,Nagpur,Rejected,0
486296.98,Vehicle,Fortis Hospital,13,1,Bengaluru,Approved,0
241569.04,Accident,Apollo Hospital,8,1,Nagpur,Approved,0
484772.5,Vehicle,Manipal Hospital,19,1,Pune,Approved,1
46930.5,Vehicle,Manipal Hospital,1,1,Mumbai,Approved,0
491948.6,Vehicle,Apollo Hospital,20,1,Nashik,Pending,1
380989.09,Theft,AIIMS,12,0,Hyderabad,Rejected,1
66577.66,Fire,Max Hospital,15,1,Nagpur,Rejected,0
354292.27,Medical,Manipal Hospital,2,0,Nagpur,Pending,1
189337.59,Medical,Fortis Hospital,10,0,Nagpur,Pending,0
478442.23,Theft,Max Hospital,16,1,Hyderabad,Approved,1
434565.98,Fire,Apollo Hospital,11,1,Pune,Rejected,1
104174.0,Medical,Manipal Hospital,13,1,Raipur,Approved,0
82035.39,Vehicle,Fortis Hospital,0,0,Nagpur,Approved,0
456890.59,Vehicle,Ruby Hall Clinic,15,1,Chennai,Rejected,0
336163.21,Fire,Apollo Hospital,15,1,Mumbai,Approved,0
497682.44,Medical,Fortis Hospital,14,0,Nagpur,Approved,0
230339.98,Vehicle,Fortis Hospital,15,1,Nagpur,Approved,0
486007.55,Medical,AIIMS,2,1,Hyderabad,Pending,1
384000.23,Vehicle,KEM Hospital,19,1,Nashik,Approved,1
117821.92,Fire,Max Hospital,9,1,Nashik,Pending,0
177380.82,Medical,Fortis Hospital,6,1,Bengaluru,Approved,0
132263.71,Vehicle,AIIMS,5,1,Pune,Pending,0
519586.81,Fire,Manipal Hospital,11,0,Delhi,Approved,1
162717.21,Vehicle,Apollo Hospital,1,1,Bengaluru,Pending,0
229378.19,Vehicle,KEM Hospital,18,1,Nashik,Pending,0
363693.2,Theft,KEM Hospital,15,1,Bengaluru,Approved,1
437458.3,Fire,Fortis Hospital,7,1,Delhi,Rejected,0
287709.24,Fire,AIIMS,11,0,Nashik,Pending,1
200596.16,Accident,KEM Hospital,18,1,Nagpur,Pending,1
381711.92,Vehicle,Ruby Hall Clinic,0,1,Chennai,Approved,0
541776.27,Accident,Fortis Hospital,2,1,Chennai,Pending,1
213593.68,Theft,Manipal Hospital,4,1,Nashik,Rejected,0
486257.08,Accident,Manipal Hospital,3,1,Bengaluru,Approved,0
293849.69,Vehicle,Ruby Hall Clinic,1,1,Bengaluru,Pending,0
133434.86,Accident,Ruby Hall Clinic,5,0,Nashik,Pending,1
526624.79,Accident,Manipal Hospital,17,1,Bengaluru,Approved,0
338331.11,Accident,AIIMS,19,1,Mumbai,Pending,1
415488.11,Theft,Ruby Hall Clinic,17,1,Pune,Pending,1
460715.56,Medical,Max Hospital,16,1,Nagpur,Approved,1
585263.69,Vehicle,Apollo Hospital,5,1,Nashik,Pending,1
194406.66,Accident,KEM Hospital,7,1,Mumbai,Approved,0
343518.42,Fire,Max Hospital,16,1,Hyderabad,Pending,1
10209.18,Theft,Fortis Hospital,20,1,Nashik,Approved,0
21277.8,Accident,AIIMS,7,1,Mumbai,Approved,0
303693.09,Vehicle,KEM Hospital,5,1,Nagpur,Pending,1
254839.42,Fire,Manipal Hospital,15,1,Mumbai,Approved,0
574501.23,Theft,Max Hospital,17,1,Nagpur,Pending,1
322898.07,Medical,Apollo Hospital,13,1,Nagpur,Rejected,1
6290.26,Vehicle,KEM Hospital,20,1,Chennai,Pending,0
484935.37,Accident,Ruby Hall Clinic,19,1,Nashik,Pending,1
311189.78,Theft,Apollo Hospital,8,1,Pune,Approved,0
251198.69,Accident,Max Hospital,2,1,Hyderabad,Approved,0
193170.85,Fire,Max Hospital,18,1,Mumbai,Rejected,0
543291.07,Theft,Max Hospital,15,1,Raipur,Approved,1
303278.9,Theft,KEM Hospital,14,1,Bengaluru,Approved,0
233390.1,Fire,AIIMS,8,0,Nashik,Rejected,0
583815.32,Accident,Fortis Hospital,7,1,Bengaluru,Approved,0
200954.71,Accident,Max Hospital,3,1,Pune,Approved,0
572667.75,Theft,Ruby Hall Clinic,18,1,Raipur,Rejected,1
56841.82,Theft,AIIMS,10,1,Chennai,Approved,0
9423.81,Medical,Max Hospital,8,0,Pune,Approved,0
533003.39,Vehicle,Fortis Hospital,19,1,Raipur,Approved,1
285765.09,Accident,Fortis Hospital,12,1,Raipur,Approved,0
58645.87,Vehicle,KEM Hospital,1,1,Chennai,Approved,0
416097.56,Theft,Apollo Hospital,11,1,Chennai,Approved,1
230657.65,Vehicle,KEM Hospital,18,1,Nagpur,Pending,0
231596.14,Theft,Fortis Hospital,16,1,Hyderabad,Pending,0
435717.16,Vehicle,Max Hospital,9,0,Bengaluru,Pending,1
203799.29,Accident,Max Hospital,4,1,Delhi,Approved,0
424904.06,Fire,Max Hospital,7,1,Nagpur,Approved,0
380167.01,Vehicle,Max Hospital,15,1,Bengaluru,Rejected,1
42166.47,Theft,Ruby Hall Clinic,2,1,Nagpur,Approved,0
43581.83,Medical,Apollo Hospital,17,0,Chennai,Pending,0
233762.72,Accident,Ruby Hall Clinic,4,1,Delhi,Approved,0
314643.91,Vehicle,Ruby Hall Clinic,8,1,Raipur,Pending,0
322949.94,Medical,AIIMS,1,1,Mumbai,Approved,0
184834.09,Vehicle,Apollo Hospital,6,1,Chennai,Pending,0
95723.93,Fire,Apollo Hospital,15,1,Nashik,Approved,0
473779.05,Vehicle,KEM Hospital,14,1,Bengaluru,Approved,0
380046.17,Medical,Fortis Hospital,2,0,Mumbai,Rejected,0
215008.12,Fire,Apollo Hospital,12,0,Nashik,Approved,0
582005.87,Accident,Ruby Hall Clinic,9,1,Pune,Approved,0
324046.49,Accident,Max Hospital,6,1,Nashik,Approved,0
396103.28,Fire,AIIMS,18,0,Bengaluru,Rejected,1
516551.51,Theft,AIIMS,7,1,Chennai,Pending,0
205709.56,Fire,Fortis Hospital,8,1,Raipur,Approved,0
37182.97,Theft,Ruby Hall Clinic,11,0,Chennai,Rejected,1
80188.65,Theft,Ruby Hall Clinic,18,1,Mumbai,Approved,0
245547.55,Medical,Apollo Hospital,9,0,Hyderabad,Approved,0
409857.95,Fire,Max Hospital,15,0,Bengaluru,Approved,1
226770.0,Medical,KEM Hospital,18,0,Bengaluru,Approved,0
438999.81,Accident,Fortis Hospital,12,1,Raipur,Approved,0
65631.24,Fire,Manipal Hospital,9,1,Mumbai,Approved,0
490636.15,Vehicle,AIIMS,18,1,Bengaluru,Approved,0
529734.24,Accident,Max Hospital,16,1,Raipur,Approved,1
524799.67,Medical,Apollo Hospital,7,1,Chennai,Pending,0
176562.02,Theft,AIIMS,0,1,Bengaluru,Rejected,0
51666.38,Vehicle,AIIMS,6,1,Bengaluru,Pending,0
50724.01,Fire,Apollo Hospital,20,0,Chennai,Rejected,0
9637.41,Theft,Fortis Hospital,9,0,Bengaluru,Pending,1
154922.5,Medical,Ruby Hall Clinic,9,1,Pune,Rejected,0
163182.26,Medical,KEM Hospital,7,0,Nagpur,Pending,0
217547.82,Fire,Manipal Hospital,12,1,Nagpur,Approved,0
158967.78,Theft,Manipal Hospital,10,1,Raipur,Approved,0
149798.22,Theft,Ruby Hall Clinic,18,1,Nagpur,Pending,0
387120.94,Medical,AIIMS,10,0,Chennai,Approved,0
285243.98,Accident,Manipal Hospital,6,1,Nashik,Pending,0
419674.39,Fire,AIIMS,18,0,Nagpur,Pending,1
278272.88,Accident,Max Hospital,9,1,Chennai,Pending,0
565514.47,Medical,Fortis Hospital,1,1,Nagpur,Approved,0
16694.84,Theft,Apollo Hospital,1,1,Pune,Approved,0
130835.06,Vehicle,KEM Hospital,1,1,Delhi,Pending,0
240793.72,Fire,Manipal Hospital,3,0,Nashik,Approved,0
392741.08,Theft,Manipal Hospital,8,1,Mumbai,Pending,0
494872.77,Vehicle,Fortis Hospital,16,1,Pune,Approved,1
210980.96,Fire,AIIMS,5,0,Raipur,Pending,0
193351.85,Accident,Apollo Hospital,9,1,Bengaluru,Approved,0
314579.71,Accident,Max Hospital,8,1,Raipur,Approved,0
339018.12,Medical,Fortis Hospital,11,1,Pune,Approved,1
382423.44,Theft,Max Hospital,9,1,Raipur,Approved,0
516739.73,Accident,AIIMS,4,0,Chennai,Pending,1
354124.35,Vehicle,KEM Hospital,14,1,Delhi,Approved,1
160510.3,Accident,Apollo Hospital,9,1,Nagpur,Rejected,0
375689.08,Fire,AIIMS,6,1,Delhi,Pending,1
75007.41,Accident,Max Hospital,19,1,Nashik,Approved,0
589968.32,Medical,Fortis Hospital,14,1,Pune,Approved,0
163953.57,Vehicle,AIIMS,7,1,Raipur,Approved,0
479648.44,Vehicle,Ruby Hall Clinic,15,1,Mumbai,Approved,1
147409.89,Theft,Fortis Hospital,3,1,Mumbai,Approved,0
574237.2,Medical,Manipal Hospital,7,1,Bengaluru,Approved,0
113094.93,Fire,Ruby Hall Clinic,14,0,Pune,Approved,0
312962.14,Theft,KEM Hospital,12,1,Mumbai,Pending,1
171072.48,Theft,Max Hospital,9,1,Hyderabad,Rejected,0
233144.68,Vehicle,Ruby Hall Clinic,20,1,Raipur,Approved,0
207480.17,Medical,Manipal Hospital,14,0,Mumbai,Rejected,0
154405.03,Accident,Manipal Hospital,9,1,Hyderabad,Pending,0
139104.55,Accident,Apollo Hospital,16,1,Raipur,Approved,0
445272.73,Fire,Apollo Hospital,10,0,Raipur,Approved,0
326149.23,Medical,Max Hospital,9,1,Pune,Approved,0
37272.35,Medical,Apollo Hospital,20,1,Bengaluru,Pending,1
126328.55,Accident,Fortis Hospital,11,1,Hyderabad,Approved,0
331640.62,Theft,Ruby Hall Clinic,12,1,Chennai,Approved,1
325332.38,Theft,Ruby Hall Clinic,7,0,Hyderabad,Approved,1
511135.85,Theft,Apollo Hospital,5,1,Raipur,Approved,0
218643.9,Accident,Fortis Hospital,16,1,Bengaluru,Approved,0
325644.13,Theft,Ruby Hall Clinic,4,1,Raipur,Approved,0
188551.25,Medical,Manipal Hospital,19,1,Bengaluru,Approved,0
155988.27,Fire,Apollo Hospital,20,0,Nashik,Approved,0
482909.73,Medical,Ruby Hall Clinic,3,1,Pune,Approved,0
30871.97,Accident,AIIMS,5,1,Pune,Pending,0
396417.62,Theft,Fortis Hospital,11,1,Delhi,Approved,1
518372.54,Medical,Max Hospital,13,1,Bengaluru,Approved,1
46316.18,Theft,Fortis Hospital,8,1,Nagpur,Pending,0
559313.18,Theft,AIIMS,10,1,Raipur,Approved,0
466521.3,Accident,Ruby Hall Clinic,6,1,Nagpur,Rejected,0
574758.89,Accident,KEM Hospital,15,1,Raipur,Approved,0
408886.46,Theft,Max Hospital,16,1,Nagpur,Approved,0
204729.93,Vehicle,Fortis Hospital,20,1,Chennai,Approved,0
86096.66,Theft,Fortis Hospital,18,1,Pune,Approved,0
283657.67,Theft,Fortis Hospital,16,1,Bengaluru,Rejected,0
125483.15,Vehicle,Ruby Hall Clinic,5,1,Chennai,Pending,0
203513.65,Theft,Max Hospital,1,1,Nashik,Approved,0
348675.01,Accident,AIIMS,10,1,Nashik,Approved,0
502120.88,Theft,Manipal Hospital,19,1,Mumbai,Pending,1
61648.08,Accident,Ruby Hall Clinic,5,1,Hyderabad,Approved,0
129108.24,Fire,Apollo Hospital,13,0,Mumbai,Approved,0
423191.61,Medical,KEM Hospital,0,1,Delhi,Pending,0
434629.12,Fire,Ruby Hall Clinic,0,0,Nagpur,Approved,0
462953.55,Medical,Max Hospital,14,0,Raipur,Approved,1
164302.44,Medical,Apollo Hospital,18,0,Raipur,Approved,0
441932.18,Vehicle,Fortis Hospital,11,1,Pune,Pending,1
215708.24,Vehicle,KEM Hospital,16,1,Nashik,Approved,0
581978.78,Vehicle,Ruby Hall Clinic,18,1,Bengaluru,Rejected,1
500127.63,Accident,AIIMS,3,1,Pune,Pending,0
107035.49,Theft,Fortis Hospital,19,1,Pune,Approved,0
144105.81,Medical,Apollo Hospital,4,0,Pune,Approved,0
88794.3,Fire,Fortis Hospital,1,1,Nagpur,Approved,0
10952.25,Accident,Ruby Hall Clinic,1,1,Raipur,Approved,0
37653.75,Vehicle,Fortis Hospital,8,1,Chennai,Pending,0
321218.83,Accident,KEM Hospital,0,1,Chennai,Approved,0
578094.19,Fire,AIIMS,8,1,Nashik,Rejected,0
550165.74,Accident,Fortis Hospital,8,1,Pune,Pending,0
562266.76,Accident,Fortis Hospital,2,1,Nashik,Approved,0
8610.56,Fire,Fortis Hospital,9,0,Raipur,Pending,0
412530.11,Accident,AIIMS,7,1,Chennai,Approved,0
205610.46,Medical,Ruby Hall Clinic,2,0,Chennai,Pending,0
151291.23,Theft,Manipal Hospital,2,1,Nagpur,Approved,0
121019.06,Medical,Ruby Hall Clinic,2,0,Delhi,Pending,0
284494.17,Theft,KEM Hospital,4,1,Hyderabad,Pending,0
65555.42,Fire,Max Hospital,16,1,Bengaluru,Pending,1
187379.02,Accident,Max Hospital,19,1,Nashik,Pending,1
296407.64,Medical,Fortis Hospital,1,0,Mumbai,Pending,0
135090.26,Fire,Apollo Hospital,16,1,Pune,Approved,0
518502.81,Accident,Max Hospital,1,1,Delhi,Approved,0
507449.73,Accident,KEM Hospital,10,1,Delhi,Approved,0
104141.25,Vehicle,Manipal Hospital,3,1,Delhi,Rejected,0
569810.69,Accident,Max Hospital,2,1,Chennai,Approved,0
401482.67,Fire,Max Hospital,10,0,Delhi,Approved,0
491160.11,Medical,Max Hospital,13,1,Raipur,Approved,1
191072.97,Medical,Apollo Hospital,7,1,Pune,Pending,0
364005.89,Fire,Ruby Hall Clinic,10,0,Pune,Rejected,0
140287.67,Theft,Max Hospital,12,1,Raipur,Pending,0
129612.13,Fire,Max Hospital,14,0,Bengaluru,Approved,0
446197.46,Fire,Fortis Hospital,10,0,Chennai,Approved,0
537210.05,Vehicle,Ruby Hall Clinic,15,1,Raipur,Approved,1
129442.61,Medical,Fortis Hospital,16,1,Nagpur,Approved,0
327748.04,Vehicle,Max Hospital,16,1,Delhi,Rejected,1
217772.12,Medical,KEM Hospital,15,1,Mumbai,Approved,0
299542.61,Medical,Ruby Hall Clinic,8,1,Chennai,Approved,0
163448.3,Vehicle,AIIMS,7,1,Chennai,Rejected,0
438595.01,Vehicle,Apollo Hospital,1,1,Hyderabad,Approved,0
284777.11,Theft,Apollo Hospital,14,1,Pune,Approved,0
206559.77,Theft,Manipal Hospital,8,0,Nashik,Approved,0
240478.48,Fire,Ruby Hall Clinic,13,1,Delhi,Pending,0
62941.8,Vehicle,KEM Hospital,3,1,Hyderabad,Pending,0
325874.18,Fire,Manipal Hospital,17,1,Mumbai,Pending,1
560406.3,Vehicle,Apollo Hospital,9,1,Hyderabad,Approved,0
318618.63,Medical,Fortis Hospital,17,0,Pune,Approved,1
203107.43,Vehicle,Apollo Hospital,2,1,Hyderabad,Approved,0
248254.49,Accident,Max Hospital,14,1,Hyderabad,Approved,0
112607.95,Fire,AIIMS,10,0,Pune,Approved,0
378195.21,Medical,Apollo Hospital,7,1,Nashik,Pending,1
226562.28,Vehicle,Fortis Hospital,15,1,Bengaluru,Pending,0
80325.18,Fire,Manipal Hospital,4,0,Delhi,Approved,0
521950.96,Vehicle,Max Hospital,13,1,Chennai,Approved,0
329318.0,Medical,AIIMS,19,0,Hyderabad,Approved,0
188663.59,Accident,Ruby Hall Clinic,11,1,Hyderabad,Rejected,0
395251.64,Fire,Fortis Hospital,10,0,Pune,Approved,0
137638.07,Fire,Manipal Hospital,1,0,Mumbai,Approved,0
283847.97,Medical,Manipal Hospital,11,1,Nashik,Pending,1
155883.36,Vehicle,Manipal Hospital,9,1,Raipur,Approved,0
316325.57,Accident,Fortis Hospital,5,1,Mumbai,Approved,0
116237.31,Fire,KEM Hospital,9,0,Mumbai,Pending,0
125384.06,Fire,AIIMS,2,0,Mumbai,Approved,0
200746.31,Accident,Max Hospital,15,1,Nagpur,Approved,0
547230.34,Medical,Apollo Hospital,18,0,Mumbai,Approved,0
370266.55,Medical,AIIMS,20,0,Hyderabad,Rejected,1
115243.93,Medical,Manipal Hospital,5,1,Pune,Approved,0
571172.36,Fire,Fortis Hospital,8,0,Pune,Approved,0
98390.98,Vehicle,AIIMS,0,1,Pune,Approved,0
91335.1,Fire,AIIMS,13,1,Delhi,Pending,0
5594.42,Fire,Max Hospital,19,1,Pune,Pending,0
290021.61,Vehicle,Max Hospital,20,1,Bengaluru,Approved,0
57758.74,Theft,Ruby Hall Clinic,0,1,Chennai,Pending,0
216776.61,Medical,AIIMS,15,1,Hyderabad,Approved,0
29583.65,Fire,Apollo Hospital,1,0,Pune,Pending,0
442728.82,Vehicle,Manipal Hospital,7,0,Chennai,Approved,0
447727.95,Accident,KEM Hospital,6,1,Chennai,Rejected,0
298483.08,Fire,AIIMS,2,1,Nashik,Approved,0
185542.81,Vehicle,Fortis Hospital,3,0,Hyderabad,Approved,0
459402.79,Medical,Fortis Hospital,4,0,Delhi,Approved,0
331391.78,Fire,AIIMS,15,1,Delhi,Approved,0
66414.04,Accident,Ruby Hall Clinic,5,1,Nashik,Pending,0
362522.55,Accident,Fortis Hospital,20,1,Nashik,Approved,0
96366.34,Accident,Apollo Hospital,5,1,Raipur,Pending,0
591194.64,Fire,Ruby Hall Clinic,0,1,Chennai,Approved,0
434115.3,Accident,Max Hospital,7,1,Nashik,Approved,0
271113.43,Vehicle,Ruby Hall Clinic,13,1,Hyderabad,Approved,0
533602.94,Theft,Manipal Hospital,7,1,Nagpur,Rejected,0
518001.25,Accident,AIIMS,2,1,Delhi,Pending,1
411475.45,Medical,Fortis Hospital,16,1,Pune,Approved,0
547523.89,Vehicle,AIIMS,15,0,Bengaluru,Pending,1
74461.86,Theft,Manipal Hospital,12,1,Hyderabad,Approved,0
118301.17,Fire,AIIMS,0,0,Chennai,Pending,0
559442.34,Medical,Apollo Hospital,3,1,Chennai,Rejected,0
440200.2,Accident,KEM Hospital,14,1,Pune,Approved,1
265917.81,Vehicle,AIIMS,1,0,Mumbai,Approved,0
500655.32,Theft,Max Hospital,17,1,Delhi,Rejected,0
82499.65,Theft,AIIMS,4,0,Chennai,Approved,1
128917.04,Accident,Max Hospital,12,1,Hyderabad,Approved,0
133759.09,Theft,Manipal Hospital,10,1,Raipur,Pending,0
531312.25,Theft,KEM Hospital,7,1,Nagpur,Approved,0
40275.82,Medical,AIIMS,9,0,Hyderabad,Approved,0
378944.39,Theft,Manipal Hospital,16,1,Mumbai,Pending,1
413469.39,Fire,KEM Hospital,17,0,Nashik,Approved,0
364988.68,Theft,Fortis Hospital,6,0,Nashik,Approved,1
162208.94,Fire,Ruby Hall Clinic,6,0,Delhi,Pending,0
473127.48,Vehicle,AIIMS,8,1,Raipur,Pending,1
404569.81,Theft,AIIMS,6,1,Delhi,Pending,1
170569.8,Accident,KEM Hospital,0,1,Pune,Pending,0
126470.42,Accident,Max Hospital,6,1,Bengaluru,Rejected,0
186736.53,Fire,Max Hospital,10,0,Nagpur,Rejected,0
502653.93,Theft,Ruby Hall Clinic,6,1,Raipur,Approved,0
587334.5,Medical,Fortis Hospital,12,1,Raipur,Approved,1
529167.04,Theft,Ruby Hall Clinic,13,1,Hyderabad,Rejected,0
536138.46,Theft,KEM Hospital,9,1,Bengaluru,Approved,0
156441.27,Accident,KEM Hospital,8,1,Nashik,Pending,0
290641.99,Accident,Manipal Hospital,3,1,Bengaluru,Rejected,0
223477.84,Fire,Apollo Hospital,20,0,Nashik,Pending,0
218554.94,Medical,Ruby Hall Clinic,0,1,Pune,Approved,0
81128.01,Medical,Apollo Hospital,6,0,Delhi,Rejected,0
480708.11,Accident,Apollo Hospital,9,1,Delhi,Approved,0
310345.21,Accident,Manipal Hospital,7,0,Bengaluru,Approved,1
437174.43,Accident,Manipal Hospital,11,1,Pune,Pending,1
545194.97,Medical,Ruby Hall Clinic,0,1,Bengaluru,Rejected,0
50029.1,Theft,Max Hospital,11,1,Pune,Approved,0
225533.88,Vehicle,Fortis Hospital,2,1,Mumbai,Pending,0
334656.67,Theft,Max Hospital,10,1,Hyderabad,Approved,0
81807.97,Fire,Manipal Hospital,17,0,Pune,Approved,0
583597.15,Vehicle,Ruby Hall Clinic,13,0,Bengaluru,Pending,1
441108.1,Vehicle,Max Hospital,19,0,Hyderabad,Pending,1
500334.08,Accident,KEM Hospital,10,1,Hyderabad,Approved,0
534972.43,Accident,AIIMS,20,1,Delhi,Pending,1
457665.82,Theft,Max Hospital,20,1,Chennai,Approved,0
482035.26,Vehicle,KEM Hospital,8,1,Mumbai,Approved,0
411248.64,Medical,Manipal Hospital,13,1,Nashik,Approved,0
554666.95,Theft,KEM Hospital,17,1,Bengaluru,Approved,0
370547.67,Accident,Fortis Hospital,13,1,Mumbai,Approved,0
433723.36,Medical,AIIMS,7,1,Chennai,Approved,0
242314.49,Medical,Ruby Hall Clinic,14,0,Bengaluru,Approved,0
53797.81,Medical,Ruby Hall Clinic,16,1,Nashik,Pending,1
43594.43,Vehicle,AIIMS,8,1,Hyderabad,Approved,0
449089.24,Fire,Ruby Hall Clinic,6,1,Mumbai,Pending,0
597210.97,Medical,Manipal Hospital,16,0,Delhi,Pending,1
396120.53,Accident,Ruby Hall Clinic,15,1,Nashik,Pending,1
190035.32,Theft,Ruby Hall Clinic,17,1,Raipur,Approved,0
530658.47,Fire,Ruby Hall Clinic,12,1,Hyderabad,Rejected,1
390943.46,Fire,Max Hospital,4,0,Hyderabad,Approved,0
298570.57,Theft,Fortis Hospital,17,1,Bengaluru,Approved,0
190976.35,Medical,Ruby Hall Clinic,4,0,Nagpur,Approved,0
50021.7,Vehicle,Apollo Hospital,5,1,Hyderabad,Pending,0
227354.66,Medical,AIIMS,20,1,Hyderabad,Approved,0
465529.64,Vehicle,KEM Hospital,19,1,Pune,Approved,0
598296.35,Accident,Manipal Hospital,15,1,Raipur,Pending,1
36416.71,Fire,KEM Hospital,16,1,Bengaluru,Approved,0
448534.84,Medical,Manipal Hospital,6,0,Delhi,Pending,0
281316.51,Vehicle,Ruby Hall Clinic,8,1,Mumbai,Pending,0
70474.24,Fire,Max Hospital,2,0,Pune,Approved,0
474711.49,Medical,KEM Hospital,8,1,Nashik,Approved,0
108016.47,Vehicle,Fortis Hospital,9,1,Hyderabad,Rejected,0
295423.73,Vehicle,Max Hospital,14,1,Hyderabad,Approved,0
90740.08,Fire,Apollo Hospital,4,0,Mumbai,Approved,0
32723.62,Medical,Manipal Hospital,8,1,Hyderabad,Pending,0
388343.94,Fire,Manipal Hospital,1,1,Pune,Pending,1
54810.35,Vehicle,Max Hospital,16,1,Raipur,Approved,0
27046.97,Accident,Max Hospital,4,1,Delhi,Rejected,0
330199.93,Fire,Manipal Hospital,2,0,Raipur,Approved,0
163116.41,Vehicle,AIIMS,13,1,Delhi,Approved,0
332423.85,Medical,KEM Hospital,9,0,Pune,Pending,0
306952.26,Theft,Manipal Hospital,18,1,Nashik,Pending,1
219072.2,Fire,Fortis Hospital,6,1,Nagpur,Approved,0
13413.52,Theft,KEM Hospital,1,1,Mumbai,Approved,0
299451.2,Vehicle,KEM Hospital,10,1,Chennai,Approved,0
174906.12,Vehicle,Max Hospital,13,1,Pune,Approved,0
583479.91,Theft,Ruby Hall Clinic,13,1,Mumbai,Approved,1
175866.08,Vehicle,KEM Hospital,6,1,Chennai,Approved,0
114407.32,Accident,Manipal Hospital,13,1,Delhi,Approved,0
420078.36,Fire,KEM Hospital,1,1,Nashik,Approved,0
356120.43,Medical,Max Hospital,17,1,Nashik,Pending,1
513774.46,Medical,Max Hospital,7,0,Pune,Pending,0
465112.64,Accident,Max Hospital,7,0,Nagpur,Approved,1
72563.66,Fire,Manipal Hospital,3,0,Delhi,Rejected,0
504011.65,Theft,Apollo Hospital,7,1,Bengaluru,Pending,0
148844.15,Medical,AIIMS,18,0,Chennai,Approved,0
66685.66,Fire,Max Hospital,0,0,Nagpur,Pending,0
235696.93,Medical,KEM Hospital,10,1,Hyderabad,Approved,0
13658.55,Fire,Fortis Hospital,1,1,Hyderabad,Approved,0
85510.79,Fire,Max Hospital,8,1,Hyderabad,Approved,0
453762.21,Accident,Max Hospital,1,1,Hyderabad,Approved,0
159569.31,Fire,Max Hospital,17,1,Bengaluru,Pending,0
259599.43,Vehicle,Max Hospital,16,1,Chennai,Approved,0
487201.47,Theft,Max Hospital,1,1,Nagpur,Rejected,0
175638.58,Theft,Apollo Hospital,11,1,Raipur,Pending,1
406070.98,Fire,Fortis Hospital,18,1,Delhi,Approved,0
240327.52,Accident,Apollo Hospital,13,1,Nashik,Approved,0
275323.03,Accident,Apollo Hospital,15,1,Raipur,Approved,0
40537.1,Vehicle,Apollo Hospital,14,0,Nashik,Rejected,0
156981.8,Theft,AIIMS,10,1,Delhi,Pending,0
377755.64,Theft,KEM Hospital,5,1,Nagpur,Approved,0
224957.97,Accident,Manipal Hospital,1,1,Pune,Rejected,0
205350.84,Accident,KEM Hospital,3,1,Pune,Pending,0
384499.43,Medical,Ruby Hall Clinic,18,0,Bengaluru,Approved,1
498731.83,Fire,KEM Hospital,4,0,Bengaluru,Approved,0
505012.21,Accident,Apollo Hospital,18,1,Raipur,Approved,1
271389.79,Theft,Manipal Hospital,14,1,Delhi,Rejected,0
237078.26,Fire,Manipal Hospital,5,0,Delhi,Approved,0
558815.74,Theft,Ruby Hall Clinic,5,1,Mumbai,Pending,0
233724.33,Theft,AIIMS,16,1,Nashik,Approved,0
136994.77,Medical,Manipal Hospital,8,0,Mumbai,Rejected,0
501119.57,Fire,Ruby Hall Clinic,19,1,Pune,Approved,1
21522.06,Fire,Manipal Hospital,15,0,Chennai,Pending,1
44999.16,Accident,Manipal Hospital,11,0,Nashik,Approved,1
28418.78,Vehicle,Fortis Hospital,14,1,Pune,Approved,0
250605.7,Theft,Ruby Hall Clinic,4,1,Hyderabad,Approved,0
409863.09,Theft,Apollo Hospital,19,1,Delhi,Approved,1
166673.32,Fire,AIIMS,8,1,Pune,Approved,0
64526.42,Accident,Ruby Hall Clinic,15,1,Raipur,Pending,1
531799.83,Accident,Fortis Hospital,1,1,Mumbai,Approved,0
52766.33,Vehicle,KEM Hospital,16,1,Pune,Rejected,0
373248.12,Fire,Apollo Hospital,11,0,Bengaluru,Approved,1
483373.12,Accident,Manipal Hospital,17,1,Chennai,Approved,1
191485.34,Fire,Apollo Hospital,10,1,Bengaluru,Approved,0
375514.49,Accident,Fortis Hospital,11,1,Pune,Approved,1
138535.19,Fire,Ruby Hall Clinic,0,0,Hyderabad,Rejected,0
386483.79,Vehicle,Manipal Hospital,0,1,Bengaluru,Pending,0
55670.69,Theft,Max Hospital,2,1,Nashik,Approved,0
411477.17,Accident,Max Hospital,1,1,Pune,Approved,0
536564.58,Theft,Max Hospital,17,1,Nashik,Pending,1
263242.7,Vehicle,AIIMS,10,1,Nagpur,Pending,0
161774.77,Theft,Fortis Hospital,2,1,Delhi,Rejected,0
517455.55,Medical,Manipal Hospital,5,0,Delhi,Rejected,0
511919.2,Fire,AIIMS,20,0,Chennai,Approved,1
481320.1,Accident,Fortis Hospital,19,1,Raipur,Pending,1
385848.13,Fire,Apollo Hospital,1,0,Nashik,Approved,0
240612.93,Fire,Manipal Hospital,10,0,Mumbai,Approved,0
169783.39,Theft,Manipal Hospital,15,1,Nagpur,Rejected,0
379725.26,Fire,KEM Hospital,4,1,Chennai,Approved,0
82726.3,Theft,Max Hospital,0,1,Nagpur,Pending,0
516263.42,Vehicle,Max Hospital,9,1,Hyderabad,Approved,0
103543.38,Accident,KEM Hospital,8,1,Delhi,Approved,0
111854.95,Fire,Max Hospital,5,1,Raipur,Pending,0
571140.14,Medical,Apollo Hospital,11,0,Raipur,Approved,1
566526.31,Vehicle,Fortis Hospital,19,1,Nashik,Approved,1
159035.35,Fire,Max Hospital,17,0,Nagpur,Approved,0
347876.39,Vehicle,Apollo Hospital,12,1,Pune,Rejected,0
544842.36,Vehicle,Apollo Hospital,9,1,Nashik,Approved,0
328437.91,Theft,AIIMS,10,1,Raipur,Approved,0
35174.77,Vehicle,Manipal Hospital,14,1,Delhi,Rejected,0
550060.29,Accident,Apollo Hospital,9,1,Nashik,Approved,0
518285.06,Accident,AIIMS,5,1,Chennai,Rejected,0
8402.82,Accident,Max Hospital,0,1,Nagpur,Pending,0
423843.32,Medical,Max Hospital,20,0,Raipur,Pending,1
277087.21,Medical,AIIMS,0,1,Hyderabad,Rejected,0
257897.0,Vehicle,Max Hospital,20,1,Pune,Approved,0
22614.29,Medical,Manipal Hospital,18,1,Bengaluru,Approved,0
37551.81,Accident,KEM Hospital,15,1,Pune,Approved,0
488723.41,Medical,KEM Hospital,10,0,Delhi,Approved,0
374990.52,Theft,Manipal Hospital,14,1,Pune,Approved,0
228020.42,Medical,Fortis Hospital,16,0,Bengaluru,Pending,1
175365.57,Fire,Manipal Hospital,15,0,Nashik,Approved,0
272187.26,Theft,AIIMS,7,1,Mumbai,Approved,0
169068.56,Accident,Manipal Hospital,5,0,Nashik,Approved,1
24469.15,Fire,AIIMS,19,0,Delhi,Approved,0
97493.85,Medical,Manipal Hospital,11,1,Raipur,Approved,0
569207.37,Accident,Fortis Hospital,2,1,Delhi,Approved,0
96213.27,Fire,KEM Hospital,10,1,Chennai,Approved,0
469987.12,Accident,Fortis Hospital,8,1,Bengaluru,Approved,0
266895.99,Accident,Fortis Hospital,15,1,Delhi,Approved,0
206905.58,Medical,Ruby Hall Clinic,2,0,Nagpur,Rejected,0
316180.42,Medical,AIIMS,11,1,Hyderabad,Rejected,1
526456.71,Vehicle,Fortis Hospital,3,1,Bengaluru,Approved,0
452113.82,Accident,KEM Hospital,1,1,Hyderabad,Approved,0
360145.12,Accident,Max Hospital,17,1,Raipur,Approved,1
390980.28,Accident,Apollo Hospital,13,1,Pune,Approved,0
574487.5,Accident,Fortis Hospital,15,1,Pune,Approved,1
411575.58,Theft,Fortis Hospital,3,1,Hyderabad,Approved,0
444514.72,Vehicle,Fortis Hospital,9,1,Nagpur,Rejected,0
599293.36,Accident,Ruby Hall Clinic,3,1,Bengaluru,Pending,1
567333.52,Medical,Fortis Hospital,18,1,Delhi,Approved,1
286251.31,Vehicle,AIIMS,8,1,Raipur,Approved,0
462179.08,Vehicle,Ruby Hall Clinic,3,1,Nagpur,Approved,0
410061.79,Medical,AIIMS,8,1,Pune,Rejected,0
408655.22,Vehicle,Ruby Hall Clinic,14,1,Chennai,Approved,1
319140.18,Theft,Max Hospital,3,1,Delhi,Approved,0
95064.6,Vehicle,Manipal Hospital,2,1,Delhi,Rejected,0
220197.19,Vehicle,Manipal Hospital,4,1,Delhi,Approved,0
211193.72,Theft,AIIMS,9,1,Delhi,Approved,0
208338.27,Fire,Max Hospital,12,0,Delhi,Approved,0
211319.22,Medical,Ruby Hall Clinic,20,1,Raipur,Pending,1
36696.87,Vehicle,Fortis Hospital,3,1,Nagpur,Approved,0
120315.24,Fire,Max Hospital,12,0,Raipur,Rejected,0
451297.98,Medical,Fortis Hospital,5,1,Hyderabad,Approved,0
79097.76,Theft,Max Hospital,10,1,Raipur,Approved,0
385063.2,Accident,Manipal Hospital,19,1,Bengaluru,Pending,1
565616.99,Vehicle,Max Hospital,15,1,Bengaluru,Approved,1
55021.56,Fire,Apollo Hospital,10,1,Pune,Approved,0
257736.5,Accident,Ruby Hall Clinic,17,1,Nashik,Approved,0
92920.56,Medical,Apollo Hospital,12,1,Raipur,Approved,0
142772.85,Accident,Manipal Hospital,13,0,Mumbai,Approved,1
404897.23,Fire,AIIMS,3,0,Delhi,Approved,0
221901.07,Accident,Ruby Hall Clinic,0,1,Bengaluru,Approved,0
387414.08,Vehicle,AIIMS,4,1,Hyderabad,Approved,0
553453.19,Theft,Manipal Hospital,5,1,Delhi,Approved,0
55829.12,Theft,Apollo Hospital,10,1,Hyderabad,Pending,0
400269.56,Fire,KEM Hospital,18,1,Mumbai,Pending,1
292478.95,Fire,AIIMS,9,0,Mumbai,Approved,0
318611.53,Fire,Ruby Hall Clinic,14,0,Delhi,Approved,1
202896.37,Vehicle,Manipal Hospital,1,1,Chennai,Approved,0
138639.79,Fire,AIIMS,8,0,Nashik,Approved,0
311959.34,Accident,Max Hospital,15,1,Chennai,Pending,1
14625.1,Accident,Max Hospital,20,1,Mumbai,Approved,0
34228.11,Theft,Apollo Hospital,18,1,Delhi,Approved,0
336743.54,Accident,Apollo Hospital,10,1,Nashik,Rejected,0
348658.83,Fire,AIIMS,12,1,Raipur,Approved,1
530754.76,Medical,Apollo Hospital,13,1,Mumbai,Approved,0
134795.14,Theft,Manipal Hospital,17,1,Nagpur,Pending,0
69673.89,Fire,Manipal Hospital,5,1,Mumbai,Approved,0
295711.29,Theft,AIIMS,19,1,Bengaluru,Approved,0
185541.96,Theft,Apollo Hospital,10,1,Raipur,Rejected,0
174728.38,Theft,AIIMS,13,1,Hyderabad,Pending,1
248561.91,Fire,Ruby Hall Clinic,1,0,Nashik,Pending,0
256246.38,Medical,Fortis Hospital,7,1,Nashik,Pending,0
178828.99,Fire,Fortis Hospital,15,1,Mumbai,Pending,1
162216.19,Medical,Max Hospital,0,1,Chennai,Approved,0
138221.82,Fire,AIIMS,5,1,Nagpur,Pending,0
535739.48,Fire,Max Hospital,2,0,Raipur,Approved,0
290008.13,Vehicle,Apollo Hospital,18,1,Bengaluru,Pending,0
164445.2,Vehicle,Fortis Hospital,11,1,Bengaluru,Rejected,0
375873.59,Theft,AIIMS,3,1,Chennai,Approved,0
188268.61,Vehicle,Manipal Hospital,9,0,Nagpur,Approved,0
135905.92,Fire,AIIMS,1,1,Nagpur,Approved,0
93030.61,Fire,Apollo Hospital,6,0,Mumbai,Pending,0
460663.83,Vehicle,KEM Hospital,17,1,Mumbai,Rejected,1
354769.71,Accident,Manipal Hospital,3,1,Chennai,Approved,0
484220.59,Theft,AIIMS,0,1,Chennai,Pending,1
396549.31,Fire,Apollo Hospital,2,0,Pune,Pending,1
413312.14,Accident,Manipal Hospital,0,1,Bengaluru,Approved,0
218956.4,Theft,KEM Hospital,6,1,Hyderabad,Pending,0
508716.53,Medical,Ruby Hall Clinic,8,0,Nagpur,Pending,0
503869.71,Medical,Apollo Hospital,16,1,Nashik,Approved,1
129306.87,Accident,Ruby Hall Clinic,12,1,Pune,Rejected,0
253723.42,Fire,Apollo Hospital,17,1,Chennai,Approved,0
7246.33,Vehicle,KEM Hospital,0,1,Nashik,Rejected,0
24409.55,Medical,Ruby Hall Clinic,19,0,Delhi,Rejected,0
553620.97,Vehicle,Apollo Hospital,0,1,Nashik,Pending,1
30378.32,Theft,AIIMS,10,1,Delhi,Approved,0
285513.16,Vehicle,Apollo Hospital,0,1,Nashik,Approved,0
305715.86,Medical,Manipal Hospital,9,0,Chennai,Pending,0
153508.53,Medical,AIIMS,6,1,Chennai,Approved,0
52900.42,Accident,KEM Hospital,9,1,Nagpur,Approved,0
593080.14,Theft,Max Hospital,10,0,Bengaluru,Pending,1
356749.01,Accident,Apollo Hospital,8,1,Bengaluru,Approved,0
344609.66,Theft,Max Hospital,9,1,Hyderabad,Pending,1
212157.71,Theft,Ruby Hall Clinic,9,1,Raipur,Pending,0
400566.7,Accident,KEM Hospital,19,1,Chennai,Approved,0
598044.76,Theft,Manipal Hospital,1,1,Nashik,Rejected,0
100074.84,Accident,Fortis Hospital,20,1,Hyderabad,Pending,1
77167.42,Accident,Max Hospital,17,1,Pune,Pending,1
546751.33,Vehicle,Ruby Hall Clinic,12,1,Hyderabad,Approved,1
234766.8,Accident,Apollo Hospital,13,1,Nashik,Approved,0
237015.43,Theft,Apollo Hospital,10,1,Hyderabad,Approved,0
139573.39,Fire,AIIMS,2,1,Chennai,Pending,0
217227.38,Vehicle,KEM Hospital,2,1,Nashik,Approved,0
464512.1,Fire,Apollo Hospital,6,0,Delhi,Approved,0
469379.16,Fire,Max Hospital,8,0,Delhi,Approved,0
527823.98,Accident,Fortis Hospital,5,1,Pune,Rejected,0
226160.95,Accident,Apollo Hospital,2,1,Chennai,Pending,0
203497.13,Medical,Ruby Hall Clinic,8,1,Bengaluru,Pending,0
560442.5,Vehicle,Apollo Hospital,8,1,Nashik,Approved,0
334939.48,Vehicle,Ruby Hall Clinic,15,1,Raipur,Pending,1
133367.89,Fire,Fortis Hospital,11,1,Bengaluru,Approved,0
554144.62,Accident,KEM Hospital,1,1,Bengaluru,Approved,0
419642.61,Fire,AIIMS,6,0,Delhi,Approved,0
320497.85,Medical,Ruby Hall Clinic,5,0,Nagpur,Approved,0
544836.95,Vehicle,Max Hospital,8,1,Nashik,Approved,0
529493.31,Fire,KEM Hospital,16,1,Bengaluru,Approved,1
16219.6,Theft,Manipal Hospital,9,1,Raipur,Pending,0
192747.9,Accident,KEM Hospital,8,1,Hyderabad,Approved,0
598483.94,Theft,KEM Hospital,8,1,Pune,Approved,0
143135.1,Medical,KEM Hospital,17,0,Delhi,Approved,0
45216.67,Vehicle,AIIMS,2,1,Nashik,Approved,0
561899.67,Theft,KEM Hospital,18,0,Delhi,Approved,1
241548.79,Theft,Fortis Hospital,15,1,Hyderabad,Approved,0
273575.76,Fire,Manipal Hospital,6,0,Nagpur,Pending,0
234461.25,Fire,Ruby Hall Clinic,3,0,Pune,Pending,0
136229.71,Theft,Max Hospital,17,1,Chennai,Approved,0
218774.08,Medical,Fortis Hospital,12,1,Nagpur,Pending,1
587586.71,Fire,Ruby Hall Clinic,7,0,Pune,Approved,0
424978.87,Vehicle,KEM Hospital,6,1,Hyderabad,Pending,1
507870.08,Vehicle,AIIMS,1,1,Pune,Approved,0
487486.31,Accident,Fortis Hospital,4,1,Nashik,Approved,0
393765.02,Fire,KEM Hospital,8,0,Pune,Rejected,0
168253.15,Fire,Max Hospital,6,1,Nashik,Approved,0
592918.56,Theft,AIIMS,6,0,Nagpur,Pending,1
11327.51,Fire,KEM Hospital,5,1,Bengaluru,Rejected,0
197527.66,Vehicle,Apollo Hospital,3,1,Mumbai,Approved,0
232503.91,Accident,Manipal Hospital,1,1,Pune,Pending,0
513534.62,Fire,Fortis Hospital,10,0,Raipur,Approved,0
466684.3,Vehicle,Ruby Hall Clinic,15,0,Delhi,Approved,1
584970.41,Theft,Apollo Hospital,7,1,Hyderabad,Rejected,0
494384.83,Fire,Fortis Hospital,9,0,Delhi,Approved,0
596691.33,Vehicle,Max Hospital,0,0,Chennai,Approved,0
558280.8,Accident,Max Hospital,17,1,Delhi,Approved,0
149561.4,Theft,Ruby Hall Clinic,6,1,Chennai,Approved,0
520275.45,Theft,Apollo Hospital,20,1,Nashik,Rejected,0
516451.47,Theft,KEM Hospital,7,1,Hyderabad,Approved,0
541231.78,Theft,Ruby Hall Clinic,1,1,Bengaluru,Approved,0
73032.28,Vehicle,KEM Hospital,13,1,Nashik,Approved,0
465567.37,Theft,KEM Hospital,20,1,Pune,Pending,1
106053.0,Vehicle,Max Hospital,14,1,Raipur,Approved,0
299092.88,Medical,KEM Hospital,10,0,Chennai,Rejected,0
203576.89,Vehicle,Max Hospital,16,1,Mumbai,Pending,1
355200.62,Theft,Manipal Hospital,18,1,Chennai,Approved,0
547833.37,Fire,Manipal Hospital,20,1,Pune,Approved,1
539407.28,Accident,Ruby Hall Clinic,15,1,Raipur,Pending,1
525814.15,Vehicle,Max Hospital,0,1,Pune,Approved,0
84971.61,Theft,Ruby Hall Clinic,8,1,Chennai,Approved,0
305304.74,Vehicle,Fortis Hospital,3,1,Mumbai,Approved,0
252970.74,Accident,Max Hospital,14,1,Bengaluru,Approved,0
173691.93,Fire,KEM Hospital,10,1,Mumbai,Rejected,0
229258.24,Theft,Manipal Hospital,10,1,Pune,Pending,0
95885.72,Medical,KEM Hospital,8,0,Bengaluru,Pending,0
484683.03,Accident,Max Hospital,11,1,Hyderabad,Approved,0
251191.34,Medical,KEM Hospital,12,0,Bengaluru,Rejected,0
481140.17,Theft,AIIMS,18,1,Raipur,Approved,0
79135.39,Theft,Max Hospital,17,1,Hyderabad,Approved,0
443400.44,Theft,KEM Hospital,4,1,Nashik,Pending,0
345470.08,Medical,KEM Hospital,6,1,Pune,Pending,0
599748.38,Theft,AIIMS,1,1,Pune,Approved,0
560365.52,Fire,Max Hospital,12,1,Nagpur,Approved,1
408778.04,Theft,Max Hospital,16,1,Nagpur,Approved,1
55922.42,Vehicle,Manipal Hospital,15,1,Mumbai,Approved,0
529119.6,Accident,Apollo Hospital,2,1,Raipur,Approved,0
554618.46,Vehicle,Fortis Hospital,15,1,Hyderabad,Approved,0
210813.51,Theft,Apollo Hospital,11,1,Chennai,Approved,0
219703.13,Fire,KEM Hospital,7,1,Chennai,Pending,0
460368.42,Accident,Manipal Hospital,20,1,Hyderabad,Rejected,1
258559.4,Vehicle,Max Hospital,11,1,Chennai,Pending,1
182130.29,Theft,Max Hospital,13,1,Bengaluru,Approved,0
97257.42,Accident,Apollo Hospital,17,1,Mumbai,Approved,0
76083.85,Medical,Manipal Hospital,5,0,Hyderabad,Pending,0
307032.2,Medical,Fortis Hospital,13,0,Raipur,Pending,1
395109.14,Medical,Fortis Hospital,19,1,Raipur,Approved,0
356536.37,Medical,Fortis Hospital,3,1,Nashik,Approved,0
351067.15,Fire,Max Hospital,4,0,Mumbai,Pending,1
283880.61,Medical,Max Hospital,9,1,Bengaluru,Rejected,0
403310.6,Vehicle,Manipal Hospital,15,1,Mumbai,Approved,0
436369.42,Accident,AIIMS,0,1,Nagpur,Approved,0
274204.43,Fire,Max Hospital,1,0,Mumbai,Approved,0
294460.76,Vehicle,Ruby Hall Clinic,1,1,Mumbai,Approved,0
124498.73,Fire,AIIMS,1,1,Hyderabad,Approved,0
78799.77,Medical,AIIMS,1,1,Pune,Rejected,0
383092.37,Accident,Max Hospital,13,1,Nagpur,Approved,1
518970.63,Theft,Max Hospital,14,0,Hyderabad,Approved,1
136478.29,Theft,AIIMS,6,1,Nashik,Pending,0
316367.79,Vehicle,Apollo Hospital,0,1,Mumbai,Pending,1
135374.5,Theft,Max Hospital,18,1,Mumbai,Pending,1
293976.74,Accident,Ruby Hall Clinic,9,1,Raipur,Approved,0
32680.76,Theft,Manipal Hospital,6,1,Pune,Pending,0
473762.48,Theft,KEM Hospital,8,1,Nagpur,Approved,0
153797.24,Vehicle,KEM Hospital,19,1,Delhi,Approved,0
206050.0,Fire,KEM Hospital,7,1,Delhi,Pending,0
335132.63,Fire,Max Hospital,2,1,Nashik,Approved,0
468143.83,Medical,Manipal Hospital,18,0,Raipur,Approved,1
389463.7,Accident,KEM Hospital,14,1,Nashik,Approved,0
159446.8,Fire,Fortis Hospital,16,1,Mumbai,Approved,0
82402.5,Vehicle,Fortis Hospital,0,1,Mumbai,Rejected,0
578627.53,Theft,Fortis Hospital,3,1,Nagpur,Pending,1
210351.92,Vehicle,Apollo Hospital,8,1,Chennai,Approved,0
24145.79,Theft,KEM Hospital,4,1,Raipur,Approved,0
530352.91,Fire,KEM Hospital,0,0,Nashik,Approved,0
591317.35,Theft,Fortis Hospital,11,1,Nagpur,Approved,0
149706.9,Theft,AIIMS,20,1,Nashik,Approved,0
228377.75,Medical,AIIMS,20,0,Nagpur,Pending,1
299521.71,Fire,KEM Hospital,0,1,Nagpur,Rejected,0
62377.19,Fire,Manipal Hospital,18,1,Nashik,Rejected,0
322244.89,Medical,Fortis Hospital,15,1,Nashik,Approved,1
43937.92,Medical,Fortis Hospital,4,0,Nashik,Rejected,0
66870.14,Medical,Ruby Hall Clinic,5,0,Pune,Approved,0
464634.27,Theft,Fortis Hospital,15,1,Pune,Rejected,0
528788.85,Fire,KEM Hospital,0,1,Hyderabad,Pending,1
310380.45,Theft,Ruby Hall Clinic,19,1,Pune,Approved,1
149513.22,Fire,Apollo Hospital,12,0,Mumbai,Approved,0
222205.63,Medical,Fortis Hospital,3,1,Nashik,Pending,0
384989.43,Theft,Apollo Hospital,8,1,Hyderabad,Rejected,0
400121.17,Accident,Manipal Hospital,10,1,Raipur,Approved,0
13365.05,Vehicle,Max Hospital,8,1,Raipur,Rejected,0
390668.51,Fire,AIIMS,10,0,Nagpur,Approved,0
205472.07,Accident,KEM Hospital,12,1,Raipur,Approved,0
541013.72,Vehicle,Apollo Hospital,2,1,Raipur,Approved,0
14922.91,Medical,AIIMS,15,0,Pune,Pending,0
412753.45,Vehicle,Manipal Hospital,13,1,Nagpur,Approved,0
546027.95,Fire,KEM Hospital,12,1,Nashik,Approved,1
231215.14,Medical,Max Hospital,17,0,Pune,Approved,0
138866.78,Fire,KEM Hospital,1,1,Raipur,Approved,0
394106.64,Fire,Apollo Hospital,8,1,Pune,Pending,1
60331.88,Accident,Apollo Hospital,17,1,Mumbai,Rejected,0
367870.87,Fire,Max Hospital,8,0,Delhi,Pending,0
482082.54,Vehicle,KEM Hospital,8,1,Mumbai,Pending,0
559555.71,Vehicle,Apollo Hospital,18,1,Delhi,Approved,0
139891.97,Theft,Fortis Hospital,14,1,Chennai,Approved,0
254709.42,Medical,Ruby Hall Clinic,2,1,Nagpur,Pending,0
39426.72,Medical,Apollo Hospital,4,0,Hyderabad,Rejected,0
257886.24,Fire,Fortis Hospital,16,1,Mumbai,Pending,0
167693.66,Fire,Manipal Hospital,18,0,Mumbai,Approved,0
66695.04,Medical,Manipal Hospital,7,1,Nashik,Approved,0
383153.86,Fire,KEM Hospital,2,1,Nagpur,Approved,0
524316.79,Theft,KEM Hospital,7,1,Raipur,Pending,1
363799.92,Theft,KEM Hospital,15,1,Chennai,Approved,1
278613.81,Medical,Apollo Hospital,13,0,Chennai,Approved,0
425758.18,Fire,Apollo Hospital,20,1,Bengaluru,Approved,0
319226.91,Theft,Ruby Hall Clinic,4,1,Mumbai,Pending,1
473218.11,Medical,KEM Hospital,0,1,Bengaluru,Approved,0
457395.68,Vehicle,KEM Hospital,5,1,Delhi,Approved,0
356629.93,Fire,Max Hospital,1,1,Nashik,Pending,0
567970.77,Fire,Manipal Hospital,12,1,Hyderabad,Approved,1
196228.92,Accident,KEM Hospital,2,0,Nashik,Approved,1
194197.38,Theft,Ruby Hall Clinic,5,0,Hyderabad,Approved,0
42790.63,Vehicle,KEM Hospital,3,1,Mumbai,Approved,0
108455.57,Medical,AIIMS,3,0,Chennai,Approved,0
467323.13,Medical,Manipal Hospital,10,1,Chennai,Approved,0
16905.42,Medical,KEM Hospital,12,1,Nagpur,Pending,0
422980.82,Accident,Max Hospital,14,1,Nagpur,Rejected,1
32727.53,Accident,Manipal Hospital,18,1,Chennai,Rejected,0
423461.91,Medical,KEM Hospital,8,1,Delhi,Pending,0
132612.0,Fire,Manipal Hospital,1,0,Bengaluru,Approved,0
587593.75,Medical,Fortis Hospital,18,0,Pune,Approved,0
127758.69,Fire,KEM Hospital,1,0,Pune,Pending,0
276544.48,Theft,Ruby Hall Clinic,20,1,Nagpur,Approved,0
450850.17,Fire,Fortis Hospital,4,0,Mumbai,Approved,0
448876.98,Medical,Ruby Hall Clinic,18,1,Hyderabad,Pending,1
442018.27,Fire,Fortis Hospital,12,0,Raipur,Approved,1
498045.93,Fire,Max Hospital,12,0,Raipur,Approved,1
546710.26,Vehicle,KEM Hospital,1,1,Bengaluru,Pending,1
430043.89,Accident,Fortis Hospital,13,1,Nagpur,Approved,1
451673.96,Medical,KEM Hospital,15,0,Pune,Pending,1
262126.24,Fire,Max Hospital,18,0,Nagpur,Approved,0
28652.83,Vehicle,KEM Hospital,6,1,Mumbai,Approved,0
359495.0,Fire,Max Hospital,6,1,Pune,Approved,0
387256.66,Theft,AIIMS,3,1,Hyderabad,Approved,0
114451.61,Vehicle,Ruby Hall Clinic,1,0,Nashik,Approved,0
539767.16,Theft,Manipal Hospital,9,1,Bengaluru,Approved,0
513735.41,Medical,Max Hospital,3,1,Chennai,Approved,0
520261.35,Medical,KEM Hospital,2,0,Bengaluru,Approved,0
142609.07,Theft,Max Hospital,1,1,Hyderabad,Pending,0
227659.91,Medical,Max Hospital,5,1,Hyderabad,Approved,0
374477.5,Fire,Max Hospital,16,1,Mumbai,Approved,0
436491.71,Vehicle,AIIMS,12,1,Delhi,Approved,1
435546.87,Accident,Ruby Hall Clinic,0,1,Hyderabad,Approved,0
541432.48,Accident,Max Hospital,16,1,Nashik,Approved,0
316430.58,Vehicle,AIIMS,19,1,Raipur,Approved,0
511594.83,Accident,AIIMS,3,1,Nagpur,Pending,0
72961.16,Theft,KEM Hospital,12,1,Mumbai,Rejected,0
109966.8,Medical,Max Hospital,11,0,Delhi,Approved,0
133144.4,Vehicle,Fortis Hospital,12,1,Nashik,Approved,0
588605.88,Vehicle,KEM Hospital,15,1,Pune,Approved,1
475149.74,Theft,Fortis Hospital,2,1,Nagpur,Approved,0
281630.87,Accident,Ruby Hall Clinic,2,1,Hyderabad,Approved,0
369930.85,Fire,Ruby Hall Clinic,19,1,Nashik,Rejected,1
38447.39,Accident,Apollo Hospital,14,1,Pune,Approved,0
408674.34,Accident,Ruby Hall Clinic,14,1,Nagpur,Pending,1
551462.1,Fire,AIIMS,16,1,Delhi,Pending,1
349733.63,Medical,Fortis Hospital,3,0,Delhi,Rejected,0
164855.31,Fire,Apollo Hospital,10,1,Raipur,Approved,0
182677.41,Vehicle,Fortis Hospital,5,1,Pune,Approved,0
43288.7,Fire,Manipal Hospital,12,0,Raipur,Approved,0
50325.26,Accident,Max Hospital,3,1,Chennai,Approved,0
420930.58,Vehicle,KEM Hospital,8,1,Pune,Pending,0
332162.52,Accident,Apollo Hospital,4,1,Raipur,Approved,0
221114.01,Vehicle,Fortis Hospital,2,1,Delhi,Rejected,0
333034.35,Vehicle,AIIMS,12,1,Nashik,Approved,0
482823.36,Fire,KEM Hospital,14,1,Delhi,Approved,0
169611.39,Vehicle,KEM Hospital,19,1,Bengaluru,Approved,0
455244.36,Vehicle,Apollo Hospital,18,1,Bengaluru,Approved,0
558746.03,Accident,Manipal Hospital,6,1,Mumbai,Approved,0
88447.96,Accident,Fortis Hospital,9,0,Chennai,Pending,1
260765.02,Medical,Max Hospital,1,0,Nashik,Pending,0
429926.73,Theft,AIIMS,1,1,Nagpur,Rejected,0
423260.56,Vehicle,Max Hospital,2,1,Delhi,Approved,0
500348.13,Medical,AIIMS,2,1,Mumbai,Approved,0
295757.78,Theft,Max Hospital,1,1,Nashik,Pending,0
451840.12,Accident,Fortis Hospital,14,1,Delhi,Rejected,1
591457.65,Fire,Max Hospital,12,0,Mumbai,Pending,1
295709.58,Fire,AIIMS,8,1,Mumbai,Approved,0
29139.99,Medical,KEM Hospital,15,0,Delhi,Pending,1
270422.76,Vehicle,KEM Hospital,4,1,Mumbai,Pending,0
45993.08,Fire,Ruby Hall Clinic,9,1,Mumbai,Approved,0
419741.53,Fire,Max Hospital,7,1,Delhi,Rejected,0
186669.32,Vehicle,Apollo Hospital,6,1,Chennai,Approved,0
518845.76,Vehicle,KEM Hospital,10,1,Chennai,Rejected,0
396699.23,Theft,Max Hospital,6,1,Delhi,Approved,0
45890.35,Theft,Fortis Hospital,10,0,Mumbai,Approved,0
47918.54,Medical,KEM Hospital,8,0,Mumbai,Rejected,0
125367.69,Fire,Fortis Hospital,18,1,Nashik,Approved,0
558426.85,Vehicle,KEM Hospital,7,1,Nashik,Pending,0
287526.42,Fire,Manipal Hospital,20,1,Raipur,Rejected,0
458456.78,Theft,AIIMS,6,0,Nashik,Approved,1
81604.52,Theft,Ruby Hall Clinic,0,1,Raipur,Approved,0
406608.87,Theft,Manipal Hospital,16,1,Pune,Approved,1
151229.71,Accident,Fortis Hospital,16,1,Delhi,Approved,0
342961.96,Fire,Apollo Hospital,16,1,Hyderabad,Approved,0
377075.75,Fire,AIIMS,16,1,Delhi,Approved,0
295631.65,Vehicle,Fortis Hospital,0,1,Hyderabad,Pending,0
186104.14,Theft,Apollo Hospital,4,1,Chennai,Approved,0
518599.71,Accident,Max Hospital,8,1,Nagpur,Approved,0
417701.79,Medical,Manipal Hospital,16,0,Chennai,Pending,1
581987.39,Medical,Manipal Hospital,17,1,Raipur,Pending,1
506588.23,Accident,KEM Hospital,6,1,Nashik,Approved,0
113035.16,Vehicle,Fortis Hospital,19,1,Chennai,Approved,0
457004.5,Vehicle,Max Hospital,6,1,Hyderabad,Pending,1
593894.04,Vehicle,KEM Hospital,7,1,Pune,Approved,0
7188.62,Medical,Ruby Hall Clinic,5,0,Chennai,Pending,0
57523.88,Medical,Apollo Hospital,5,1,Pune,Pending,0
238200.01,Medical,Ruby Hall Clinic,11,1,Nagpur,Approved,0
555128.06,Accident,KEM Hospital,7,1,Mumbai,Approved,0
280885.61,Accident,Max Hospital,8,1,Delhi,Pending,0
343105.24,Vehicle,KEM Hospital,16,1,Nagpur,Approved,1
315745.53,Theft,Fortis Hospital,3,1,Delhi,Approved,0
386600.03,Vehicle,Ruby Hall Clinic,2,1,Delhi,Approved,0
158457.19,Theft,Apollo Hospital,16,1,Bengaluru,Approved,0
538234.67,Fire,Apollo Hospital,1,1,Mumbai,Pending,1
238617.23,Vehicle,Fortis Hospital,11,1,Raipur,Approved,0
480926.22,Fire,Max Hospital,17,0,Bengaluru,Approved,0
523609.25,Medical,Max Hospital,20,0,Hyderabad,Approved,1
527937.53,Theft,AIIMS,10,1,Mumbai,Approved,0
151635.37,Theft,AIIMS,11,1,Chennai,Rejected,0
410536.67,Accident,Apollo Hospital,16,1,Mumbai,Approved,0
266423.47,Accident,Ruby Hall Clinic,9,0,Mumbai,Approved,0
195068.01,Theft,Fortis Hospital,8,1,Hyderabad,Pending,0
46735.62,Theft,Manipal Hospital,15,0,Chennai,Approved,1
60572.6,Medical,Apollo Hospital,12,0,Raipur,Approved,0
79283.92,Fire,AIIMS,1,0,Chennai,Approved,0
523826.91,Vehicle,AIIMS,12,0,Hyderabad,Pending,1
32354.25,Medical,Apollo Hospital,16,1,Nashik,Approved,0
226070.82,Accident,KEM Hospital,1,1,Mumbai,Approved,0
314889.28,Theft,Fortis Hospital,7,1,Delhi,Rejected,0
261149.53,Vehicle,Apollo Hospital,9,1,Bengaluru,Pending,0
286022.9,Medical,Ruby Hall Clinic,1,0,Chennai,Pending,0
44010.01,Fire,Apollo Hospital,1,1,Mumbai,Approved,0
272688.58,Vehicle,KEM Hospital,7,1,Nagpur,Approved,0
392158.98,Accident,Fortis Hospital,14,1,Nashik,Pending,1
520486.81,Theft,Max Hospital,3,1,Bengaluru,Approved,0
296601.63,Vehicle,Manipal Hospital,20,1,Pune,Approved,0
235975.44,Theft,Ruby Hall Clinic,2,1,Pune,Approved,0
402283.14,Theft,Apollo Hospital,1,1,Mumbai,Rejected,0
507621.56,Fire,Max Hospital,17,1,Nashik,Pending,1
43970.19,Accident,Max Hospital,20,1,Delhi,Approved,0
330578.37,Accident,KEM Hospital,3,1,Mumbai,Pending,1
6600.59,Vehicle,Max Hospital,13,1,Nashik,Approved,0
496577.21,Vehicle,AIIMS,10,1,Mumbai,Pending,0
30729.4,Vehicle,KEM Hospital,11,1,Raipur,Rejected,0
559956.02,Accident,Max Hospital,13,1,Nashik,Approved,1
352775.36,Theft,Manipal Hospital,15,1,Bengaluru,Approved,1
303422.0,Fire,Max Hospital,20,0,Chennai,Approved,1
77425.85,Accident,Max Hospital,6,1,Raipur,Approved,0
7037.41,Theft,Ruby Hall Clinic,20,1,Mumbai,Rejected,0
247330.67,Vehicle,Fortis Hospital,14,0,Bengaluru,Approved,0
236074.44,Accident,Fortis Hospital,4,1,Delhi,Pending,0
398344.38,Vehicle,Fortis Hospital,5,1,Pune,Approved,0
47321.03,Vehicle,Manipal Hospital,16,1,Pune,Rejected,0
201948.23,Medical,KEM Hospital,0,0,Nagpur,Pending,0
101316.66,Fire,Ruby Hall Clinic,8,1,Pune,Approved,0
576827.69,Accident,Apollo Hospital,13,1,Delhi,Pending,1
593823.7,Accident,Manipal Hospital,14,1,Nashik,Approved,0
229462.05,Theft,KEM Hospital,17,1,Chennai,Approved,0
313321.59,Accident,Max Hospital,8,1,Bengaluru,Approved,0
12297.18,Accident,Apollo Hospital,12,1,Hyderabad,Pending,0
534725.43,Vehicle,AIIMS,14,1,Delhi,Pending,1
357140.04,Theft,KEM Hospital,1,1,Pune,Pending,1
490950.68,Theft,KEM Hospital,17,1,Nagpur,Approved,1
204230.87,Vehicle,Fortis Hospital,14,1,Raipur,Approved,0
358601.39,Vehicle,Apollo Hospital,4,0,Hyderabad,Pending,1
85679.79,Accident,Max Hospital,9,0,Chennai,Pending,1
351847.51,Accident,KEM Hospital,12,1,Hyderabad,Pending,1
329059.96,Medical,Max Hospital,14,1,Raipur,Approved,1
251682.41,Accident,Apollo Hospital,19,1,Pune,Pending,1
241627.67,Theft,Manipal Hospital,2,1,Mumbai,Approved,0
237627.86,Fire,Manipal Hospital,13,0,Nashik,Rejected,0
155924.33,Medical,AIIMS,16,1,Chennai,Approved,0
468649.31,Accident,Max Hospital,1,1,Nashik,Rejected,0
78298.45,Fire,KEM Hospital,7,0,Nagpur,Pending,0
569376.33,Medical,Fortis Hospital,11,1,Raipur,Approved,1
163716.83,Fire,Max Hospital,16,0,Raipur,Pending,0
590809.39,Medical,Apollo Hospital,14,1,Bengaluru,Pending,1
143100.11,Vehicle,KEM Hospital,2,0,Pune,Rejected,0
336878.21,Theft,KEM Hospital,5,1,Nashik,Pending,0
299459.13,Accident,KEM Hospital,9,1,Hyderabad,Pending,0
554626.13,Theft,Max Hospital,17,1,Bengaluru,Pending,1
172786.14,Vehicle,Manipal Hospital,12,0,Pune,Approved,0
58952.82,Accident,AIIMS,15,1,Nashik,Rejected,0
349443.41,Vehicle,Manipal Hospital,11,1,Nashik,Rejected,1
553288.5,Medical,AIIMS,9,1,Pune,Pending,0
75288.26,Medical,Ruby Hall Clinic,1,1,Raipur,Approved,0
302618.11,Vehicle,AIIMS,9,1,Raipur,Approved,0
451933.34,Medical,AIIMS,0,0,Nagpur,Pending,1
410114.56,Theft,Apollo Hospital,18,1,Delhi,Approved,0
473831.78,Accident,Ruby Hall Clinic,10,1,Mumbai,Pending,1
176475.29,Fire,Manipal Hospital,8,0,Chennai,Approved,0
562015.83,Vehicle,Manipal Hospital,16,1,Pune,Approved,1
41765.0,Fire,Manipal Hospital,5,0,Hyderabad,Rejected,0
176075.35,Vehicle,Max Hospital,6,1,Bengaluru,Pending,0
143212.88,Fire,Apollo Hospital,20,1,Nashik,Approved,0
357451.8,Vehicle,Max Hospital,1,1,Hyderabad,Approved,0
417534.1,Vehicle,Ruby Hall Clinic,17,1,Hyderabad,Approved,0
43711.84,Accident,AIIMS,12,1,Hyderabad,Rejected,0
170375.44,Fire,Ruby Hall Clinic,13,1,Mumbai,Approved,0
549070.83,Theft,AIIMS,4,0,Nashik,Pending,1
163359.69,Vehicle,Manipal Hospital,20,0,Pune,Approved,0
474653.99,Vehicle,KEM Hospital,8,1,Delhi,Pending,0
149188.54,Theft,Apollo Hospital,4,1,Pune,Approved,0
408532.33,Fire,Apollo Hospital,10,1,Raipur,Approved,0
456032.56,Accident,AIIMS,12,0,Raipur,Approved,1
281290.94,Fire,Max Hospital,9,0,Delhi,Rejected,0
440036.35,Fire,Manipal Hospital,19,1,Raipur,Rejected,0
410570.18,Fire,Max Hospital,13,1,Nagpur,Approved,1
495995.91,Theft,Apollo Hospital,7,0,Chennai,Rejected,1
76539.02,Medical,KEM Hospital,17,0,Delhi,Approved,0
416822.52,Accident,Manipal Hospital,16,1,Nashik,Approved,0
372924.5,Fire,Manipal Hospital,7,1,Bengaluru,Approved,0
28395.45,Accident,Max Hospital,13,1,Nashik,Approved,0
384217.0,Accident,AIIMS,4,0,Bengaluru,Approved,1
593265.92,Medical,AIIMS,14,0,Bengaluru,Rejected,0
572943.68,Vehicle,Manipal Hospital,5,1,Mumbai,Approved,0
87296.45,Theft,Fortis Hospital,18,1,Chennai,Pending,1
572866.83,Medical,AIIMS,2,1,Raipur,Approved,0
556450.74,Theft,KEM Hospital,0,1,Hyderabad,Pending,1
519273.87,Fire,Apollo Hospital,19,1,Nagpur,Approved,0
171257.83,Vehicle,Manipal Hospital,10,1,Mumbai,Pending,0
596131.65,Medical,Ruby Hall Clinic,1,1,Bengaluru,Pending,0
267731.47,Fire,Fortis Hospital,18,0,Pune,Approved,0
172666.5,Fire,Ruby Hall Clinic,17,1,Raipur,Approved,0
561484.64,Fire,Apollo Hospital,16,1,Nagpur,Approved,0
325235.23,Accident,Apollo Hospital,17,1,Nagpur,Rejected,0
531515.79,Theft,Max Hospital,0,1,Pune,Pending,1
198618.11,Fire,Max Hospital,12,1,Mumbai,Approved,0
212403.24,Theft,Fortis Hospital,19,1,Hyderabad,Approved,0
406731.71,Medical,Manipal Hospital,18,0,Raipur,Rejected,0
285840.26,Accident,Fortis Hospital,11,0,Nagpur,Approved,1
552190.49,Fire,AIIMS,3,1,Mumbai,Approved,0
155911.06,Fire,AIIMS,10,0,Nashik,Approved,0
27915.56,Vehicle,AIIMS,5,1,Nashik,Pending,0
336922.85,Fire,Manipal Hospital,7,1,Hyderabad,Approved,0
280729.32,Theft,KEM Hospital,20,1,Chennai,Approved,0
231045.35,Accident,KEM Hospital,17,1,Pune,Rejected,0
14300.23,Fire,Apollo Hospital,5,1,Pune,Approved,0
409560.09,Theft,Manipal Hospital,12,1,Mumbai,Approved,0
225266.74,Fire,Max Hospital,18,1,Raipur,Approved,0
215674.51,Fire,Ruby Hall Clinic,16,0,Nashik,Approved,0
588708.52,Theft,Manipal Hospital,11,1,Delhi,Approved,0
121651.62,Fire,Manipal Hospital,20,0,Nashik,Pending,1
157963.77,Medical,Max Hospital,1,0,Hyderabad,Rejected,0
206505.29,Theft,Manipal Hospital,17,1,Hyderabad,Pending,1
557281.84,Medical,Apollo Hospital,13,0,Bengaluru,Approved,1
442475.42,Theft,Manipal Hospital,16,1,Pune,Approved,1
579520.43,Accident,Max Hospital,16,1,Mumbai,Rejected,0
509376.46,Vehicle,Apollo Hospital,13,1,Mumbai,Pending,1
31152.52,Fire,Fortis Hospital,2,1,Mumbai,Approved,0
461293.26,Medical,Fortis Hospital,1,1,Raipur,Approved,0
330016.98,Medical,Apollo Hospital,20,1,Nashik,Pending,1
597934.09,Vehicle,Manipal Hospital,18,1,Pune,Rejected,0
159086.31,Vehicle,Max Hospital,6,0,Chennai,Approved,0
125226.43,Theft,Manipal Hospital,20,1,Nagpur,Approved,0
11015.16,Theft,Fortis Hospital,3,1,Hyderabad,Pending,0
269796.62,Medical,KEM Hospital,15,0,Bengaluru,Approved,0
537795.67,Medical,Fortis Hospital,8,1,Nashik,Rejected,0
531175.87,Vehicle,Fortis Hospital,16,1,Delhi,Pending,1
422695.77,Theft,AIIMS,0,1,Bengaluru,Rejected,0
128593.8,Vehicle,Max Hospital,6,1,Nashik,Pending,0
397439.78,Fire,KEM Hospital,6,1,Delhi,Approved,0
205345.03,Fire,Max Hospital,6,0,Delhi,Approved,0
323115.02,Accident,KEM Hospital,13,1,Delhi,Approved,0
551094.42,Vehicle,AIIMS,17,1,Bengaluru,Approved,1
370322.35,Vehicle,Ruby Hall Clinic,20,1,Pune,Approved,1
323832.9,Vehicle,AIIMS,0,1,Chennai,Pending,0
208698.24,Accident,Fortis Hospital,17,1,Mumbai,Rejected,0
368478.86,Accident,Ruby Hall Clinic,9,1,Raipur,Pending,0
197715.82,Accident,AIIMS,11,1,Nashik,Rejected,0
134312.33,Medical,KEM Hospital,14,0,Delhi,Rejected,0
281945.18,Theft,Apollo Hospital,15,0,Hyderabad,Pending,1
326792.92,Fire,Manipal Hospital,6,0,Nashik,Approved,0
256112.39,Vehicle,Ruby Hall Clinic,10,0,Nagpur,Approved,0
82051.5,Medical,Manipal Hospital,10,1,Pune,Approved,0
323592.41,Vehicle,KEM Hospital,0,1,Bengaluru,Pending,0
236493.18,Medical,Apollo Hospital,20,1,Hyderabad,Rejected,0
445802.47,Medical,KEM Hospital,15,0,Mumbai,Pending,1
202368.89,Fire,KEM Hospital,15,0,Pune,Pending,1
107901.1,Vehicle,Manipal Hospital,10,1,Nashik,Approved,0
489307.68,Vehicle,Max Hospital,14,1,Raipur,Approved,1
426875.88,Accident,Manipal Hospital,13,1,Nashik,Pending,1
593854.49,Fire,Fortis Hospital,12,0,Delhi,Approved,1
260213.6,Vehicle,Ruby Hall Clinic,20,1,Nagpur,Pending,1
437220.91,Accident,Ruby Hall Clinic,7,1,Delhi,Approved,0
538573.36,Vehicle,Ruby Hall Clinic,18,1,Mumbai,Approved,0
38497.82,Vehicle,Max Hospital,9,1,Nashik,Rejected,0
48855.5,Theft,Fortis Hospital,1,1,Raipur,Pending,0
422953.84,Accident,Manipal Hospital,2,1,Hyderabad,Approved,0
515531.99,Accident,KEM Hospital,2,1,Mumbai,Approved,0
191238.43,Accident,Manipal Hospital,15,1,Mumbai,Rejected,0
16291.21,Theft,Max Hospital,16,0,Pune,Pending,1
503062.65,Accident,Ruby Hall Clinic,0,0,Delhi,Pending,1
525522.4,Vehicle,Ruby Hall Clinic,15,0,Nashik,Approved,0
204139.25,Theft,KEM Hospital,8,0,Chennai,Approved,0
301444.86,Medical,Ruby Hall Clinic,10,1,Nagpur,Approved,0
102437.64,Accident,Max Hospital,14,1,Nashik,Approved,0
330398.56,Theft,Manipal Hospital,14,1,Pune,Pending,1
215225.07,Vehicle,Fortis Hospital,9,1,Delhi,Approved,0
252458.9,Theft,Ruby Hall Clinic,17,1,Pune,Approved,0
212728.6,Medical,Apollo Hospital,11,1,Raipur,Rejected,0
499609.79,Accident,Manipal Hospital,16,0,Bengaluru,Pending,1
507646.62,Theft,Manipal Hospital,9,1,Chennai,Approved,0
288205.69,Medical,Ruby Hall Clinic,14,0,Raipur,Approved,0
82615.32,Fire,Manipal Hospital,13,1,Nagpur,Approved,0
163524.82,Accident,Manipal Hospital,10,1,Chennai,Approved,0
467987.5,Medical,AIIMS,11,1,Raipur,Approved,1
90056.2,Theft,Max Hospital,9,1,Bengaluru,Pending,0
270050.13,Medical,Ruby Hall Clinic,18,1,Mumbai,Pending,1
45136.9,Accident,Manipal Hospital,2,1,Nashik,Approved,0
304587.6,Medical,Manipal Hospital,12,0,Raipur,Pending,1
415192.65,Vehicle,KEM Hospital,15,1,Pune,Approved,1
46085.15,Theft,KEM Hospital,6,1,Nagpur,Rejected,0
480723.51,Vehicle,Max Hospital,16,1,Hyderabad,Rejected,1
253811.7,Theft,Fortis Hospital,11,1,Pune,Rejected,0
201350.08,Fire,Max Hospital,2,0,Mumbai,Approved,0
163122.0,Medical,Max Hospital,6,0,Hyderabad,Pending,0
344118.85,Theft,Max Hospital,6,1,Nashik,Pending,0
538934.24,Accident,Ruby Hall Clinic,14,1,Raipur,Approved,0
168984.17,Accident,Fortis Hospital,7,1,Raipur,Approved,0
156414.63,Vehicle,Manipal Hospital,8,1,Pune,Pending,0
29915.61,Fire,Max Hospital,9,0,Raipur,Approved,0
530537.08,Accident,AIIMS,4,1,Hyderabad,Approved,0
586129.7,Vehicle,KEM Hospital,16,1,Raipur,Approved,0
366199.61,Vehicle,AIIMS,5,1,Pune,Approved,0
174775.66,Vehicle,Manipal Hospital,15,1,Hyderabad,Pending,1
50762.04,Accident,Ruby Hall Clinic,4,1,Delhi,Pending,0
383313.91,Accident,Apollo Hospital,11,1,Nashik,Approved,0
150760.06,Medical,Ruby Hall Clinic,20,0,Nashik,Rejected,0
234232.66,Fire,Ruby Hall Clinic,7,0,Bengaluru,Approved,0
383355.27,Accident,AIIMS,11,1,Delhi,Rejected,1
181802.6,Vehicle,Apollo Hospital,16,1,Nashik,Approved,0
533115.23,Fire,Max Hospital,7,0,Nagpur,Pending,0
134378.39,Medical,Manipal Hospital,14,1,Bengaluru,Approved,0
373797.85,Theft,Fortis Hospital,14,0,Mumbai,Approved,1
162630.09,Vehicle,Ruby Hall Clinic,0,1,Nagpur,Pending,0
372969.32,Theft,Ruby Hall Clinic,0,1,Nashik,Rejected,0
530173.37,Theft,Max Hospital,14,0,Hyderabad,Approved,1
93307.78,Vehicle,KEM Hospital,2,1,Delhi,Pending,0
96821.73,Medical,KEM Hospital,20,1,Chennai,Pending,1
384408.87,Accident,Apollo Hospital,4,1,Hyderabad,Pending,1
293579.73,Accident,Apollo Hospital,2,1,Bengaluru,Approved,0
464149.61,Vehicle,KEM Hospital,10,1,Chennai,Pending,1
398955.07,Accident,Ruby Hall Clinic,16,0,Nashik,Approved,1
66051.69,Theft,Max Hospital,18,1,Bengaluru,Pending,1
92365.33,Fire,Max Hospital,14,0,Pune,Approved,0
579253.27,Theft,Ruby Hall Clinic,6,1,Pune,Approved,0
589401.11,Medical,Fortis Hospital,5,0,Hyderabad,Approved,0
82681.96,Vehicle,Fortis Hospital,8,1,Chennai,Approved,0
239621.55,Vehicle,Max Hospital,4,1,Nashik,Pending,0
296705.9,Accident,Manipal Hospital,3,1,Hyderabad,Rejected,0
121173.09,Medical,Fortis Hospital,8,1,Delhi,Rejected,0
182720.83,Fire,Ruby Hall Clinic,18,1,Pune,Approved,0
406138.3,Vehicle,KEM Hospital,10,1,Chennai,Approved,0
564997.76,Fire,KEM Hospital,3,1,Chennai,Approved,0
422417.45,Accident,Ruby Hall Clinic,19,1,Nagpur,Approved,1
120092.49,Medical,Manipal Hospital,3,1,Chennai,Approved,0
411514.57,Medical,KEM Hospital,11,0,Mumbai,Pending,1
32971.62,Medical,Apollo Hospital,18,0,Delhi,Approved,0
160380.35,Fire,Ruby Hall Clinic,0,0,Nagpur,Rejected,0
361370.12,Fire,KEM Hospital,18,1,Chennai,Rejected,1
165649.18,Fire,Ruby Hall Clinic,0,0,Delhi,Approved,0
238623.58,Vehicle,Fortis Hospital,12,0,Delhi,Pending,0
225119.36,Accident,KEM Hospital,11,1,Bengaluru,Rejected,0
59661.76,Fire,Fortis Hospital,20,0,Hyderabad,Rejected,0
543356.8,Medical,Ruby Hall Clinic,16,1,Bengaluru,Approved,1
393812.89,Vehicle,Max Hospital,0,1,Hyderabad,Approved,0
311403.27,Medical,Apollo Hospital,7,0,Delhi,Rejected,0
62222.01,Medical,Ruby Hall Clinic,0,0,Nagpur,Approved,0
440064.97,Theft,Ruby Hall Clinic,5,1,Pune,Approved,0
247221.88,Fire,Manipal Hospital,11,0,Chennai,Approved,0
180924.32,Vehicle,Fortis Hospital,5,1,Bengaluru,Approved,0
9880.22,Accident,KEM Hospital,7,1,Nashik,Approved,0
527397.78,Vehicle,Ruby Hall Clinic,5,1,Delhi,Pending,1
142310.23,Vehicle,Manipal Hospital,1,1,Hyderabad,Approved,0
389443.85,Medical,Manipal Hospital,1,0,Bengaluru,Rejected,0
153734.63,Theft,Fortis Hospital,13,1,Pune,Pending,1
85743.37,Medical,Apollo Hospital,8,0,Bengaluru,Approved,0
309400.74,Theft,Apollo Hospital,1,1,Mumbai,Approved,0
513407.34,Theft,Apollo Hospital,6,1,Raipur,Pending,0
138261.9,Theft,KEM Hospital,17,1,Mumbai,Approved,0
151945.73,Fire,AIIMS,8,0,Chennai,Pending,0
479295.09,Medical,Apollo Hospital,18,1,Nashik,Pending,1
285068.41,Vehicle,Manipal Hospital,2,1,Mumbai,Approved,0
163610.1,Theft,Apollo Hospital,17,1,Raipur,Pending,1
84802.28,Vehicle,KEM Hospital,13,1,Mumbai,Approved,0
471820.27,Theft,Max Hospital,9,1,Delhi,Pending,0
430343.95,Accident,Apollo Hospital,4,1,Raipur,Approved,0
573015.64,Fire,Fortis Hospital,13,1,Delhi,Approved,0
188861.06,Fire,Ruby Hall Clinic,3,0,Hyderabad,Approved,0
229576.72,Accident,AIIMS,6,1,Delhi,Pending,0
458115.06,Vehicle,Max Hospital,6,1,Bengaluru,Approved,0
371762.3,Theft,Manipal Hospital,6,1,Delhi,Approved,0
352639.03,Medical,Fortis Hospital,13,0,Mumbai,Approved,1
9437.7,Vehicle,Fortis Hospital,11,1,Mumbai,Approved,0
415537.3,Fire,Manipal Hospital,10,1,Mumbai,Approved,0
188553.16,Theft,Max Hospital,10,1,Delhi,Approved,0
339195.9,Accident,KEM Hospital,2,1,Hyderabad,Approved,0
14546.24,Fire,Fortis Hospital,0,1,Delhi,Approved,0
249319.39,Medical,Manipal Hospital,16,0,Delhi,Approved,0
405478.93,Accident,Ruby Hall Clinic,6,1,Mumbai,Approved,0
520358.98,Accident,KEM Hospital,2,1,Hyderabad,Approved,0
449138.4,Accident,Max Hospital,2,1,Pune,Approved,0
242647.63,Theft,Fortis Hospital,6,1,Chennai,Approved,0
547653.04,Accident,Max Hospital,12,1,Chennai,Approved,0
156146.93,Accident,KEM Hospital,12,0,Pune,Approved,1
384695.05,Accident,Apollo Hospital,6,1,Delhi,Pending,1
425352.76,Medical,Max Hospital,11,1,Bengaluru,Rejected,1
509460.1,Fire,Fortis Hospital,1,0,Nagpur,Pending,1
353719.87,Vehicle,Ruby Hall Clinic,15,1,Mumbai,Approved,0
123973.15,Vehicle,Fortis Hospital,5,1,Raipur,Approved,0
134661.36,Accident,Max Hospital,19,1,Delhi,Approved,0
114933.06,Vehicle,Ruby Hall Clinic,10,1,Nashik,Pending,0
303060.5,Medical,Apollo Hospital,8,1,Chennai,Rejected,0
479648.69,Fire,AIIMS,9,1,Mumbai,Rejected,0
580657.36,Vehicle,AIIMS,16,1,Nashik,Rejected,0
334158.88,Vehicle,AIIMS,20,1,Bengaluru,Rejected,1
363056.92,Vehicle,Apollo Hospital,5,1,Delhi,Rejected,0
288268.83,Fire,Ruby Hall Clinic,3,1,Nagpur,Pending,0
231075.72,Theft,Max Hospital,13,1,Mumbai,Approved,0
504187.54,Vehicle,Max Hospital,9,1,Chennai,Rejected,0
50463.99,Vehicle,Apollo Hospital,4,1,Mumbai,Pending,0
345313.46,Accident,Manipal Hospital,5,0,Raipur,Rejected,1
375052.71,Medical,Apollo Hospital,18,1,Raipur,Pending,1
346720.6,Vehicle,Max Hospital,0,1,Pune,Approved,0
305197.56,Vehicle,Fortis Hospital,5,1,Bengaluru,Rejected,0
116661.56,Fire,AIIMS,9,0,Raipur,Approved,0
462321.14,Vehicle,Ruby Hall Clinic,12,1,Pune,Approved,0
306140.6,Medical,Manipal Hospital,9,1,Mumbai,Approved,0
99171.25,Medical,Max Hospital,4,0,Pune,Approved,0
467678.41,Fire,Ruby Hall Clinic,2,0,Delhi,Approved,0
377413.22,Vehicle,Ruby Hall Clinic,6,1,Hyderabad,Pending,1
435964.83,Accident,Max Hospital,1,1,Pune,Approved,0
442784.83,Fire,Manipal Hospital,14,0,Chennai,Approved,1
317187.28,Theft,Max Hospital,6,1,Nashik,Pending,0
565529.21,Medical,Ruby Hall Clinic,0,0,Hyderabad,Pending,0
511074.25,Vehicle,KEM Hospital,18,1,Nashik,Pending,1
216817.39,Medical,Apollo Hospital,17,1,Pune,Approved,0
150906.35,Medical,Ruby Hall Clinic,15,1,Raipur,Rejected,0
358435.32,Medical,Apollo Hospital,4,1,Pune,Approved,0
21939.53,Vehicle,Manipal Hospital,4,1,Bengaluru,Approved,0
199398.9,Theft,Apollo Hospital,8,0,Bengaluru,Approved,0
229815.6,Theft,Max Hospital,13,1,Mumbai,Pending,0
152272.99,Fire,Fortis Hospital,6,1,Delhi,Pending,0
147844.59,Accident,Fortis Hospital,0,1,Pune,Approved,0
541772.34,Vehicle,AIIMS,8,1,Delhi,Pending,0
388411.9,Medical,Max Hospital,11,0,Bengaluru,Pending,1
417828.71,Fire,AIIMS,7,1,Pune,Approved,0
436980.62,Accident,AIIMS,16,1,Delhi,Approved,1
117081.53,Accident,Ruby Hall Clinic,6,1,Bengaluru,Rejected,0
233905.3,Medical,KEM Hospital,20,0,Mumbai,Approved,0
443399.84,Medical,AIIMS,14,1,Nagpur,Pending,1
432270.43,Theft,Fortis Hospital,5,1,Delhi,Approved,0
253861.16,Accident,Max Hospital,12,1,Nashik,Approved,0
140714.09,Medical,Manipal Hospital,5,0,Mumbai,Pending,0
340830.4,Medical,Manipal Hospital,9,1,Pune,Approved,0
132923.77,Fire,Fortis Hospital,15,0,Bengaluru,Rejected,0
565550.18,Theft,Ruby Hall Clinic,15,1,Mumbai,Approved,1
335635.54,Vehicle,KEM Hospital,17,1,Nagpur,Approved,0
136404.17,Fire,Ruby Hall Clinic,8,0,Mumbai,Approved,0
14083.78,Theft,Max Hospital,15,1,Mumbai,Pending,0
332936.41,Fire,Manipal Hospital,8,0,Nagpur,Rejected,0
594684.56,Fire,AIIMS,11,0,Nashik,Approved,0
520607.66,Accident,AIIMS,10,1,Nagpur,Approved,0
167894.96,Theft,Manipal Hospital,9,1,Mumbai,Approved,0
10022.51,Fire,Apollo Hospital,7,0,Pune,Approved,0
265278.85,Vehicle,Max Hospital,18,0,Bengaluru,Pending,1
519101.53,Theft,Ruby Hall Clinic,20,1,Raipur,Approved,0
212566.47,Accident,Ruby Hall Clinic,18,1,Nagpur,Approved,0
527526.1,Fire,Ruby Hall Clinic,17,0,Mumbai,Rejected,1
580106.48,Accident,Apollo Hospital,20,1,Raipur,Pending,1
356887.57,Vehicle,Fortis Hospital,8,0,Hyderabad,Approved,0
356391.06,Medical,Manipal Hospital,7,0,Chennai,Rejected,0
303396.75,Fire,AIIMS,11,1,Raipur,Approved,0
524696.21,Vehicle,Max Hospital,5,1,Delhi,Rejected,0
85368.39,Accident,Fortis Hospital,19,1,Delhi,Approved,0
48131.35,Medical,AIIMS,0,1,Bengaluru,Approved,0
173200.43,Accident,Max Hospital,15,1,Mumbai,Approved,0
420954.72,Vehicle,Apollo Hospital,18,1,Hyderabad,Rejected,1
151599.27,Fire,Manipal Hospital,19,1,Nagpur,Pending,1
570665.13,Accident,AIIMS,13,1,Delhi,Approved,1
70447.12,Accident,Max Hospital,4,1,Bengaluru,Approved,0
159454.2,Medical,Manipal Hospital,4,1,Hyderabad,Pending,0
274796.1,Medical,Apollo Hospital,9,1,Chennai,Approved,0
195673.85,Accident,AIIMS,12,1,Delhi,Approved,0
121108.82,Vehicle,Max Hospital,16,1,Delhi,Approved,0
272935.2,Fire,Manipal Hospital,14,0,Nashik,Approved,0
71669.65,Accident,AIIMS,3,1,Delhi,Pending,0
539671.14,Medical,Ruby Hall Clinic,8,0,Nagpur,Approved,0
537161.37,Vehicle,AIIMS,6,1,Mumbai,Pending,1
266327.79,Medical,AIIMS,1,0,Pune,Rejected,0
381902.23,Accident,KEM Hospital,10,1,Bengaluru,Rejected,0
369444.03,Medical,Manipal Hospital,18,0,Raipur,Approved,1
194634.73,Theft,AIIMS,18,0,Hyderabad,Pending,1
439784.2,Vehicle,AIIMS,6,1,Mumbai,Approved,0
165246.69,Theft,KEM Hospital,4,1,Delhi,Pending,0
215760.04,Medical,KEM Hospital,9,1,Hyderabad,Pending,0
29514.44,Vehicle,Max Hospital,17,1,Nagpur,Pending,1
63114.0,Vehicle,Fortis Hospital,12,1,Delhi,Pending,1
114808.62,Medical,Apollo Hospital,11,1,Pune,Approved,0
329430.96,Vehicle,Ruby Hall Clinic,17,1,Chennai,Approved,0
289818.4,Fire,KEM Hospital,12,1,Nagpur,Pending,0
77859.53,Theft,Apollo Hospital,4,1,Mumbai,Approved,0
100628.5,Medical,Manipal Hospital,12,1,Raipur,Approved,0
569566.75,Vehicle,Apollo Hospital,13,1,Chennai,Pending,1
573381.9,Accident,Manipal Hospital,1,1,Pune,Pending,1
575042.1,Medical,Ruby Hall Clinic,16,1,Delhi,Pending,1
488189.42,Fire,AIIMS,13,1,Nashik,Approved,0
422628.48,Vehicle,AIIMS,8,1,Pune,Approved,0
152094.89,Medical,KEM Hospital,16,1,Mumbai,Rejected,0
228293.54,Accident,AIIMS,12,1,Bengaluru,Approved,0
83335.46,Theft,Apollo Hospital,0,1,Delhi,Pending,0
456554.9,Vehicle,Ruby Hall Clinic,7,1,Nagpur,Pending,1
489185.31,Theft,Fortis Hospital,13,0,Nagpur,Pending,1
66741.15,Theft,AIIMS,19,1,Nagpur,Pending,0
155075.53,Accident,KEM Hospital,8,1,Nagpur,Approved,0
78719.34,Medical,Apollo Hospital,20,0,Mumbai,Approved,0
324341.7,Accident,Fortis Hospital,19,1,Chennai,Approved,0
556838.8,Medical,AIIMS,2,0,Pune,Rejected,0
200958.48,Vehicle,Ruby Hall Clinic,13,1,Bengaluru,Rejected,0
5737.3,Vehicle,KEM Hospital,2,1,Hyderabad,Pending,0
523898.32,Accident,KEM Hospital,2,1,Nashik,Pending,1
242566.62,Theft,Apollo Hospital,19,1,Mumbai,Approved,0
498702.2,Fire,Apollo Hospital,8,0,Delhi,Pending,1
249310.58,Accident,AIIMS,15,1,Pune,Rejected,0
273907.31,Accident,KEM Hospital,14,1,Pune,Pending,0
13117.69,Fire,Manipal Hospital,20,0,Mumbai,Pending,0
581732.92,Vehicle,Fortis Hospital,10,1,Hyderabad,Pending,0
560805.02,Medical,Ruby Hall Clinic,16,1,Pune,Rejected,1
138521.82,Fire,Ruby Hall Clinic,11,0,Delhi,Rejected,0
356716.23,Theft,AIIMS,7,1,Pune,Approved,0
144050.14,Vehicle,Apollo Hospital,17,1,Pune,Approved,0
79736.47,Medical,Max Hospital,0,1,Nashik,Pending,0
214230.17,Medical,Ruby Hall Clinic,16,1,Delhi,Pending,0
571852.18,Theft,Ruby Hall Clinic,0,1,Nagpur,Rejected,0
118034.44,Fire,Fortis Hospital,16,1,Hyderabad,Pending,1
189902.97,Fire,Ruby Hall Clinic,13,0,Delhi,Rejected,0
507964.87,Accident,Apollo Hospital,20,1,Nagpur,Rejected,1
262510.32,Theft,KEM Hospital,3,1,Pune,Approved,0
476664.23,Accident,AIIMS,17,1,Nashik,Rejected,1
224449.64,Medical,Max Hospital,4,1,Mumbai,Rejected,0
431064.17,Theft,Manipal Hospital,10,1,Chennai,Pending,1
248999.49,Theft,Fortis Hospital,12,1,Pune,Approved,0
185818.45,Fire,KEM Hospital,5,1,Hyderabad,Approved,0
314634.72,Vehicle,Fortis Hospital,13,0,Bengaluru,Approved,1
74521.78,Theft,Max Hospital,14,1,Raipur,Pending,0
52692.53,Vehicle,Manipal Hospital,18,1,Pune,Rejected,0
201042.16,Medical,Apollo Hospital,10,0,Nagpur,Rejected,0
449735.09,Vehicle,Ruby Hall Clinic,6,1,Pune,Approved,0
286159.07,Vehicle,Manipal Hospital,19,0,Pune,Approved,0
577733.61,Vehicle,Max Hospital,20,0,Raipur,Approved,1
459043.84,Vehicle,Max Hospital,17,0,Delhi,Pending,1
573977.69,Fire,Apollo Hospital,19,1,Raipur,Pending,1
541382.45,Fire,Apollo Hospital,7,0,Bengaluru,Pending,0
249290.71,Theft,Max Hospital,14,1,Pune,Approved,0
579088.15,Vehicle,Manipal Hospital,0,1,Nagpur,Approved,0
122764.63,Vehicle,Manipal Hospital,3,1,Raipur,Approved,0
358141.49,Vehicle,Ruby Hall Clinic,10,1,Nashik,Rejected,0
569365.64,Medical,Max Hospital,17,1,Hyderabad,Approved,1
66793.86,Accident,Manipal Hospital,13,1,Pune,Pending,1
95133.73,Fire,Fortis Hospital,14,0,Hyderabad,Approved,0
311832.08,Vehicle,Max Hospital,4,1,Pune,Approved,0
452333.96,Vehicle,KEM Hospital,16,1,Delhi,Pending,1
45640.08,Theft,Max Hospital,17,1,Nagpur,Approved,0
424332.95,Accident,Apollo Hospital,7,1,Bengaluru,Approved,0
45938.78,Theft,KEM Hospital,8,1,Chennai,Approved,0
137505.85,Accident,Apollo Hospital,18,1,Raipur,Pending,1
155624.86,Theft,KEM Hospital,8,1,Nashik,Approved,0
584441.49,Medical,Manipal Hospital,8,0,Raipur,Pending,1
435888.62,Accident,Fortis Hospital,12,1,Nashik,Approved,1
521527.35,Medical,Manipal Hospital,11,0,Nagpur,Approved,0
401713.18,Theft,Fortis Hospital,19,1,Nagpur,Rejected,1
554916.17,Medical,Ruby Hall Clinic,17,0,Raipur,Approved,1
453282.51,Accident,Max Hospital,20,1,Mumbai,Approved,0
127145.43,Vehicle,Fortis Hospital,7,1,Mumbai,Approved,0
244452.21,Fire,Max Hospital,8,1,Raipur,Pending,0
9556.42,Fire,Manipal Hospital,14,1,Nashik,Approved,0
485209.75,Medical,KEM Hospital,15,0,Bengaluru,Approved,0
283188.68,Accident,AIIMS,8,1,Delhi,Approved,0
564200.21,Fire,AIIMS,14,0,Nagpur,Pending,1
203189.97,Medical,Apollo Hospital,14,0,Chennai,Approved,0
437113.29,Fire,Manipal Hospital,0,1,Delhi,Rejected,0
524187.11,Medical,Max Hospital,19,0,Raipur,Approved,0
525158.42,Accident,Max Hospital,19,1,Mumbai,Approved,0
468008.34,Accident,Ruby Hall Clinic,17,1,Delhi,Approved,0
374774.76,Theft,Max Hospital,16,0,Nashik,Approved,1
122308.87,Theft,Manipal Hospital,11,0,Hyderabad,Pending,1
370484.06,Theft,Apollo Hospital,14,1,Nagpur,Approved,1
307533.0,Medical,AIIMS,13,1,Mumbai,Approved,0
291258.08,Accident,Apollo Hospital,12,1,Chennai,Pending,0
334875.1,Accident,AIIMS,16,1,Pune,Approved,0
320849.11,Fire,Manipal Hospital,7,1,Mumbai,Approved,0
303610.75,Accident,Fortis Hospital,13,1,Chennai,Approved,1
22263.11,Fire,Fortis Hospital,3,0,Chennai,Rejected,0
426202.22,Theft,AIIMS,14,1,Nashik,Pending,1
583495.95,Vehicle,AIIMS,9,1,Chennai,Rejected,0
463253.03,Medical,Manipal Hospital,4,0,Raipur,Rejected,0
400020.59,Accident,Max Hospital,11,1,Raipur,Approved,1
435798.45,Fire,Max Hospital,7,1,Raipur,Rejected,0
595827.88,Vehicle,KEM Hospital,18,1,Hyderabad,Approved,0
313077.37,Fire,Apollo Hospital,6,1,Raipur,Pending,0
100909.11,Vehicle,AIIMS,10,1,Chennai,Approved,0
239251.21,Accident,Apollo Hospital,17,1,Chennai,Pending,0
447354.35,Medical,Manipal Hospital,14,0,Bengaluru,Approved,0
551923.16,Accident,Apollo Hospital,2,1,Nashik,Pending,0
470029.1,Medical,Fortis Hospital,10,1,Nashik,Approved,0
502324.85,Accident,KEM Hospital,16,1,Nashik,Approved,0
529130.6,Accident,Manipal Hospital,0,1,Nagpur,Approved,0
539245.96,Theft,Fortis Hospital,14,0,Chennai,Approved,1
521968.45,Fire,Apollo Hospital,6,1,Pune,Rejected,0
552330.09,Accident,Apollo Hospital,2,1,Nagpur,Pending,1
486034.21,Vehicle,Max Hospital,10,1,Pune,Approved,0
559103.26,Medical,Fortis Hospital,19,0,Hyderabad,Approved,0
454691.48,Medical,AIIMS,0,0,Bengaluru,Pending,1
354814.86,Fire,Manipal Hospital,20,0,Delhi,Pending,1
141010.42,Theft,Ruby Hall Clinic,4,1,Raipur,Approved,0
387800.67,Theft,Max Hospital,10,1,Raipur,Pending,1
158406.94,Theft,AIIMS,14,1,Pune,Pending,1
13082.62,Theft,Ruby Hall Clinic,2,1,Nashik,Pending,0
348476.29,Medical,Max Hospital,13,1,Chennai,Approved,0
174198.52,Fire,AIIMS,7,1,Pune,Pending,0
505118.96,Theft,AIIMS,14,1,Pune,Pending,1
133641.76,Medical,Max Hospital,16,0,Nagpur,Pending,1
441055.18,Fire,KEM Hospital,13,1,Nagpur,Approved,1
575509.57,Fire,Max Hospital,13,0,Raipur,Approved,0
135163.06,Accident,Max Hospital,13,1,Nagpur,Approved,0
522232.48,Accident,Fortis Hospital,2,1,Nashik,Approved,0
188778.61,Vehicle,Manipal Hospital,15,1,Mumbai,Approved,0
532977.81,Fire,Max Hospital,5,1,Hyderabad,Rejected,0
123316.08,Theft,Fortis Hospital,18,1,Pune,Pending,1
537704.99,Vehicle,AIIMS,8,1,Bengaluru,Rejected,0
197003.78,Vehicle,Ruby Hall Clinic,19,1,Pune,Approved,0
313477.58,Theft,Ruby Hall Clinic,13,1,Mumbai,Pending,1
120536.89,Medical,KEM Hospital,18,0,Chennai,Approved,0
254532.68,Fire,Fortis Hospital,16,1,Nashik,Pending,0
452030.04,Vehicle,Max Hospital,1,0,Nagpur,Rejected,0
79837.63,Accident,Manipal Hospital,8,1,Delhi,Approved,0
302079.71,Vehicle,KEM Hospital,11,1,Mumbai,Approved,1
477724.32,Medical,KEM Hospital,4,0,Pune,Pending,1
357778.96,Accident,Max Hospital,4,1,Delhi,Approved,0
378756.11,Theft,Max Hospital,12,0,Delhi,Pending,1
34679.23,Accident,Apollo Hospital,16,1,Chennai,Rejected,0
143071.53,Medical,AIIMS,5,0,Nagpur,Approved,0
224324.28,Medical,Apollo Hospital,7,1,Delhi,Pending,0
574199.56,Medical,Ruby Hall Clinic,6,0,Bengaluru,Rejected,0
369244.07,Medical,Manipal Hospital,7,0,Pune,Approved,0
268668.83,Medical,Ruby Hall Clinic,14,0,Pune,Approved,0
145564.05,Accident,Apollo Hospital,9,1,Raipur,Approved,0
180479.93,Theft,KEM Hospital,12,1,Pune,Approved,0
33499.71,Fire,Apollo Hospital,10,1,Raipur,Approved,0
383102.12,Accident,Manipal Hospital,19,1,Nashik,Rejected,1
175455.7,Fire,Ruby Hall Clinic,2,1,Pune,Approved,0
8453.95,Vehicle,Apollo Hospital,19,1,Nashik,Rejected,0
210420.29,Fire,Manipal Hospital,2,1,Nashik,Rejected,0
327908.78,Fire,Manipal Hospital,17,0,Hyderabad,Approved,0
258410.05,Fire,Ruby Hall Clinic,6,0,Raipur,Approved,0
226938.43,Theft,Fortis Hospital,1,0,Pune,Approved,0
161449.46,Accident,Ruby Hall Clinic,10,1,Hyderabad,Rejected,0
84714.31,Medical,Manipal Hospital,5,1,Pune,Pending,0
336780.73,Accident,Manipal Hospital,5,1,Chennai,Approved,0
236350.64,Medical,AIIMS,13,0,Raipur,Approved,0
526391.19,Fire,AIIMS,0,1,Bengaluru,Pending,0
335902.87,Theft,Manipal Hospital,12,1,Delhi,Approved,0
472561.32,Accident,AIIMS,15,1,Bengaluru,Approved,0
160075.03,Theft,KEM Hospital,12,1,Raipur,Approved,0
71610.65,Medical,Fortis Hospital,6,0,Bengaluru,Approved,0
124610.1,Vehicle,Max Hospital,11,0,Nashik,Approved,0
169931.41,Accident,AIIMS,19,0,Hyderabad,Approved,1
430424.74,Fire,Ruby Hall Clinic,2,0,Nagpur,Approved,0
99284.38,Vehicle,Manipal Hospital,3,0,Nagpur,Pending,0
115603.57,Accident,Ruby Hall Clinic,2,1,Nagpur,Rejected,0
193055.77,Fire,Ruby Hall Clinic,2,1,Hyderabad,Approved,0
157494.02,Theft,Ruby Hall Clinic,2,1,Raipur,Rejected,0
232059.41,Accident,Ruby Hall Clinic,14,1,Bengaluru,Approved,0
156982.33,Medical,Manipal Hospital,18,0,Mumbai,Rejected,0
164045.78,Medical,Ruby Hall Clinic,1,1,Mumbai,Rejected,0
452099.07,Accident,Apollo Hospital,6,1,Nashik,Approved,0
446723.37,Theft,Manipal Hospital,8,1,Chennai,Rejected,0
378535.23,Theft,Fortis Hospital,6,1,Bengaluru,Pending,1
502254.07,Theft,Manipal Hospital,6,0,Pune,Approved,1
102250.66,Fire,Max Hospital,11,0,Mumbai,Approved,0
590498.25,Accident,Manipal Hospital,2,1,Bengaluru,Approved,0
510820.97,Fire,AIIMS,12,0,Hyderabad,Pending,1
442801.35,Vehicle,KEM Hospital,17,1,Hyderabad,Pending,1
476920.27,Theft,KEM Hospital,18,1,Nashik,Pending,1
92776.52,Accident,Manipal Hospital,16,1,Raipur,Approved,0
186592.12,Accident,Fortis Hospital,2,1,Delhi,Approved,0
23708.86,Fire,KEM Hospital,19,1,Delhi,Approved,0
85712.37,Accident,Fortis Hospital,16,1,Mumbai,Approved,0
533902.37,Theft,AIIMS,0,1,Bengaluru,Rejected,0
592101.53,Medical,AIIMS,8,0,Hyderabad,Approved,0
572958.82,Accident,Max Hospital,8,0,Delhi,Approved,1
311961.8,Theft,Fortis Hospital,6,1,Delhi,Approved,0
98473.86,Fire,Ruby Hall Clinic,18,0,Pune,Approved,0
105232.46,Medical,Manipal Hospital,5,0,Pune,Pending,0
170151.72,Vehicle,KEM Hospital,16,1,Hyderabad,Approved,0
488844.58,Accident,AIIMS,19,1,Pune,Pending,1
116631.67,Accident,KEM Hospital,19,1,Chennai,Approved,0
557383.92,Vehicle,Fortis Hospital,12,1,Bengaluru,Approved,1
101868.92,Accident,Fortis Hospital,17,1,Pune,Pending,0
76328.56,Accident,Ruby Hall Clinic,9,1,Hyderabad,Approved,0
550792.25,Accident,Manipal Hospital,0,1,Mumbai,Approved,0
257509.47,Vehicle,AIIMS,16,1,Raipur,Approved,0
411767.03,Accident,AIIMS,17,1,Chennai,Approved,0
258125.22,Theft,KEM Hospital,15,1,Nagpur,Approved,0
158164.1,Medical,Apollo Hospital,5,0,Nagpur,Approved,0
314434.45,Accident,Max Hospital,10,1,Chennai,Rejected,0
27058.01,Vehicle,Apollo Hospital,9,1,Pune,Approved,0
123279.23,Accident,Fortis Hospital,15,1,Chennai,Pending,1
439633.91,Medical,KEM Hospital,12,0,Bengaluru,Rejected,1
499748.37,Vehicle,KEM Hospital,8,0,Delhi,Approved,0
478779.61,Vehicle,Manipal Hospital,10,1,Delhi,Pending,1
94768.68,Vehicle,KEM Hospital,15,1,Hyderabad,Pending,0
518482.8,Vehicle,Max Hospital,3,1,Mumbai,Approved,0
509242.88,Theft,Manipal Hospital,20,1,Nashik,Rejected,0
195300.22,Fire,Manipal Hospital,6,0,Nagpur,Pending,0
64925.13,Accident,Max Hospital,12,1,Bengaluru,Approved,0
183502.08,Medical,AIIMS,4,1,Nagpur,Approved,0
138259.43,Vehicle,Manipal Hospital,14,1,Bengaluru,Approved,0
547567.4,Vehicle,Max Hospital,15,0,Raipur,Approved,0
138165.18,Fire,Apollo Hospital,2,1,Mumbai,Approved,0
358661.96,Medical,Ruby Hall Clinic,3,1,Pune,Rejected,0
455773.81,Theft,Manipal Hospital,7,1,Nashik,Pending,1
179278.66,Accident,AIIMS,5,1,Bengaluru,Approved,0
333954.24,Medical,Manipal Hospital,2,1,Delhi,Approved,0
482452.66,Medical,KEM Hospital,13,1,Hyderabad,Rejected,1
475877.41,Fire,Fortis Hospital,13,0,Nashik,Approved,0
582347.66,Vehicle,Ruby Hall Clinic,19,1,Bengaluru,Approved,1
178984.63,Fire,AIIMS,11,0,Nashik,Rejected,0
82636.15,Fire,KEM Hospital,13,1,Delhi,Approved,0
69446.91,Accident,Max Hospital,9,1,Nagpur,Approved,0
197560.46,Medical,KEM Hospital,17,1,Mumbai,Pending,0
453713.18,Accident,AIIMS,17,1,Raipur,Approved,0
299205.44,Medical,AIIMS,0,0,Delhi,Approved,0
246828.86,Fire,Manipal Hospital,13,0,Hyderabad,Pending,0
130709.11,Accident,Manipal Hospital,12,1,Chennai,Pending,0
467854.65,Theft,Max Hospital,15,1,Nagpur,Approved,0
381800.8,Vehicle,Apollo Hospital,20,0,Bengaluru,Pending,1
464768.08,Fire,AIIMS,2,0,Pune,Approved,0
588737.76,Fire,Manipal Hospital,11,0,Mumbai,Pending,1
395058.61,Theft,Ruby Hall Clinic,17,1,Mumbai,Approved,0
63690.33,Accident,AIIMS,8,1,Hyderabad,Rejected,0
360092.03,Vehicle,Manipal Hospital,4,1,Bengaluru,Approved,0
150969.91,Fire,AIIMS,18,1,Nashik,Approved,0
316277.91,Fire,Ruby Hall Clinic,8,1,Raipur,Approved,0
313565.94,Theft,Ruby Hall Clinic,0,1,Bengaluru,Approved,0
197483.86,Medical,Ruby Hall Clinic,17,1,Delhi,Rejected,0
551632.56,Vehicle,AIIMS,5,1,Mumbai,Approved,0
165640.44,Theft,Fortis Hospital,19,1,Raipur,Approved,0
233600.55,Theft,KEM Hospital,0,1,Nagpur,Approved,0
332454.21,Vehicle,Ruby Hall Clinic,12,1,Raipur,Approved,1
551326.41,Fire,AIIMS,0,1,Chennai,Approved,0
285219.27,Medical,Fortis Hospital,9,0,Chennai,Pending,0
188744.89,Fire,AIIMS,15,0,Nagpur,Pending,0
29406.36,Accident,Fortis Hospital,6,1,Chennai,Approved,0
78667.12,Accident,Ruby Hall Clinic,5,1,Mumbai,Approved,0
269169.32,Theft,KEM Hospital,0,1,Bengaluru,Approved,0
144543.68,Medical,Ruby Hall Clinic,0,0,Mumbai,Rejected,0
512296.71,Accident,Max Hospital,8,1,Bengaluru,Pending,1
38596.93,Accident,Fortis Hospital,3,1,Delhi,Approved,0
527404.04,Medical,Manipal Hospital,18,1,Chennai,Approved,0
594297.1,Fire,Manipal Hospital,0,1,Chennai,Approved,0
80195.58,Accident,Ruby Hall Clinic,16,1,Chennai,Approved,0
109099.74,Theft,Max Hospital,4,1,Delhi,Pending,0
586053.39,Accident,Ruby Hall Clinic,2,1,Mumbai,Approved,0
439718.45,Accident,Max Hospital,18,1,Delhi,Approved,1
8983.55,Fire,Apollo Hospital,8,1,Mumbai,Approved,0
459494.16,Accident,AIIMS,15,1,Pune,Pending,1
313004.69,Vehicle,AIIMS,16,1,Raipur,Approved,1
460105.43,Fire,Apollo Hospital,6,0,Mumbai,Approved,0
133191.13,Medical,Max Hospital,16,0,Chennai,Approved,0
546176.52,Theft,Ruby Hall Clinic,17,1,Hyderabad,Approved,0
177388.88,Theft,Fortis Hospital,19,0,Raipur,Approved,1
598351.44,Accident,Fortis Hospital,7,1,Chennai,Approved,0
376197.87,Fire,Max Hospital,20,1,Raipur,Pending,1
477236.42,Theft,Ruby Hall Clinic,15,1,Mumbai,Approved,1
52608.63,Theft,Ruby Hall Clinic,18,1,Nashik,Pending,0
66954.22,Accident,KEM Hospital,18,1,Nashik,Approved,0
540086.5,Theft,Max Hospital,5,1,Bengaluru,Approved,0
173345.72,Accident,Ruby Hall Clinic,15,1,Chennai,Approved,0
12630.61,Theft,Apollo Hospital,2,1,Nagpur,Approved,0
160202.22,Medical,Apollo Hospital,0,1,Hyderabad,Rejected,0
344385.6,Theft,KEM Hospital,19,1,Chennai,Approved,0
265885.33,Vehicle,Manipal Hospital,15,1,Pune,Pending,1
375762.66,Medical,KEM Hospital,6,1,Pune,Approved,0
490184.39,Medical,KEM Hospital,3,1,Delhi,Pending,0
394311.02,Medical,AIIMS,1,0,Nashik,Approved,0
366426.31,Theft,Max Hospital,20,1,Mumbai,Approved,1
384203.1,Vehicle,Max Hospital,6,1,Mumbai,Approved,0
200908.22,Accident,AIIMS,16,1,Nagpur,Approved,0
157554.15,Theft,Manipal Hospital,9,1,Delhi,Rejected,0
175217.43,Theft,Ruby Hall Clinic,13,1,Mumbai,Approved,0
313417.32,Theft,Ruby Hall Clinic,4,1,Hyderabad,Approved,0
95302.14,Accident,Max Hospital,20,1,Pune,Pending,1
506224.76,Vehicle,KEM Hospital,14,0,Delhi,Pending,1
100493.97,Accident,Manipal Hospital,16,1,Delhi,Approved,0
555841.64,Medical,Apollo Hospital,2,0,Chennai,Rejected,0
26135.64,Accident,Manipal Hospital,5,1,Hyderabad,Approved,0
400169.25,Accident,KEM Hospital,8,1,Hyderabad,Approved,0
597400.3,Fire,Ruby Hall Clinic,7,0,Bengaluru,Rejected,0
169664.0,Accident,AIIMS,8,1,Bengaluru,Approved,0
598256.04,Accident,Max Hospital,9,1,Nashik,Pending,1
157185.71,Theft,KEM Hospital,7,1,Chennai,Rejected,0
19255.82,Vehicle,Manipal Hospital,10,0,Bengaluru,Approved,0
320708.21,Fire,Apollo Hospital,16,0,Nashik,Approved,1
259161.43,Fire,Apollo Hospital,1,1,Raipur,Pending,0
397083.43,Theft,AIIMS,6,0,Nagpur,Approved,1
81246.76,Theft,AIIMS,2,1,Nagpur,Approved,0
464020.84,Medical,Manipal Hospital,11,1,Bengaluru,Approved,1
407365.12,Fire,Apollo Hospital,10,1,Delhi,Approved,0
495247.5,Medical,AIIMS,20,0,Nashik,Approved,1
231337.56,Fire,Ruby Hall Clinic,16,0,Pune,Approved,0
42610.31,Vehicle,Manipal Hospital,9,1,Nagpur,Approved,0
204356.5,Vehicle,Apollo Hospital,8,1,Chennai,Rejected,0
500204.9,Theft,KEM Hospital,14,1,Nagpur,Approved,0
355842.88,Theft,Ruby Hall Clinic,2,1,Mumbai,Approved,0
481708.84,Fire,Max Hospital,5,1,Mumbai,Approved,0
405544.79,Fire,Apollo Hospital,1,1,Nashik,Approved,0
276386.38,Medical,Ruby Hall Clinic,2,1,Pune,Pending,0
323511.32,Theft,Fortis Hospital,4,1,Bengaluru,Pending,0
329693.29,Vehicle,Fortis Hospital,20,1,Delhi,Approved,1
352396.02,Theft,Ruby Hall Clinic,16,1,Pune,Approved,1
346572.75,Medical,Manipal Hospital,14,1,Mumbai,Pending,1
530939.0,Theft,KEM Hospital,10,1,Pune,Rejected,0
45873.41,Accident,AIIMS,6,1,Nashik,Pending,0
396873.47,Accident,Manipal Hospital,4,1,Nagpur,Pending,0
199494.35,Medical,Fortis Hospital,17,1,Bengaluru,Approved,0
427356.01,Accident,Ruby Hall Clinic,10,1,Raipur,Approved,0
389095.81,Accident,KEM Hospital,12,1,Bengaluru,Approved,0
471675.68,Accident,Fortis Hospital,10,0,Chennai,Approved,1
77252.09,Theft,Ruby Hall Clinic,7,1,Bengaluru,Approved,0
363732.8,Fire,Manipal Hospital,8,0,Nagpur,Pending,1
285501.49,Accident,Max Hospital,20,1,Bengaluru,Approved,0
183905.0,Fire,Manipal Hospital,9,1,Bengaluru,Approved,0
93143.92,Fire,KEM Hospital,20,0,Raipur,Rejected,0
177418.64,Theft,Manipal Hospital,5,1,Pune,Approved,0
556389.34,Accident,Apollo Hospital,16,1,Bengaluru,Approved,1
266368.31,Theft,Manipal Hospital,0,1,Nashik,Approved,0
97541.75,Vehicle,Manipal Hospital,4,1,Delhi,Approved,0
77588.03,Vehicle,KEM Hospital,20,1,Pune,Approved,0
128058.33,Theft,Max Hospital,7,1,Nagpur,Approved,0
538687.47,Fire,KEM Hospital,9,1,Bengaluru,Approved,0
86409.38,Vehicle,AIIMS,2,1,Nagpur,Approved,0
357208.48,Fire,Apollo Hospital,12,1,Bengaluru,Pending,1
297376.13,Medical,Fortis Hospital,4,1,Hyderabad,Pending,0
352361.07,Accident,Apollo Hospital,2,1,Bengaluru,Pending,1
216578.65,Theft,Apollo Hospital,14,1,Nashik,Pending,1
102263.54,Vehicle,Max Hospital,18,1,Bengaluru,Pending,0
297355.25,Fire,Max Hospital,4,0,Nashik,Approved,0
509694.65,Theft,Fortis Hospital,18,1,Bengaluru,Approved,1
321116.92,Theft,Ruby Hall Clinic,1,1,Nashik,Approved,0
245565.31,Theft,AIIMS,20,1,Hyderabad,Approved,0
78359.18,Medical,Fortis Hospital,7,0,Nashik,Approved,0
98114.92,Medical,Apollo Hospital,17,0,Raipur,Approved,0
246494.57,Theft,AIIMS,17,1,Mumbai,Rejected,0
41166.01,Vehicle,AIIMS,10,1,Raipur,Approved,0
155532.99,Vehicle,Ruby Hall Clinic,18,1,Nashik,Approved,0
441308.23,Theft,Max Hospital,17,1,Raipur,Pending,1
586814.64,Vehicle,Max Hospital,14,1,Nashik,Pending,1
190963.35,Fire,Max Hospital,4,0,Hyderabad,Pending,0
365486.67,Theft,AIIMS,12,1,Nagpur,Approved,1
581922.33,Vehicle,Manipal Hospital,8,1,Bengaluru,Approved,0
337355.65,Theft,KEM Hospital,15,1,Delhi,Pending,1
408191.28,Fire,Apollo Hospital,5,0,Bengaluru,Pending,1
245915.62,Fire,KEM Hospital,2,0,Pune,Rejected,0
278734.9,Theft,KEM Hospital,7,1,Pune,Approved,0
22110.29,Medical,AIIMS,20,0,Nagpur,Pending,0
532396.29,Theft,Max Hospital,19,1,Chennai,Approved,1
163322.08,Medical,Apollo Hospital,14,0,Nagpur,Approved,0
86358.88,Vehicle,Fortis Hospital,15,1,Hyderabad,Approved,0
399232.75,Accident,Apollo Hospital,19,1,Chennai,Approved,0
413853.17,Fire,Apollo Hospital,10,1,Bengaluru,Approved,0
358443.98,Vehicle,Ruby Hall Clinic,7,1,Raipur,Rejected,0
235946.33,Theft,Max Hospital,19,1,Pune,Approved,0
476136.79,Theft,Ruby Hall Clinic,6,1,Nashik,Approved,0
439594.52,Fire,Apollo Hospital,13,0,Pune,Rejected,0
38200.5,Vehicle,KEM Hospital,4,1,Mumbai,Approved,0
452388.21,Fire,Fortis Hospital,6,1,Bengaluru,Rejected,0
48480.25,Theft,Ruby Hall Clinic,17,1,Hyderabad,Approved,0
95265.24,Medical,Ruby Hall Clinic,19,0,Pune,Approved,0
523482.16,Fire,Apollo Hospital,16,0,Hyderabad,Approved,0
289378.45,Theft,Apollo Hospital,18,1,Pune,Approved,0
200665.4,Fire,Fortis Hospital,3,1,Mumbai,Pending,0
29760.18,Accident,Apollo Hospital,19,1,Delhi,Pending,1
79507.33,Accident,AIIMS,20,1,Hyderabad,Pending,1
375064.82,Accident,Apollo Hospital,17,1,Chennai,Approved,1
421092.75,Vehicle,KEM Hospital,20,1,Nagpur,Rejected,0
51194.92,Fire,AIIMS,2,1,Chennai,Approved,0
70359.01,Vehicle,Max Hospital,12,1,Delhi,Pending,0
547169.31,Medical,Fortis Hospital,12,0,Raipur,Approved,0
31964.29,Theft,Manipal Hospital,11,1,Pune,Approved,0
40861.82,Vehicle,KEM Hospital,16,1,Pune,Rejected,0
22880.65,Accident,Max Hospital,9,0,Mumbai,Approved,1
348219.79,Vehicle,Manipal Hospital,9,1,Nagpur,Approved,0
132215.35,Fire,AIIMS,4,0,Raipur,Approved,0
148592.4,Theft,Apollo Hospital,16,1,Nashik,Approved,0
296149.2,Theft,AIIMS,9,1,Nashik,Approved,0
586074.66,Fire,KEM Hospital,8,0,Hyderabad,Approved,0
308503.33,Vehicle,Fortis Hospital,13,1,Pune,Approved,1
379862.22,Medical,Apollo Hospital,11,1,Nashik,Approved,1
136142.69,Medical,Apollo Hospital,12,0,Raipur,Pending,0
213258.67,Fire,KEM Hospital,15,0,Hyderabad,Rejected,0
216583.02,Theft,Fortis Hospital,13,1,Mumbai,Approved,0
584564.18,Medical,Apollo Hospital,8,1,Nashik,Pending,1
51318.8,Vehicle,KEM Hospital,12,1,Nashik,Approved,0
19927.06,Fire,Manipal Hospital,12,0,Bengaluru,Approved,0
401869.31,Vehicle,Ruby Hall Clinic,10,1,Nashik,Approved,0
148924.64,Vehicle,Manipal Hospital,20,1,Chennai,Approved,0
362428.07,Accident,KEM Hospital,18,0,Mumbai,Approved,1
291875.65,Fire,Manipal Hospital,8,1,Bengaluru,Rejected,0
498708.91,Theft,Max Hospital,16,1,Chennai,Approved,0
361094.15,Theft,Max Hospital,11,0,Pune,Approved,1
484359.15,Medical,Max Hospital,18,0,Hyderabad,Approved,1
118244.92,Theft,Apollo Hospital,11,1,Chennai,Approved,0
214304.95,Medical,Manipal Hospital,10,1,Pune,Approved,0
53253.57,Fire,KEM Hospital,0,0,Nagpur,Pending,0
222954.97,Theft,Fortis Hospital,18,1,Nashik,Approved,0
204295.07,Medical,Max Hospital,0,0,Mumbai,Approved,0
329178.95,Vehicle,Ruby Hall Clinic,19,1,Chennai,Approved,0
121165.2,Medical,KEM Hospital,4,0,Delhi,Pending,0
385450.44,Vehicle,KEM Hospital,7,1,Nashik,Approved,0
293702.38,Accident,Ruby Hall Clinic,18,1,Delhi,Rejected,0
225144.93,Vehicle,Max Hospital,11,1,Mumbai,Rejected,0
153996.57,Medical,Apollo Hospital,2,0,Raipur,Approved,0
179153.08,Medical,Max Hospital,9,1,Bengaluru,Pending,0
420969.69,Fire,Fortis Hospital,15,0,Nagpur,Approved,1
576410.04,Theft,Manipal Hospital,20,1,Mumbai,Pending,1
272303.38,Theft,Ruby Hall Clinic,12,1,Delhi,Rejected,0
206593.59,Accident,Manipal Hospital,15,1,Chennai,Approved,0
454939.74,Fire,Manipal Hospital,16,1,Nashik,Pending,1
274878.62,Medical,Fortis Hospital,18,1,Nashik,Rejected,0
466804.24,Accident,Max Hospital,19,0,Bengaluru,Approved,1
108591.26,Vehicle,AIIMS,18,1,Raipur,Approved,0
107842.67,Vehicle,AIIMS,16,1,Bengaluru,Approved,0
342877.68,Vehicle,KEM Hospital,16,1,Pune,Approved,1
552065.77,Vehicle,Ruby Hall Clinic,13,1,Raipur,Approved,1
372399.67,Accident,KEM Hospital,6,1,Pune,Approved,0
152107.44,Fire,Ruby Hall Clinic,2,0,Hyderabad,Approved,0
541248.08,Accident,Max Hospital,19,1,Mumbai,Pending,1
434287.24,Theft,Max Hospital,7,1,Chennai,Pending,0
395638.67,Fire,Max Hospital,10,1,Mumbai,Rejected,0
396848.71,Accident,Apollo Hospital,16,1,Delhi,Approved,1
461325.44,Medical,Fortis Hospital,3,0,Mumbai,Approved,0
297000.1,Theft,Fortis Hospital,11,1,Nagpur,Pending,1
19087.68,Fire,AIIMS,19,0,Delhi,Approved,0
579405.2,Theft,Fortis Hospital,17,1,Mumbai,Approved,0
401417.92,Theft,Manipal Hospital,11,0,Chennai,Approved,1
314267.92,Accident,AIIMS,9,0,Bengaluru,Pending,1
270737.04,Vehicle,Max Hospital,10,1,Bengaluru,Approved,0
384768.58,Vehicle,Fortis Hospital,2,1,Bengaluru,Approved,0
226645.58,Fire,AIIMS,0,1,Mumbai,Approved,0
437083.52,Fire,Fortis Hospital,2,0,Bengaluru,Pending,0
180193.16,Medical,AIIMS,17,1,Bengaluru,Approved,0
442189.08,Fire,Ruby Hall Clinic,16,0,Bengaluru,Approved,1
555462.95,Theft,Apollo Hospital,19,1,Hyderabad,Approved,1
524601.49,Theft,Ruby Hall Clinic,14,0,Bengaluru,Approved,1
460601.51,Fire,Max Hospital,18,1,Bengaluru,Approved,0
415363.57,Theft,Ruby Hall Clinic,4,1,Nashik,Approved,0
131149.11,Medical,Ruby Hall Clinic,1,0,Delhi,Approved,0
259738.97,Accident,Apollo Hospital,20,1,Nashik,Approved,0
251875.32,Medical,Manipal Hospital,11,1,Pune,Approved,0
163818.64,Accident,KEM Hospital,2,1,Pune,Approved,0
210916.46,Fire,Max Hospital,4,0,Hyderabad,Approved,0
144782.25,Medical,AIIMS,13,1,Hyderabad,Pending,0
507562.45,Fire,Apollo Hospital,3,1,Bengaluru,Pending,0
112767.97,Theft,KEM Hospital,5,1,Nagpur,Pending,0
417996.68,Theft,Manipal Hospital,7,0,Chennai,Pending,1
578702.02,Fire,Ruby Hall Clinic,1,0,Bengaluru,Approved,0
255222.11,Theft,Manipal Hospital,13,1,Bengaluru,Approved,0
531163.76,Theft,Manipal Hospital,4,1,Raipur,Approved,0
190790.86,Vehicle,Fortis Hospital,12,1,Mumbai,Rejected,0
206517.01,Theft,KEM Hospital,3,1,Pune,Approved,0
429624.51,Fire,Fortis Hospital,18,1,Nashik,Pending,1
527271.91,Fire,Manipal Hospital,3,0,Nashik,Rejected,0
12862.8,Medical,Max Hospital,11,1,Raipur,Approved,0
312936.14,Medical,Max Hospital,1,1,Pune,Approved,0
61878.07,Fire,KEM Hospital,14,1,Bengaluru,Rejected,0
568553.68,Theft,AIIMS,0,1,Mumbai,Approved,0
42551.16,Vehicle,Fortis Hospital,2,1,Pune,Approved,0
78150.43,Vehicle,AIIMS,20,1,Mumbai,Approved,0
220137.44,Medical,Ruby Hall Clinic,17,1,Mumbai,Approved,0
282316.04,Vehicle,Ruby Hall Clinic,19,1,Delhi,Approved,0
484601.22,Accident,AIIMS,5,1,Nashik,Approved,0
423761.33,Medical,Ruby Hall Clinic,17,1,Nagpur,Pending,1
79206.12,Vehicle,AIIMS,8,1,Delhi,Pending,0
306535.98,Accident,AIIMS,1,1,Pune,Approved,0
47230.74,Theft,Manipal Hospital,17,1,Nashik,Approved,0
501010.32,Accident,KEM Hospital,12,1,Pune,Pending,1
103021.48,Fire,Fortis Hospital,12,0,Nagpur,Pending,1
88158.65,Accident,AIIMS,14,1,Nagpur,Approved,0
528959.65,Fire,AIIMS,14,0,Chennai,Pending,1
382335.18,Fire,Manipal Hospital,10,1,Delhi,Pending,0
170317.76,Fire,KEM Hospital,19,0,Nashik,Pending,0
341920.63,Medical,AIIMS,17,0,Nagpur,Approved,1
551540.15,Medical,Apollo Hospital,12,0,Mumbai,Approved,0
340909.76,Accident,Manipal Hospital,10,1,Delhi,Pending,0
105703.8,Fire,Manipal Hospital,13,1,Nashik,Rejected,0
451656.99,Accident,Ruby Hall Clinic,10,1,Bengaluru,Pending,1
259661.48,Accident,AIIMS,9,0,Raipur,Approved,1
208803.49,Fire,AIIMS,3,0,Delhi,Pending,0
339231.06,Vehicle,AIIMS,20,1,Chennai,Approved,1
81548.74,Vehicle,AIIMS,16,0,Mumbai,Approved,0
309479.02,Accident,Ruby Hall Clinic,3,1,Chennai,Approved,0
34057.17,Fire,Fortis Hospital,7,1,Chennai,Approved,0
133511.38,Medical,AIIMS,11,0,Bengaluru,Approved,0
233024.43,Accident,Fortis Hospital,11,1,Nagpur,Approved,0
61913.72,Fire,Fortis Hospital,0,0,Pune,Approved,0
592762.08,Vehicle,AIIMS,7,1,Nagpur,Rejected,0
30711.61,Accident,Ruby Hall Clinic,3,1,Pune,Approved,0
358748.37,Fire,Apollo Hospital,7,1,Chennai,Approved,0
414772.21,Theft,Manipal Hospital,10,1,Nagpur,Approved,0
224708.53,Fire,Apollo Hospital,14,1,Hyderabad,Approved,0
442860.78,Theft,Max Hospital,10,0,Hyderabad,Approved,1
466893.76,Medical,KEM Hospital,16,1,Bengaluru,Approved,1
173205.76,Medical,Apollo Hospital,5,1,Delhi,Approved,0
418275.4,Theft,KEM Hospital,6,1,Nagpur,Approved,0
258094.05,Accident,Manipal Hospital,20,1,Chennai,Approved,0
49038.72,Accident,Manipal Hospital,12,1,Raipur,Approved,0
58207.2,Fire,Manipal Hospital,13,0,Nagpur,Approved,0
406726.57,Vehicle,KEM Hospital,7,1,Raipur,Approved,0
186364.03,Accident,Apollo Hospital,18,1,Delhi,Pending,1
455628.45,Fire,Manipal Hospital,10,1,Chennai,Pending,1
484898.48,Accident,Ruby Hall Clinic,4,1,Nagpur,Approved,0
277957.06,Medical,Manipal Hospital,16,0,Nagpur,Rejected,0
90975.09,Accident,Ruby Hall Clinic,19,1,Delhi,Rejected,0
265344.1,Theft,Manipal Hospital,13,1,Pune,Approved,0
157449.31,Vehicle,KEM Hospital,1,1,Chennai,Approved,0
332323.1,Medical,Fortis Hospital,0,1,Pune,Approved,0
250400.34,Fire,Ruby Hall Clinic,12,1,Mumbai,Pending,1
96711.87,Fire,Apollo Hospital,7,0,Raipur,Rejected,0
313912.12,Vehicle,AIIMS,6,1,Nagpur,Rejected,0
216978.51,Fire,Manipal Hospital,12,0,Nagpur,Approved,0
17787.88,Fire,Ruby Hall Clinic,4,1,Raipur,Approved,0
555422.38,Vehicle,Fortis Hospital,9,1,Raipur,Approved,0
23473.57,Theft,KEM Hospital,9,1,Bengaluru,Approved,0
154778.06,Vehicle,Apollo Hospital,4,0,Delhi,Rejected,0
122498.96,Accident,Max Hospital,6,1,Nashik,Rejected,0
363450.72,Fire,Manipal Hospital,10,0,Nagpur,Pending,1
441957.6,Fire,Fortis Hospital,19,0,Mumbai,Approved,1
173968.39,Fire,AIIMS,6,1,Bengaluru,Pending,0
333857.64,Medical,Apollo Hospital,16,0,Nagpur,Pending,1
308905.15,Fire,Max Hospital,2,0,Nagpur,Rejected,0
187617.1,Theft,Apollo Hospital,13,1,Pune,Approved,0
145195.22,Medical,AIIMS,11,0,Raipur,Approved,0
461496.5,Theft,Apollo Hospital,10,1,Raipur,Approved,0
413205.77,Theft,Manipal Hospital,9,1,Mumbai,Approved,0
61837.55,Accident,Apollo Hospital,2,1,Nashik,Rejected,0
525552.27,Fire,Fortis Hospital,5,1,Nashik,Approved,0
164123.84,Medical,KEM Hospital,13,0,Nashik,Pending,1
409627.42,Vehicle,Manipal Hospital,9,1,Nashik,Approved,0
216821.34,Theft,AIIMS,1,1,Chennai,Pending,0
329482.72,Vehicle,Manipal Hospital,12,1,Nashik,Rejected,1
12697.94,Medical,KEM Hospital,3,1,Chennai,Approved,0
356467.27,Accident,KEM Hospital,11,1,Bengaluru,Approved,1
325159.14,Vehicle,Ruby Hall Clinic,0,1,Bengaluru,Approved,0
481588.22,Theft,Ruby Hall Clinic,9,1,Mumbai,Approved,0
92917.01,Theft,KEM Hospital,11,1,Pune,Approved,0
53975.57,Accident,Fortis Hospital,20,1,Delhi,Approved,0
517399.98,Accident,Manipal Hospital,9,1,Delhi,Approved,0
76857.2,Fire,Fortis Hospital,1,0,Delhi,Approved,0
595939.07,Accident,Apollo Hospital,4,1,Chennai,Pending,0
542403.42,Vehicle,Manipal Hospital,6,1,Chennai,Approved,0
315450.06,Medical,Max Hospital,15,0,Pune,Approved,1
118719.83,Accident,Apollo Hospital,14,1,Hyderabad,Pending,1
64637.46,Vehicle,AIIMS,17,1,Nashik,Approved,0
271298.73,Theft,KEM Hospital,5,0,Delhi,Approved,1
534139.89,Medical,Max Hospital,16,1,Raipur,Rejected,1
551062.15,Vehicle,Manipal Hospital,15,1,Nagpur,Approved,1
525815.43,Theft,Fortis Hospital,15,1,Raipur,Approved,0
302416.66,Theft,KEM Hospital,8,1,Bengaluru,Pending,0
12654.53,Theft,Manipal Hospital,19,1,Raipur,Rejected,0
145390.5,Vehicle,Ruby Hall Clinic,10,1,Nashik,Pending,0
414125.06,Theft,Manipal Hospital,12,1,Pune,Approved,0
487014.88,Fire,Ruby Hall Clinic,0,1,Hyderabad,Pending,0
6816.16,Theft,Max Hospital,11,1,Chennai,Approved,0
572888.08,Accident,KEM Hospital,15,1,Bengaluru,Pending,1
214553.21,Medical,Max Hospital,0,0,Bengaluru,Approved,0
327454.35,Fire,Ruby Hall Clinic,19,0,Pune,Rejected,1
598290.72,Accident,Fortis Hospital,0,1,Mumbai,Pending,1
104220.44,Vehicle,Fortis Hospital,18,1,Bengaluru,Approved,0
63181.45,Medical,Fortis Hospital,11,0,Nagpur,Pending,1
114114.66,Medical,Max Hospital,11,1,Mumbai,Pending,0
147653.48,Vehicle,KEM Hospital,15,1,Delhi,Pending,1
405288.24,Accident,KEM Hospital,5,1,Nashik,Approved,0
224873.76,Accident,AIIMS,20,1,Nashik,Pending,1
352150.14,Fire,Manipal Hospital,1,1,Chennai,Pending,1
531820.1,Vehicle,Fortis Hospital,15,0,Bengaluru,Approved,0
75457.7,Fire,Manipal Hospital,14,1,Nashik,Approved,0
560381.2,Medical,AIIMS,9,1,Delhi,Approved,0
196795.57,Fire,Max Hospital,17,1,Nashik,Approved,0
79460.23,Medical,Ruby Hall Clinic,10,0,Pune,Approved,0
144728.33,Medical,AIIMS,16,1,Hyderabad,Approved,0
522442.28,Vehicle,Manipal Hospital,0,1,Mumbai,Approved,0
287327.06,Medical,Manipal Hospital,5,0,Nagpur,Approved,0
506784.31,Theft,Apollo Hospital,7,1,Chennai,Pending,0
531521.52,Accident,Ruby Hall Clinic,15,1,Raipur,Pending,1
535342.97,Fire,Fortis Hospital,11,0,Mumbai,Approved,0
288966.26,Theft,Max Hospital,16,1,Nashik,Pending,1
305292.1,Medical,Manipal Hospital,1,1,Nagpur,Approved,0
426203.81,Theft,KEM Hospital,8,1,Pune,Approved,0
276318.01,Accident,Max Hospital,9,1,Chennai,Pending,0
154173.56,Fire,AIIMS,0,1,Chennai,Approved,0
249856.91,Fire,Fortis Hospital,6,0,Delhi,Approved,0
401266.04,Fire,Ruby Hall Clinic,7,1,Delhi,Approved,0
193518.1,Fire,Manipal Hospital,13,0,Bengaluru,Pending,0
159970.38,Medical,Fortis Hospital,6,0,Nashik,Approved,0
380188.81,Medical,AIIMS,11,0,Delhi,Rejected,1
483255.04,Theft,KEM Hospital,18,0,Nagpur,Approved,1
366638.99,Fire,Max Hospital,19,1,Raipur,Approved,1
312601.85,Fire,Apollo Hospital,7,1,Nashik,Approved,0
399615.19,Accident,KEM Hospital,9,1,Mumbai,Rejected,0
324842.42,Accident,Apollo Hospital,0,1,Bengaluru,Approved,0
590187.76,Vehicle,AIIMS,8,1,Chennai,Pending,1
122361.58,Fire,Manipal Hospital,10,0,Delhi,Pending,0
339732.66,Medical,KEM Hospital,11,1,Nashik,Approved,0
262584.67,Medical,Ruby Hall Clinic,13,1,Nagpur,Pending,0
572189.63,Vehicle,Manipal Hospital,2,1,Bengaluru,Approved,0
487069.91,Medical,KEM Hospital,19,0,Raipur,Approved,1
582665.12,Medical,Apollo Hospital,1,1,Nashik,Approved,0
266539.56,Accident,Ruby Hall Clinic,20,0,Pune,Approved,1
136648.33,Medical,AIIMS,5,0,Delhi,Approved,0
326176.74,Medical,Ruby Hall Clinic,13,1,Chennai,Approved,0
67579.86,Fire,Apollo Hospital,1,0,Delhi,Approved,0
160186.38,Fire,KEM Hospital,17,1,Raipur,Approved,0
118217.23,Fire,Max Hospital,14,1,Delhi,Approved,0
256529.28,Fire,KEM Hospital,18,1,Mumbai,Rejected,0
84151.08,Vehicle,AIIMS,7,1,Bengaluru,Pending,0
206203.37,Medical,Fortis Hospital,6,0,Hyderabad,Pending,0
228068.74,Fire,Max Hospital,13,1,Mumbai,Pending,1
115519.54,Fire,KEM Hospital,4,1,Chennai,Approved,0
264083.64,Theft,KEM Hospital,0,1,Nashik,Approved,0
482119.27,Vehicle,Ruby Hall Clinic,15,1,Raipur,Approved,0
264785.39,Accident,Max Hospital,16,1,Bengaluru,Approved,0
179873.26,Fire,Manipal Hospital,7,1,Nagpur,Approved,0
583637.96,Vehicle,Max Hospital,3,1,Mumbai,Approved,0
194261.07,Fire,Ruby Hall Clinic,10,1,Pune,Approved,0
310213.5,Accident,AIIMS,0,1,Bengaluru,Approved,0
350654.2,Accident,Apollo Hospital,20,1,Pune,Pending,1
34864.87,Medical,Fortis Hospital,9,1,Delhi,Rejected,0
154208.09,Fire,Ruby Hall Clinic,19,0,Bengaluru,Approved,0
365025.59,Fire,Manipal Hospital,12,1,Nashik,Approved,1
382381.13,Fire,KEM Hospital,0,1,Nagpur,Approved,0
506891.16,Accident,Apollo Hospital,7,1,Delhi,Approved,0
75020.37,Fire,Max Hospital,16,0,Delhi,Approved,0
120581.97,Accident,Fortis Hospital,9,1,Mumbai,Rejected,0
256545.09,Vehicle,Fortis Hospital,1,1,Hyderabad,Rejected,0
235753.41,Medical,Apollo Hospital,8,1,Bengaluru,Approved,0
229332.23,Accident,Max Hospital,5,1,Delhi,Approved,0
141345.67,Fire,Max Hospital,17,1,Chennai,Approved,0
83883.95,Fire,AIIMS,19,1,Pune,Pending,0
306056.36,Vehicle,Max Hospital,11,1,Hyderabad,Pending,1
550781.26,Fire,Max Hospital,6,1,Raipur,Rejected,0
434850.76,Theft,Ruby Hall Clinic,19,1,Bengaluru,Approved,1
175673.18,Accident,Manipal Hospital,15,0,Hyderabad,Approved,1
518114.46,Theft,Max Hospital,7,1,Hyderabad,Pending,1
130969.03,Fire,Ruby Hall Clinic,4,0,Chennai,Rejected,0
177584.58,Medical,Apollo Hospital,1,1,Hyderabad,Approved,0
386754.93,Fire,Ruby Hall Clinic,14,0,Mumbai,Rejected,1
594627.37,Accident,KEM Hospital,7,1,Pune,Pending,1
529423.67,Fire,Ruby Hall Clinic,7,1,Nagpur,Approved,0
88731.91,Theft,Apollo Hospital,19,1,Nagpur,Approved,0
215460.15,Fire,Manipal Hospital,1,0,Nagpur,Approved,0
246208.77,Theft,Ruby Hall Clinic,19,1,Raipur,Approved,0
388065.54,Accident,Max Hospital,16,1,Chennai,Approved,1
417518.75,Vehicle,Fortis Hospital,4,1,Nashik,Approved,0
423752.6,Vehicle,Ruby Hall Clinic,12,1,Hyderabad,Approved,1
325285.75,Vehicle,Max Hospital,17,0,Mumbai,Pending,1
54016.62,Fire,Fortis Hospital,9,0,Mumbai,Approved,0
284253.62,Theft,AIIMS,9,1,Nagpur,Approved,0
138372.66,Theft,KEM Hospital,15,1,Hyderabad,Pending,1
572174.04,Accident,Apollo Hospital,3,0,Nagpur,Approved,1
158523.98,Theft,Max Hospital,2,1,Delhi,Rejected,0
216887.51,Vehicle,AIIMS,6,1,Raipur,Rejected,0
434909.58,Vehicle,Fortis Hospital,18,1,Hyderabad,Approved,1
23473.57,Accident,Ruby Hall Clinic,6,1,Hyderabad,Approved,0
71000.53,Fire,AIIMS,8,1,Raipur,Approved,0
544707.85,Theft,Manipal Hospital,10,1,Delhi,Pending,1
38671.14,Theft,Apollo Hospital,15,1,Nagpur,Pending,1
423672.56,Theft,Fortis Hospital,20,1,Pune,Pending,1
505586.98,Theft,AIIMS,10,0,Mumbai,Rejected,1
423868.27,Medical,Ruby Hall Clinic,2,1,Nagpur,Approved,0
71825.35,Theft,Ruby Hall Clinic,5,1,Hyderabad,Approved,0
436936.87,Theft,Ruby Hall Clinic,1,1,Raipur,Pending,0
590808.69,Theft,Apollo Hospital,19,1,Delhi,Pending,1
155571.32,Fire,Ruby Hall Clinic,17,0,Nagpur,Pending,1
65908.09,Vehicle,Ruby Hall Clinic,4,1,Nashik,Approved,0
69787.38,Vehicle,AIIMS,17,1,Pune,Rejected,0
462248.17,Medical,Max Hospital,11,0,Delhi,Pending,1
40888.88,Medical,Max Hospital,7,0,Hyderabad,Rejected,0
171590.58,Vehicle,Apollo Hospital,2,1,Pune,Approved,0
6972.62,Fire,KEM Hospital,13,0,Nashik,Approved,0
506146.09,Accident,Manipal Hospital,7,1,Pune,Approved,0
292763.17,Theft,Max Hospital,9,1,Bengaluru,Pending,0
430113.86,Vehicle,Max Hospital,15,1,Nagpur,Approved,0
183049.75,Accident,Apollo Hospital,1,1,Chennai,Approved,0
542804.44,Vehicle,Apollo Hospital,10,1,Raipur,Pending,1
445438.74,Medical,KEM Hospital,13,0,Raipur,Pending,1
421604.98,Theft,Ruby Hall Clinic,18,1,Chennai,Rejected,0
345548.12,Vehicle,Max Hospital,19,1,Nagpur,Approved,0
116013.06,Vehicle,KEM Hospital,3,1,Bengaluru,Rejected,0
593125.66,Medical,Fortis Hospital,2,0,Hyderabad,Rejected,0
404528.69,Accident,Manipal Hospital,14,1,Chennai,Approved,1
125882.62,Medical,AIIMS,13,0,Bengaluru,Approved,0
33059.08,Medical,Apollo Hospital,5,0,Bengaluru,Approved,0
317393.28,Fire,AIIMS,17,1,Hyderabad,Approved,1
88744.25,Vehicle,Fortis Hospital,14,1,Nashik,Pending,1
511334.9,Fire,Max Hospital,16,0,Pune,Approved,1
423066.2,Medical,Ruby Hall Clinic,17,1,Raipur,Approved,1
486006.4,Theft,Max Hospital,20,1,Delhi,Pending,1
480402.69,Accident,Apollo Hospital,0,1,Raipur,Rejected,0
179251.28,Medical,Manipal Hospital,20,1,Nagpur,Pending,0
319592.46,Theft,Manipal Hospital,0,1,Raipur,Approved,0
278371.26,Medical,Fortis Hospital,4,0,Pune,Approved,0
501046.95,Medical,Ruby Hall Clinic,0,0,Mumbai,Approved,0
328052.4,Fire,Ruby Hall Clinic,8,0,Nagpur,Approved,0
255807.38,Medical,Apollo Hospital,17,0,Delhi,Pending,1
312157.39,Medical,Fortis Hospital,0,0,Delhi,Approved,0
525106.78,Accident,Fortis Hospital,12,1,Bengaluru,Approved,1
121075.01,Fire,Ruby Hall Clinic,18,1,Hyderabad,Pending,1
8228.27,Medical,Max Hospital,5,0,Nagpur,Pending,0
217215.82,Vehicle,Fortis Hospital,16,1,Nagpur,Pending,1
438233.3,Medical,Fortis Hospital,3,1,Delhi,Approved,0
186803.31,Accident,AIIMS,19,1,Pune,Approved,0
168055.36,Theft,Max Hospital,1,1,Chennai,Approved,0
204495.09,Medical,KEM Hospital,11,1,Nagpur,Pending,0
169171.16,Fire,Max Hospital,9,1,Chennai,Approved,0
353048.18,Fire,Apollo Hospital,19,1,Chennai,Approved,1
279974.58,Theft,Manipal Hospital,5,1,Hyderabad,Approved,0
334120.43,Accident,Apollo Hospital,12,0,Hyderabad,Pending,1
275807.77,Medical,Max Hospital,17,0,Nashik,Rejected,0
294004.8,Fire,Fortis Hospital,17,1,Hyderabad,Rejected,0
594992.03,Accident,Apollo Hospital,20,1,Bengaluru,Pending,1
273642.74,Accident,Apollo Hospital,10,1,Delhi,Pending,0
351734.0,Vehicle,Ruby Hall Clinic,1,1,Chennai,Approved,0
410289.97,Accident,Apollo Hospital,3,1,Nashik,Approved,0
229791.47,Fire,Fortis Hospital,6,0,Chennai,Approved,0
323067.89,Theft,KEM Hospital,11,1,Chennai,Pending,1
278287.16,Theft,Max Hospital,8,1,Raipur,Pending,0
583482.95,Theft,Ruby Hall Clinic,11,1,Pune,Approved,1
105372.39,Vehicle,KEM Hospital,8,1,Pune,Pending,0
464813.54,Vehicle,Apollo Hospital,12,1,Raipur,Approved,1
301474.82,Accident,Fortis Hospital,20,1,Raipur,Approved,1
35521.81,Vehicle,Max Hospital,11,1,Pune,Approved,0
116168.03,Medical,Manipal Hospital,15,1,Nagpur,Approved,0
142684.29,Fire,AIIMS,1,0,Chennai,Rejected,0
360409.69,Accident,AIIMS,20,1,Chennai,Approved,1
398900.72,Theft,Apollo Hospital,14,1,Nagpur,Approved,1
201412.37,Medical,Apollo Hospital,13,0,Delhi,Pending,1
426543.87,Accident,Ruby Hall Clinic,2,1,Bengaluru,Pending,1
205552.7,Vehicle,Max Hospital,14,1,Delhi,Approved,0
106589.52,Fire,AIIMS,2,1,Nashik,Approved,0
262017.94,Medical,Ruby Hall Clinic,16,1,Raipur,Pending,0
489064.84,Medical,Apollo Hospital,1,0,Chennai,Approved,0
160325.21,Fire,KEM Hospital,9,0,Delhi,Rejected,0
89479.17,Medical,Apollo Hospital,10,1,Hyderabad,Approved,0
238277.48,Medical,Fortis Hospital,15,1,Delhi,Approved,0
204989.52,Vehicle,KEM Hospital,16,0,Raipur,Pending,1
385796.48,Vehicle,AIIMS,7,1,Nagpur,Approved,0
421494.15,Theft,Apollo Hospital,3,1,Nagpur,Approved,0
527915.04,Vehicle,AIIMS,1,1,Nagpur,Approved,0
213552.11,Medical,Manipal Hospital,9,1,Delhi,Rejected,0
153500.69,Vehicle,Apollo Hospital,18,1,Hyderabad,Rejected,0
101408.67,Fire,AIIMS,9,0,Bengaluru,Approved,0
132471.4,Vehicle,Fortis Hospital,10,1,Delhi,Rejected,0
529134.13,Theft,KEM Hospital,4,1,Delhi,Approved,0
368893.46,Vehicle,Max Hospital,3,1,Bengaluru,Rejected,0
188204.42,Theft,Fortis Hospital,17,1,Nashik,Rejected,0
324908.55,Theft,Manipal Hospital,4,1,Chennai,Approved,0
376167.13,Theft,Max Hospital,20,1,Hyderabad,Approved,1
42956.89,Medical,AIIMS,6,0,Pune,Rejected,0
391232.8,Fire,Max Hospital,4,1,Mumbai,Approved,0
413648.01,Theft,Fortis Hospital,20,1,Hyderabad,Approved,0
561885.37,Fire,Manipal Hospital,20,1,Pune,Rejected,1
330416.62,Vehicle,Max Hospital,15,1,Mumbai,Approved,1
560371.93,Fire,Manipal Hospital,11,1,Nagpur,Pending,1
129271.14,Medical,Manipal Hospital,15,1,Mumbai,Approved,0
218002.99,Accident,Ruby Hall Clinic,1,1,Bengaluru,Pending,0
584732.1,Theft,Manipal Hospital,12,1,Bengaluru,Rejected,1
13741.72,Fire,Ruby Hall Clinic,0,0,Chennai,Pending,0
71691.4,Medical,KEM Hospital,1,1,Mumbai,Approved,0
310161.55,Accident,Manipal Hospital,17,1,Raipur,Approved,0
375391.4,Vehicle,Apollo Hospital,6,1,Nashik,Pending,1
430685.8,Accident,Manipal Hospital,6,1,Pune,Approved,0
12865.56,Medical,KEM Hospital,15,0,Delhi,Approved,0
161235.98,Fire,Fortis Hospital,17,1,Nashik,Approved,0
455355.84,Fire,AIIMS,12,1,Hyderabad,Approved,1
99956.07,Fire,Max Hospital,10,1,Delhi,Approved,0
518528.12,Vehicle,Fortis Hospital,8,1,Mumbai,Rejected,0
306648.23,Vehicle,Manipal Hospital,0,1,Bengaluru,Approved,0
153568.26,Vehicle,AIIMS,5,1,Hyderabad,Approved,0
252110.76,Accident,AIIMS,5,1,Delhi,Approved,0
252398.75,Theft,Max Hospital,0,1,Delhi,Pending,0
249705.47,Medical,Ruby Hall Clinic,19,0,Nagpur,Approved,0
37110.32,Medical,Apollo Hospital,5,1,Bengaluru,Approved,0
275751.07,Fire,Apollo Hospital,11,1,Delhi,Approved,0
493870.5,Theft,Max Hospital,9,1,Nagpur,Rejected,0
584930.56,Theft,KEM Hospital,19,1,Nagpur,Rejected,1
206117.84,Vehicle,KEM Hospital,5,1,Chennai,Pending,0
81835.88,Medical,Manipal Hospital,11,1,Nagpur,Rejected,0
530533.31,Theft,Apollo Hospital,5,1,Nagpur,Approved,0
380041.71,Fire,Ruby Hall Clinic,7,0,Chennai,Pending,1
531605.4,Accident,KEM Hospital,20,1,Pune,Pending,1
84209.03,Fire,Apollo Hospital,17,1,Chennai,Approved,0
145536.82,Theft,Manipal Hospital,3,1,Raipur,Approved,0
170977.89,Vehicle,KEM Hospital,12,1,Hyderabad,Rejected,0
485938.76,Fire,AIIMS,2,0,Mumbai,Rejected,0
339157.03,Vehicle,AIIMS,14,1,Bengaluru,Pending,1
345230.21,Medical,Ruby Hall Clinic,15,1,Hyderabad,Approved,1
475588.68,Medical,Fortis Hospital,10,0,Nashik,Approved,0
98608.05,Vehicle,Fortis Hospital,10,1,Bengaluru,Rejected,0
5672.38,Medical,AIIMS,11,1,Raipur,Approved,0
550184.12,Medical,Apollo Hospital,0,1,Mumbai,Approved,0
231311.39,Accident,Apollo Hospital,9,1,Nashik,Pending,0
358874.23,Vehicle,Manipal Hospital,8,1,Mumbai,Approved,0
560153.65,Accident,AIIMS,6,1,Bengaluru,Rejected,0
261770.09,Medical,Max Hospital,12,1,Bengaluru,Pending,0
361102.89,Theft,Ruby Hall Clinic,2,1,Hyderabad,Approved,0
59222.89,Fire,Ruby Hall Clinic,14,0,Chennai,Pending,1
119123.13,Vehicle,Ruby Hall Clinic,15,1,Delhi,Approved,0
143332.3,Fire,Ruby Hall Clinic,18,0,Bengaluru,Approved,0
91878.84,Accident,AIIMS,18,1,Mumbai,Approved,0
457731.61,Theft,KEM Hospital,4,0,Pune,Approved,1
495996.26,Theft,Apollo Hospital,18,1,Pune,Rejected,0
285878.23,Medical,AIIMS,9,1,Delhi,Approved,0
397481.46,Medical,AIIMS,1,1,Nagpur,Approved,0
73049.79,Accident,Apollo Hospital,20,0,Pune,Pending,1
152127.1,Medical,Max Hospital,15,0,Nashik,Approved,0
598712.76,Fire,Max Hospital,15,1,Nagpur,Pending,1
565259.06,Fire,KEM Hospital,5,1,Hyderabad,Rejected,0
573408.9,Accident,Max Hospital,6,1,Chennai,Rejected,0
495830.7,Theft,Apollo Hospital,11,1,Nagpur,Approved,1
287266.16,Fire,Ruby Hall Clinic,15,0,Delhi,Approved,0
447819.27,Accident,Max Hospital,17,1,Raipur,Pending,1
225581.16,Fire,KEM Hospital,3,1,Nashik,Pending,0
475144.82,Fire,Ruby Hall Clinic,18,0,Nashik,Approved,0
506057.43,Medical,Ruby Hall Clinic,11,0,Bengaluru,Approved,0
549480.83,Medical,Max Hospital,0,1,Chennai,Approved,0
280727.02,Fire,Max Hospital,14,1,Bengaluru,Approved,0
368185.11,Theft,Max Hospital,20,1,Delhi,Pending,1
521162.87,Vehicle,Manipal Hospital,20,0,Bengaluru,Approved,0
326913.64,Medical,Manipal Hospital,16,1,Delhi,Approved,0
315071.41,Medical,KEM Hospital,15,1,Pune,Approved,1
22692.69,Accident,Max Hospital,5,1,Bengaluru,Rejected,0
559831.65,Theft,KEM Hospital,8,1,Chennai,Rejected,0
292539.87,Vehicle,Fortis Hospital,17,1,Delhi,Approved,0
477488.44,Accident,AIIMS,4,1,Bengaluru,Rejected,0
486603.48,Vehicle,Apollo Hospital,18,1,Nashik,Approved,1
593138.17,Vehicle,Max Hospital,14,1,Nashik,Approved,1
571929.16,Accident,Apollo Hospital,18,1,Nagpur,Approved,1
81235.46,Fire,Manipal Hospital,19,1,Nashik,Rejected,0
133669.63,Accident,Ruby Hall Clinic,13,1,Bengaluru,Pending,1
389894.88,Medical,AIIMS,14,0,Chennai,Pending,1
417151.01,Vehicle,Fortis Hospital,3,1,Hyderabad,Approved,0
565568.09,Vehicle,KEM Hospital,4,1,Pune,Approved,0
55458.03,Vehicle,KEM Hospital,12,1,Hyderabad,Approved,0
515657.14,Fire,AIIMS,8,1,Chennai,Pending,1
581393.88,Medical,Apollo Hospital,13,1,Pune,Approved,1
367659.14,Theft,Max Hospital,2,1,Hyderabad,Approved,0
283493.99,Fire,Fortis Hospital,7,1,Nagpur,Approved,0
560069.42,Theft,Ruby Hall Clinic,14,1,Raipur,Approved,1
440571.75,Medical,KEM Hospital,11,0,Delhi,Approved,0
382957.57,Fire,AIIMS,15,1,Nagpur,Approved,1
391263.07,Accident,Max Hospital,4,1,Nagpur,Approved,0
221723.18,Accident,AIIMS,4,1,Raipur,Approved,0
224472.16,Theft,KEM Hospital,1,1,Bengaluru,Approved,0
236798.6,Fire,Apollo Hospital,3,1,Raipur,Pending,0
326175.06,Accident,Ruby Hall Clinic,10,0,Raipur,Approved,1
371085.41,Theft,KEM Hospital,6,0,Nashik,Approved,1
522208.76,Vehicle,Apollo Hospital,7,1,Chennai,Approved,0
65204.66,Vehicle,AIIMS,8,1,Nagpur,Approved,0
80745.57,Fire,Ruby Hall Clinic,5,1,Mumbai,Approved,0
287283.95,Fire,AIIMS,2,1,Delhi,Rejected,0
38420.25,Accident,Apollo Hospital,11,1,Mumbai,Approved,0
214390.66,Accident,Apollo Hospital,2,1,Hyderabad,Approved,0
482179.55,Medical,Apollo Hospital,4,0,Chennai,Pending,0
165327.14,Accident,Max Hospital,9,1,Mumbai,Rejected,0
406247.19,Theft,AIIMS,17,1,Chennai,Pending,1
544190.91,Accident,Manipal Hospital,1,1,Chennai,Rejected,0
405415.59,Medical,KEM Hospital,6,1,Hyderabad,Approved,0
176057.67,Fire,KEM Hospital,1,0,Bengaluru,Pending,0
577574.16,Vehicle,AIIMS,11,1,Pune,Approved,1
318282.57,Medical,Max Hospital,7,0,Raipur,Approved,0
55710.97,Accident,Manipal Hospital,7,1,Nagpur,Approved,0
403673.01,Fire,Manipal Hospital,12,1,Nashik,Approved,1
226716.98,Accident,Fortis Hospital,14,1,Hyderabad,Approved,0
317810.0,Vehicle,Manipal Hospital,18,1,Nagpur,Approved,1
302822.7,Accident,AIIMS,18,1,Delhi,Pending,1
584354.01,Vehicle,KEM Hospital,13,1,Bengaluru,Pending,1
34301.0,Theft,Max Hospital,18,1,Pune,Approved,0
119821.01,Accident,Manipal Hospital,20,1,Delhi,Approved,0
335606.77,Accident,Manipal Hospital,1,1,Delhi,Approved,0
374156.11,Fire,Fortis Hospital,20,0,Chennai,Approved,1
345865.24,Vehicle,Ruby Hall Clinic,0,0,Nashik,Approved,0
407487.44,Fire,Apollo Hospital,8,0,Nashik,Pending,1
46744.29,Accident,Apollo Hospital,3,1,Nagpur,Approved,0
574614.56,Fire,Fortis Hospital,19,1,Mumbai,Approved,1
90681.06,Medical,Ruby Hall Clinic,9,0,Raipur,Rejected,0
298283.14,Theft,Manipal Hospital,9,0,Delhi,Rejected,0
229422.81,Accident,Ruby Hall Clinic,14,1,Hyderabad,Pending,0
34656.92,Medical,Max Hospital,19,0,Hyderabad,Pending,1
23537.86,Theft,Apollo Hospital,17,1,Bengaluru,Pending,0
152097.0,Fire,KEM Hospital,13,1,Delhi,Pending,1
547388.62,Fire,Manipal Hospital,3,1,Delhi,Rejected,0
281514.8,Vehicle,Apollo Hospital,17,1,Nashik,Rejected,0
324409.3,Medical,Manipal Hospital,16,1,Raipur,Approved,0
490092.81,Fire,Manipal Hospital,13,1,Pune,Approved,1
188217.39,Fire,Ruby Hall Clinic,0,1,Raipur,Pending,0
41191.91,Medical,Max Hospital,10,0,Nashik,Approved,0
55933.27,Medical,Max Hospital,5,0,Nashik,Approved,0
154148.72,Accident,Manipal Hospital,17,1,Raipur,Rejected,0
567698.75,Medical,AIIMS,10,0,Nashik,Rejected,0
17646.19,Vehicle,Fortis Hospital,14,1,Bengaluru,Approved,0
394377.73,Accident,AIIMS,17,1,Mumbai,Approved,1
283414.85,Fire,Max Hospital,20,1,Pune,Pending,1
122505.4,Vehicle,Apollo Hospital,18,1,Pune,Approved,0
15196.04,Vehicle,KEM Hospital,13,1,Mumbai,Approved,0
286252.2,Fire,Fortis Hospital,9,1,Mumbai,Approved,0
11134.48,Theft,KEM Hospital,4,1,Nashik,Approved,0
286824.53,Theft,AIIMS,0,1,Nagpur,Approved,0
147333.74,Medical,Ruby Hall Clinic,19,0,Delhi,Pending,0
428259.57,Accident,KEM Hospital,6,1,Nagpur,Approved,0
498940.23,Theft,Apollo Hospital,19,1,Bengaluru,Pending,1
179894.02,Medical,AIIMS,13,0,Raipur,Pending,1
591119.19,Accident,Apollo Hospital,2,1,Raipur,Rejected,0
70974.86,Medical,Apollo Hospital,0,0,Bengaluru,Approved,0
73078.53,Theft,Ruby Hall Clinic,5,1,Chennai,Approved,0
469671.27,Accident,Apollo Hospital,12,1,Bengaluru,Rejected,1
193416.8,Medical,Ruby Hall Clinic,14,1,Chennai,Approved,0
73929.17,Fire,AIIMS,11,1,Bengaluru,Approved,0
445568.45,Fire,KEM Hospital,5,0,Raipur,Pending,1
373082.18,Fire,Manipal Hospital,12,1,Raipur,Approved,1
73419.2,Vehicle,Fortis Hospital,16,1,Nashik,Rejected,0
450957.06,Accident,Fortis Hospital,2,0,Chennai,Pending,1
417181.52,Medical,KEM Hospital,15,0,Mumbai,Approved,1
475700.31,Vehicle,Apollo Hospital,13,1,Raipur,Approved,0
411233.64,Fire,Ruby Hall Clinic,19,1,Delhi,Approved,0
463789.95,Theft,Apollo Hospital,19,1,Delhi,Pending,1
172906.02,Medical,Ruby Hall Clinic,3,0,Chennai,Approved,0
26001.85,Medical,Fortis Hospital,18,0,Pune,Approved,0
239745.06,Fire,Apollo Hospital,0,0,Mumbai,Rejected,0
162831.98,Accident,Ruby Hall Clinic,10,1,Mumbai,Approved,0
276779.27,Vehicle,Manipal Hospital,0,1,Chennai,Approved,0
281587.51,Accident,Max Hospital,12,1,Pune,Rejected,0
536466.69,Fire,Ruby Hall Clinic,12,0,Bengaluru,Pending,1
400427.14,Vehicle,Apollo Hospital,11,1,Chennai,Approved,0
440436.27,Vehicle,Manipal Hospital,10,0,Bengaluru,Approved,0
38271.11,Accident,Manipal Hospital,9,0,Pune,Rejected,0
546135.07,Fire,KEM Hospital,3,1,Nagpur,Pending,0
177878.1,Theft,AIIMS,7,1,Hyderabad,Rejected,0
306074.69,Fire,Ruby Hall Clinic,17,1,Bengaluru,Approved,1
226882.28,Vehicle,Manipal Hospital,16,1,Bengaluru,Rejected,0
252766.38,Vehicle,Apollo Hospital,15,1,Pune,Approved,0
536745.06,Medical,Manipal Hospital,16,1,Nashik,Approved,1
274122.72,Accident,Apollo Hospital,2,1,Hyderabad,Approved,0
230743.26,Vehicle,Max Hospital,17,1,Pune,Approved,0
206392.53,Theft,KEM Hospital,7,0,Bengaluru,Approved,0
430802.14,Fire,Max Hospital,18,1,Raipur,Rejected,0
496989.21,Theft,Apollo Hospital,7,1,Chennai,Approved,0
513626.73,Medical,Manipal Hospital,2,0,Raipur,Rejected,0
208501.32,Accident,Max Hospital,0,1,Mumbai,Pending,0
365656.29,Theft,Manipal Hospital,16,1,Mumbai,Rejected,0
137024.41,Theft,Fortis Hospital,16,1,Delhi,Pending,0
521374.48,Vehicle,KEM Hospital,11,1,Delhi,Approved,0
315179.03,Theft,Apollo Hospital,20,1,Mumbai,Approved,0
560445.74,Vehicle,Ruby Hall Clinic,2,1,Delhi,Approved,0
82651.79,Fire,Manipal Hospital,13,0,Pune,Approved,0
397500.58,Vehicle,Apollo Hospital,19,1,Nagpur,Approved,1
525350.84,Fire,Manipal Hospital,20,0,Hyderabad,Approved,0
44829.84,Medical,Ruby Hall Clinic,7,1,Chennai,Approved,0
260159.97,Fire,Apollo Hospital,2,0,Chennai,Approved,0
305535.13,Medical,Apollo Hospital,4,1,Delhi,Approved,0
411441.83,Accident,KEM Hospital,17,1,Raipur,Approved,0
14071.27,Theft,Fortis Hospital,14,1,Raipur,Pending,0
588687.51,Accident,Manipal Hospital,6,0,Chennai,Approved,1
300154.67,Medical,Max Hospital,5,0,Nagpur,Approved,0
147789.18,Theft,Fortis Hospital,19,1,Hyderabad,Approved,0
287006.58,Accident,Fortis Hospital,10,1,Raipur,Approved,0
417437.17,Accident,Apollo Hospital,7,1,Delhi,Rejected,0
106581.14,Accident,Fortis Hospital,20,1,Nashik,Approved,0
315362.26,Vehicle,Fortis Hospital,2,0,Bengaluru,Rejected,0
123945.07,Vehicle,Apollo Hospital,15,1,Chennai,Approved,0
520284.67,Accident,Ruby Hall Clinic,20,1,Hyderabad,Approved,1
263706.66,Fire,Max Hospital,12,1,Nagpur,Rejected,0
320047.49,Accident,Fortis Hospital,14,1,Chennai,Pending,1
83787.03,Medical,Manipal Hospital,16,0,Nashik,Approved,0
463440.15,Medical,Manipal Hospital,4,0,Chennai,Approved,0
259437.58,Accident,Max Hospital,6,1,Bengaluru,Pending,0
224403.03,Vehicle,AIIMS,8,1,Chennai,Pending,0
188500.5,Fire,Apollo Hospital,12,1,Hyderabad,Rejected,0
364794.94,Vehicle,AIIMS,2,1,Chennai,Approved,0
498825.01,Fire,Apollo Hospital,9,1,Delhi,Approved,0
468153.72,Accident,KEM Hospital,19,0,Bengaluru,Approved,1
464667.44,Fire,AIIMS,13,1,Delhi,Pending,1
325912.93,Medical,Apollo Hospital,12,1,Chennai,Pending,1
169467.31,Theft,Ruby Hall Clinic,10,1,Nagpur,Approved,0
588491.17,Medical,Max Hospital,10,0,Raipur,Approved,0
405820.91,Accident,Apollo Hospital,13,1,Mumbai,Approved,0
10474.72,Vehicle,Ruby Hall Clinic,10,1,Mumbai,Approved,0
157278.72,Medical,KEM Hospital,11,1,Chennai,Approved,0
251773.68,Accident,Apollo Hospital,16,1,Chennai,Rejected,0
352059.54,Theft,Manipal Hospital,15,1,Delhi,Pending,1
289413.96,Theft,AIIMS,8,1,Nagpur,Pending,0
337947.2,Theft,KEM Hospital,1,1,Chennai,Rejected,0
246473.87,Vehicle,AIIMS,20,1,Mumbai,Approved,0
579146.93,Medical,Apollo Hospital,5,0,Nagpur,Approved,0
90566.94,Vehicle,Max Hospital,10,0,Pune,Pending,0
262513.02,Fire,Fortis Hospital,16,1,Bengaluru,Approved,0
366834.05,Accident,KEM Hospital,0,1,Nashik,Approved,0
25941.06,Theft,KEM Hospital,4,1,Delhi,Pending,0
572692.94,Medical,Max Hospital,7,1,Hyderabad,Approved,0
469939.86,Theft,Apollo Hospital,14,1,Bengaluru,Approved,0
318278.39,Fire,Max Hospital,0,1,Chennai,Approved,0
227956.09,Accident,Fortis Hospital,17,1,Mumbai,Approved,0
252456.92,Fire,KEM Hospital,1,0,Raipur,Approved,0
285919.56,Fire,KEM Hospital,3,0,Chennai,Approved,0
295980.8,Theft,KEM Hospital,17,1,Chennai,Approved,0
483234.33,Vehicle,Max Hospital,15,1,Mumbai,Approved,0
256008.7,Fire,Ruby Hall Clinic,9,0,Hyderabad,Pending,0
152349.28,Vehicle,AIIMS,18,1,Chennai,Rejected,0
127717.23,Theft,KEM Hospital,11,1,Raipur,Approved,0
476298.17,Accident,KEM Hospital,3,1,Hyderabad,Approved,0
166199.16,Fire,Fortis Hospital,4,1,Bengaluru,Pending,0
273274.69,Theft,Apollo Hospital,14,1,Nagpur,Approved,0
80811.43,Vehicle,Max Hospital,15,1,Bengaluru,Pending,1
497822.92,Theft,Fortis Hospital,19,0,Bengaluru,Approved,1
148951.54,Medical,Fortis Hospital,13,1,Chennai,Pending,1
335561.28,Theft,AIIMS,5,0,Pune,Approved,1
251402.79,Accident,Fortis Hospital,6,1,Mumbai,Rejected,0
436874.03,Theft,Max Hospital,12,1,Bengaluru,Approved,1
361179.78,Medical,Max Hospital,2,0,Delhi,Pending,1
511985.66,Accident,KEM Hospital,16,1,Chennai,Approved,0
308636.87,Vehicle,AIIMS,12,1,Bengaluru,Rejected,1
259750.5,Medical,Apollo Hospital,9,1,Raipur,Approved,0
236714.08,Medical,Max Hospital,15,1,Hyderabad,Pending,1
310747.76,Accident,AIIMS,3,1,Pune,Rejected,0
543215.5,Medical,KEM Hospital,12,1,Bengaluru,Approved,0
375691.93,Accident,AIIMS,13,1,Bengaluru,Rejected,0
31617.07,Theft,Max Hospital,0,1,Hyderabad,Approved,0
232556.57,Accident,AIIMS,3,1,Raipur,Pending,0
296529.55,Vehicle,Ruby Hall Clinic,0,1,Nashik,Pending,0
441705.04,Accident,KEM Hospital,7,0,Raipur,Pending,1
221652.14,Fire,AIIMS,14,1,Nashik,Pending,1
389539.58,Medical,Max Hospital,1,0,Mumbai,Pending,1
319176.14,Accident,Fortis Hospital,14,1,Delhi,Approved,0
333113.4,Medical,Apollo Hospital,12,0,Hyderabad,Approved,1
356984.14,Medical,AIIMS,11,1,Nashik,Rejected,0
279992.29,Fire,Apollo Hospital,7,0,Bengaluru,Rejected,0
272900.69,Accident,Max Hospital,19,1,Mumbai,Rejected,0
493169.16,Vehicle,KEM Hospital,6,1,Mumbai,Approved,0
419431.22,Theft,Max Hospital,9,1,Chennai,Approved,0
452028.9,Fire,KEM Hospital,6,0,Chennai,Approved,0
300136.55,Medical,AIIMS,6,0,Mumbai,Pending,0
596962.72,Medical,Apollo Hospital,3,0,Nagpur,Approved,0
281439.35,Fire,Max Hospital,5,0,Mumbai,Approved,0
178550.05,Accident,Ruby Hall Clinic,10,1,Chennai,Approved,0
307928.95,Accident,KEM Hospital,1,1,Nagpur,Approved,0
490057.33,Fire,Ruby Hall Clinic,3,1,Pune,Pending,0
142341.47,Fire,Ruby Hall Clinic,16,1,Mumbai,Approved,0
40045.1,Accident,AIIMS,5,1,Mumbai,Approved,0
235134.98,Medical,Max Hospital,14,0,Chennai,Pending,1
134743.23,Medical,AIIMS,2,0,Bengaluru,Approved,0
271202.01,Accident,KEM Hospital,19,0,Nashik,Approved,1
511023.96,Medical,Manipal Hospital,8,0,Nashik,Rejected,0
596200.07,Theft,Max Hospital,4,1,Nagpur,Approved,0
22309.65,Accident,Max Hospital,17,1,Delhi,Pending,1
370714.23,Vehicle,Fortis Hospital,4,1,Nagpur,Approved,0
472884.74,Theft,Manipal Hospital,6,1,Delhi,Approved,0
561192.8,Accident,Ruby Hall Clinic,12,0,Raipur,Approved,1
87047.31,Medical,Ruby Hall Clinic,8,0,Pune,Approved,0
180859.11,Vehicle,KEM Hospital,14,1,Hyderabad,Approved,0
284554.87,Vehicle,KEM Hospital,13,1,Nagpur,Rejected,0
526075.68,Fire,KEM Hospital,10,1,Mumbai,Pending,1
93237.61,Fire,Manipal Hospital,1,0,Nagpur,Approved,0
439540.55,Vehicle,Manipal Hospital,18,1,Nagpur,Approved,0
535427.48,Accident,Ruby Hall Clinic,13,1,Hyderabad,Pending,1
38060.74,Vehicle,Fortis Hospital,19,0,Nashik,Approved,0
557421.15,Theft,Fortis Hospital,2,1,Chennai,Pending,1
328383.11,Vehicle,Manipal Hospital,18,1,Nagpur,Approved,1
174193.88,Fire,KEM Hospital,19,0,Bengaluru,Approved,0
66338.8,Fire,Ruby Hall Clinic,15,0,Delhi,Approved,0
477766.88,Fire,Ruby Hall Clinic,15,0,Nagpur,Rejected,1
392030.07,Fire,Fortis Hospital,11,1,Mumbai,Pending,1
360898.97,Accident,KEM Hospital,8,1,Pune,Rejected,0
134802.53,Theft,Ruby Hall Clinic,9,1,Chennai,Pending,0
133943.49,Medical,KEM Hospital,9,1,Delhi,Pending,0
334207.66,Fire,KEM Hospital,8,0,Delhi,Rejected,0
234275.72,Accident,Ruby Hall Clinic,8,1,Pune,Rejected,0
158354.11,Medical,KEM Hospital,14,0,Delhi,Approved,0
579570.43,Theft,Manipal Hospital,18,1,Hyderabad,Approved,0
152583.58,Vehicle,Manipal Hospital,1,1,Nashik,Approved,0
422410.0,Fire,Ruby Hall Clinic,1,1,Nashik,Approved,0
40024.66,Theft,Ruby Hall Clinic,17,1,Nashik,Approved,0
489658.02,Fire,Apollo Hospital,0,1,Bengaluru,Approved,0
242309.69,Fire,KEM Hospital,16,0,Raipur,Pending,0
110434.05,Fire,Ruby Hall Clinic,13,1,Chennai,Pending,1
67102.24,Theft,Max Hospital,3,1,Nashik,Rejected,0
429542.88,Medical,Ruby Hall Clinic,8,1,Mumbai,Approved,0
487869.51,Accident,AIIMS,1,0,Chennai,Approved,1
91445.63,Theft,Fortis Hospital,15,0,Raipur,Approved,1
428870.45,Accident,Ruby Hall Clinic,18,1,Nagpur,Rejected,0
402245.26,Fire,Ruby Hall Clinic,17,0,Chennai,Rejected,1
551395.5,Vehicle,Manipal Hospital,9,1,Hyderabad,Approved,0
454958.2,Medical,AIIMS,10,1,Chennai,Pending,0
260147.43,Fire,Manipal Hospital,4,0,Delhi,Rejected,0
411834.92,Vehicle,Max Hospital,17,1,Mumbai,Approved,1
88391.23,Accident,AIIMS,7,1,Chennai,Pending,0
429856.7,Theft,Ruby Hall Clinic,16,0,Chennai,Approved,1
25861.06,Vehicle,KEM Hospital,12,0,Nashik,Approved,0
258807.65,Accident,Manipal Hospital,19,1,Pune,Pending,1
265568.72,Medical,Fortis Hospital,14,0,Delhi,Approved,0
49960.57,Medical,Apollo Hospital,16,1,Chennai,Pending,0
108865.63,Accident,AIIMS,17,1,Mumbai,Pending,0
506745.49,Accident,Apollo Hospital,14,1,Nashik,Approved,1
56556.33,Theft,Manipal Hospital,12,1,Hyderabad,Pending,1
230570.54,Fire,Manipal Hospital,1,0,Nashik,Approved,0
504082.7,Accident,Max Hospital,11,1,Chennai,Pending,1
130767.96,Accident,Max Hospital,17,1,Pune,Rejected,0
575639.56,Fire,AIIMS,18,0,Hyderabad,Approved,1
182343.9,Medical,AIIMS,14,0,Hyderabad,Approved,0
251402.23,Vehicle,KEM Hospital,12,1,Delhi,Approved,0
393629.37,Accident,KEM Hospital,17,1,Delhi,Approved,1
130166.52,Medical,Apollo Hospital,17,0,Raipur,Rejected,0
206515.09,Accident,Fortis Hospital,20,1,Bengaluru,Pending,1
107409.5,Vehicle,AIIMS,8,1,Nashik,Pending,0
126774.91,Fire,Manipal Hospital,6,0,Raipur,Approved,0
549502.26,Vehicle,KEM Hospital,18,1,Chennai,Rejected,1
26298.78,Medical,Max Hospital,7,1,Pune,Approved,0
71461.21,Theft,KEM Hospital,16,1,Delhi,Rejected,0
54026.83,Fire,Apollo Hospital,3,0,Hyderabad,Approved,0
234934.65,Fire,KEM Hospital,4,0,Chennai,Rejected,0
516687.76,Accident,Ruby Hall Clinic,1,1,Pune,Rejected,0
9650.47,Fire,AIIMS,12,1,Delhi,Pending,0
530093.8,Fire,Ruby Hall Clinic,0,1,Nashik,Approved,0
451296.55,Medical,Manipal Hospital,4,1,Bengaluru,Approved,0
148399.96,Accident,Fortis Hospital,19,1,Bengaluru,Approved,0
318001.09,Fire,KEM Hospital,11,1,Hyderabad,Rejected,1
155118.6,Fire,Max Hospital,15,1,Delhi,Approved,0
398413.51,Vehicle,Manipal Hospital,4,1,Pune,Approved,0
239264.14,Theft,AIIMS,1,1,Delhi,Pending,0
7221.95,Fire,Fortis Hospital,14,1,Bengaluru,Approved,0
405369.85,Vehicle,Apollo Hospital,17,1,Nagpur,Rejected,0
218408.95,Medical,AIIMS,18,1,Raipur,Approved,0
490897.92,Vehicle,KEM Hospital,15,1,Nagpur,Pending,1
312249.07,Accident,Ruby Hall Clinic,20,1,Nagpur,Approved,0
205951.09,Accident,KEM Hospital,1,0,Delhi,Pending,1
164519.69,Fire,Max Hospital,10,1,Hyderabad,Approved,0
562507.44,Accident,Apollo Hospital,6,1,Nagpur,Approved,0
286663.59,Fire,Ruby Hall Clinic,19,1,Pune,Rejected,0
558728.08,Accident,AIIMS,19,1,Hyderabad,Approved,1
486942.57,Vehicle,KEM Hospital,18,1,Hyderabad,Approved,1
117872.1,Fire,Fortis Hospital,1,1,Bengaluru,Approved,0
92048.4,Vehicle,Fortis Hospital,19,1,Bengaluru,Approved,0
526218.33,Vehicle,Apollo Hospital,8,1,Mumbai,Approved,0
476745.4,Medical,Apollo Hospital,6,1,Bengaluru,Approved,0
223888.14,Accident,Max Hospital,1,1,Delhi,Pending,0
29191.91,Theft,KEM Hospital,12,1,Bengaluru,Pending,1
65215.35,Theft,Fortis Hospital,10,1,Raipur,Approved,0
42917.13,Vehicle,Apollo Hospital,17,1,Mumbai,Pending,0
316734.16,Medical,KEM Hospital,4,0,Bengaluru,Approved,0
568629.68,Vehicle,KEM Hospital,5,0,Nagpur,Approved,0
182056.16,Fire,AIIMS,9,0,Nagpur,Approved,0
436449.35,Theft,Max Hospital,15,1,Mumbai,Pending,1
566557.43,Fire,Manipal Hospital,7,0,Nagpur,Pending,1
516952.11,Medical,Ruby Hall Clinic,1,1,Chennai,Pending,0
380472.39,Accident,Apollo Hospital,10,0,Delhi,Approved,1
22046.19,Theft,KEM Hospital,18,1,Bengaluru,Pending,1
349371.74,Accident,Max Hospital,17,1,Delhi,Pending,1
565005.06,Theft,Max Hospital,13,1,Bengaluru,Approved,1
520334.47,Fire,Fortis Hospital,4,1,Raipur,Approved,0
599773.94,Theft,Max Hospital,10,1,Mumbai,Approved,0
491419.29,Fire,Fortis Hospital,20,0,Delhi,Approved,1
510901.06,Vehicle,AIIMS,0,1,Pune,Approved,0
437392.18,Medical,KEM Hospital,1,1,Bengaluru,Approved,0
72493.45,Accident,Manipal Hospital,0,0,Hyderabad,Approved,0
102191.06,Fire,Manipal Hospital,13,0,Delhi,Approved,0
534270.98,Vehicle,AIIMS,13,1,Bengaluru,Approved,0
171510.18,Medical,Manipal Hospital,2,0,Hyderabad,Approved,0
178248.24,Medical,Fortis Hospital,16,0,Delhi,Pending,0
332999.94,Fire,Manipal Hospital,15,0,Delhi,Approved,0
315341.13,Accident,Apollo Hospital,1,1,Nagpur,Approved,0
382035.53,Accident,Max Hospital,14,1,Raipur,Pending,1
187104.81,Accident,AIIMS,15,1,Hyderabad,Approved,0
391969.1,Vehicle,Fortis Hospital,18,1,Hyderabad,Approved,1
578533.08,Theft,AIIMS,3,0,Hyderabad,Approved,1
134396.33,Accident,Manipal Hospital,11,1,Bengaluru,Approved,0
504064.02,Accident,Manipal Hospital,15,1,Delhi,Pending,1
553431.07,Vehicle,Manipal Hospital,14,1,Nagpur,Approved,1
259753.8,Fire,Ruby Hall Clinic,16,1,Delhi,Approved,0
391298.52,Accident,Ruby Hall Clinic,20,1,Nashik,Approved,1
441405.36,Accident,Fortis Hospital,17,1,Chennai,Rejected,0
76716.19,Medical,Max Hospital,11,0,Hyderabad,Approved,0
148151.37,Accident,Manipal Hospital,6,1,Hyderabad,Approved,0
387724.08,Theft,AIIMS,15,1,Nagpur,Approved,1
433635.04,Theft,AIIMS,11,1,Mumbai,Approved,1
59678.44,Accident,Ruby Hall Clinic,12,1,Raipur,Approved,0
327452.72,Fire,AIIMS,0,0,Delhi,Approved,0
153754.99,Fire,KEM Hospital,9,1,Mumbai,Approved,0
221907.41,Vehicle,Ruby Hall Clinic,20,1,Mumbai,Approved,0
580230.5,Accident,Manipal Hospital,5,1,Mumbai,Rejected,0
59495.85,Fire,Manipal Hospital,9,1,Bengaluru,Pending,0
550532.58,Theft,Max Hospital,2,1,Nashik,Approved,0
246120.81,Medical,KEM Hospital,10,0,Delhi,Approved,0
215209.63,Accident,KEM Hospital,0,1,Nashik,Pending,0
506203.56,Fire,Apollo Hospital,0,0,Nashik,Approved,0
178036.04,Medical,Fortis Hospital,13,1,Mumbai,Pending,1
320243.75,Medical,Max Hospital,2,0,Delhi,Approved,0
429791.08,Theft,Ruby Hall Clinic,0,1,Raipur,Approved,0
317800.84,Accident,AIIMS,8,0,Chennai,Pending,1
142653.15,Medical,Max Hospital,10,1,Pune,Pending,0
577077.36,Fire,Manipal Hospital,11,1,Raipur,Rejected,0
536453.08,Fire,Manipal Hospital,16,1,Hyderabad,Approved,0
230106.96,Accident,Max Hospital,1,1,Nagpur,Rejected,0
585039.49,Medical,Max Hospital,11,0,Nashik,Approved,0
294688.45,Fire,Ruby Hall Clinic,2,1,Nagpur,Approved,0
215681.79,Medical,Max Hospital,6,0,Delhi,Rejected,0
244092.45,Fire,AIIMS,8,1,Nashik,Approved,0
321639.01,Accident,Fortis Hospital,15,0,Delhi,Pending,1
313111.8,Accident,Manipal Hospital,10,0,Nagpur,Approved,1
185990.24,Accident,Max Hospital,12,1,Nashik,Pending,0
371818.77,Vehicle,Max Hospital,0,0,Nashik,Rejected,0
142481.07,Medical,Fortis Hospital,1,0,Raipur,Pending,0
518351.31,Theft,Max Hospital,15,1,Pune,Approved,0
227769.37,Accident,KEM Hospital,11,1,Raipur,Approved,0
161522.1,Vehicle,KEM Hospital,2,1,Delhi,Approved,0
89160.89,Medical,Fortis Hospital,16,1,Bengaluru,Rejected,0
326567.41,Accident,Apollo Hospital,12,0,Chennai,Approved,1
352888.07,Medical,AIIMS,11,1,Pune,Approved,0
123451.47,Fire,AIIMS,6,1,Nashik,Approved,0
135620.1,Fire,Max Hospital,19,0,Chennai,Approved,0
257771.57,Fire,Ruby Hall Clinic,0,1,Delhi,Approved,0
485137.54,Vehicle,Fortis Hospital,8,0,Nashik,Approved,0
155307.92,Medical,Fortis Hospital,3,1,Bengaluru,Pending,0
427285.35,Theft,Manipal Hospital,7,1,Chennai,Approved,0
406932.96,Theft,Fortis Hospital,13,1,Delhi,Approved,1
591903.43,Vehicle,Fortis Hospital,19,1,Nagpur,Rejected,1
594868.5,Theft,Manipal Hospital,18,1,Delhi,Approved,1
552404.21,Accident,AIIMS,8,1,Chennai,Pending,1
485936.78,Fire,Manipal Hospital,7,1,Bengaluru,Rejected,0
284053.17,Theft,Max Hospital,10,1,Pune,Approved,0
169832.75,Vehicle,AIIMS,16,1,Chennai,Pending,1
579724.18,Vehicle,Max Hospital,12,1,Nashik,Approved,0
183985.52,Vehicle,Max Hospital,7,1,Pune,Pending,0
513884.73,Accident,Ruby Hall Clinic,9,1,Nashik,Pending,0
293062.01,Fire,AIIMS,17,0,Delhi,Approved,0
461515.34,Theft,Manipal Hospital,9,1,Delhi,Pending,0
492658.52,Theft,Apollo Hospital,18,1,Bengaluru,Approved,1
353481.76,Vehicle,KEM Hospital,1,1,Pune,Rejected,0
87932.08,Fire,AIIMS,6,1,Chennai,Approved,0
184352.29,Fire,KEM Hospital,10,1,Mumbai,Approved,0
493062.66,Accident,Max Hospital,20,1,Raipur,Approved,1
22175.86,Fire,Apollo Hospital,3,0,Nashik,Pending,0
587466.84,Fire,Fortis Hospital,13,1,Mumbai,Pending,1
186096.41,Theft,Apollo Hospital,0,1,Delhi,Rejected,0
102676.75,Medical,Manipal Hospital,20,1,Chennai,Approved,0
442890.42,Medical,Manipal Hospital,12,1,Hyderabad,Rejected,1
166579.84,Accident,Fortis Hospital,9,1,Mumbai,Approved,0
119823.41,Fire,Manipal Hospital,8,1,Raipur,Approved,0
37385.61,Medical,Max Hospital,5,1,Delhi,Approved,0
575763.04,Theft,Manipal Hospital,17,1,Nagpur,Approved,0
293962.78,Medical,Fortis Hospital,11,0,Raipur,Pending,1
538481.61,Theft,AIIMS,19,1,Bengaluru,Approved,1
135648.71,Medical,Ruby Hall Clinic,20,1,Chennai,Pending,0
208999.62,Accident,Ruby Hall Clinic,2,1,Raipur,Approved,0
249297.27,Accident,Manipal Hospital,3,1,Bengaluru,Rejected,0
46400.58,Vehicle,KEM Hospital,20,1,Chennai,Approved,0
463803.01,Fire,Ruby Hall Clinic,10,0,Bengaluru,Pending,1
94401.19,Theft,AIIMS,11,1,Delhi,Rejected,0
442209.47,Medical,KEM Hospital,11,0,Nagpur,Approved,1
585597.75,Medical,Apollo Hospital,19,0,Chennai,Pending,1
278519.86,Accident,AIIMS,0,1,Mumbai,Rejected,0
49355.75,Accident,Apollo Hospital,10,1,Hyderabad,Pending,0
106128.32,Fire,KEM Hospital,10,1,Hyderabad,Approved,0
596100.63,Accident,Max Hospital,0,1,Delhi,Pending,0
75114.64,Theft,Apollo Hospital,19,1,Hyderabad,Approved,0
31162.04,Fire,AIIMS,5,1,Delhi,Pending,0
479221.51,Theft,Max Hospital,1,1,Hyderabad,Rejected,0
538119.77,Medical,Apollo Hospital,9,0,Pune,Pending,1
247718.08,Medical,Fortis Hospital,16,0,Bengaluru,Rejected,0
467851.26,Vehicle,Apollo Hospital,9,0,Raipur,Approved,0
422301.67,Theft,Manipal Hospital,14,0,Raipur,Approved,1
279220.39,Vehicle,Manipal Hospital,11,1,Chennai,Approved,0
447034.18,Theft,Apollo Hospital,7,1,Mumbai,Rejected,0
534922.06,Fire,KEM Hospital,6,0,Raipur,Pending,0
118142.11,Accident,Manipal Hospital,17,1,Raipur,Pending,1
592140.24,Vehicle,Max Hospital,1,1,Bengaluru,Pending,1
181932.09,Vehicle,AIIMS,19,1,Mumbai,Approved,0
450346.88,Vehicle,Max Hospital,7,1,Nagpur,Approved,0
154028.56,Fire,Apollo Hospital,14,0,Pune,Pending,1
362057.91,Accident,Manipal Hospital,5,1,Pune,Rejected,0
334176.82,Accident,Manipal Hospital,9,1,Chennai,Pending,1
505951.46,Medical,Apollo Hospital,15,0,Nashik,Approved,0
102421.57,Vehicle,KEM Hospital,1,0,Chennai,Approved,0
339243.45,Vehicle,Manipal Hospital,19,1,Nagpur,Approved,1
263162.96,Fire,Max Hospital,1,1,Nashik,Approved,0
314025.15,Accident,Max Hospital,2,1,Raipur,Approved,0
258645.94,Theft,Apollo Hospital,20,1,Delhi,Pending,1
15338.27,Theft,Apollo Hospital,8,1,Delhi,Pending,0
133674.59,Accident,Manipal Hospital,4,1,Mumbai,Pending,0
445538.99,Vehicle,Manipal Hospital,17,1,Raipur,Pending,1
549373.99,Vehicle,Max Hospital,0,1,Nashik,Pending,1
285324.54,Medical,KEM Hospital,4,1,Mumbai,Approved,0
275423.8,Accident,KEM Hospital,6,1,Pune,Pending,0
162308.82,Theft,Max Hospital,18,1,Mumbai,Pending,0
328490.5,Accident,Ruby Hall Clinic,5,1,Nagpur,Rejected,0
184774.19,Fire,Ruby Hall Clinic,20,1,Hyderabad,Approved,0
321494.26,Accident,Max Hospital,12,1,Pune,Rejected,0
526247.63,Medical,Fortis Hospital,9,0,Delhi,Approved,0
19683.76,Fire,Apollo Hospital,6,1,Mumbai,Approved,0
220607.56,Theft,Ruby Hall Clinic,7,1,Nashik,Approved,0
320671.09,Theft,Max Hospital,1,1,Bengaluru,Approved,0
596215.47,Medical,KEM Hospital,20,0,Bengaluru,Approved,1
147840.75,Theft,Max Hospital,5,1,Mumbai,Rejected,0
505333.32,Medical,AIIMS,6,1,Pune,Approved,0
532015.64,Accident,KEM Hospital,2,1,Delhi,Approved,0
234295.17,Fire,KEM Hospital,2,1,Hyderabad,Approved,0
247328.96,Theft,Ruby Hall Clinic,16,1,Raipur,Approved,0
204578.53,Theft,AIIMS,17,1,Delhi,Approved,0
380719.43,Vehicle,AIIMS,6,1,Raipur,Approved,0
399128.64,Medical,Ruby Hall Clinic,10,1,Raipur,Approved,0
221856.07,Medical,KEM Hospital,6,0,Raipur,Pending,0
290594.37,Theft,Apollo Hospital,18,1,Delhi,Pending,0
99335.49,Medical,Manipal Hospital,17,1,Raipur,Approved,0
477744.73,Theft,Max Hospital,2,1,Pune,Approved,0
442250.42,Accident,AIIMS,2,1,Raipur,Approved,0
90971.65,Fire,Max Hospital,20,1,Chennai,Rejected,0
563016.57,Accident,Manipal Hospital,7,1,Bengaluru,Approved,0
177833.63,Accident,Ruby Hall Clinic,16,1,Raipur,Approved,0
422605.16,Fire,AIIMS,11,1,Nagpur,Rejected,1
568504.28,Fire,Apollo Hospital,2,0,Delhi,Pending,1
146971.31,Theft,KEM Hospital,20,1,Hyderabad,Approved,0
418077.38,Fire,Fortis Hospital,14,1,Chennai,Pending,1
492292.6,Medical,Apollo Hospital,5,0,Delhi,Approved,0
285514.65,Medical,Fortis Hospital,2,1,Pune,Pending,0
206380.63,Fire,Fortis Hospital,10,1,Hyderabad,Rejected,0
293364.36,Theft,Fortis Hospital,7,1,Delhi,Rejected,0
371738.33,Theft,KEM Hospital,16,1,Mumbai,Pending,1
407234.35,Theft,Fortis Hospital,7,1,Mumbai,Approved,0
311174.6,Fire,AIIMS,4,1,Pune,Pending,1
550104.08,Medical,Max Hospital,8,1,Chennai,Approved,0
415904.76,Fire,Ruby Hall Clinic,3,0,Raipur,Approved,0
82014.88,Accident,Manipal Hospital,0,1,Nashik,Approved,0
146588.1,Theft,KEM Hospital,7,1,Bengaluru,Approved,0
99237.75,Accident,Manipal Hospital,7,1,Raipur,Approved,0
294653.94,Vehicle,AIIMS,5,1,Chennai,Approved,0
155187.98,Fire,Max Hospital,20,0,Pune,Pending,0
312919.8,Vehicle,Apollo Hospital,7,1,Raipur,Rejected,0
206492.8,Theft,Apollo Hospital,4,1,Raipur,Pending,0
307863.03,Fire,Apollo Hospital,5,1,Raipur,Approved,0
281898.37,Vehicle,Fortis Hospital,4,1,Bengaluru,Rejected,0
25542.22,Accident,KEM Hospital,7,0,Nagpur,Pending,1
444734.79,Fire,Apollo Hospital,4,0,Hyderabad,Approved,0
429907.29,Accident,KEM Hospital,7,1,Nagpur,Approved,0
311063.8,Accident,Fortis Hospital,15,0,Mumbai,Rejected,1
20233.33,Vehicle,Apollo Hospital,9,1,Bengaluru,Pending,0
184032.86,Fire,Ruby Hall Clinic,20,0,Raipur,Approved,0
459207.45,Medical,KEM Hospital,8,1,Pune,Approved,0
222258.61,Theft,Ruby Hall Clinic,5,1,Chennai,Approved,0
202797.75,Vehicle,Manipal Hospital,3,1,Nashik,Approved,0
310056.93,Accident,Apollo Hospital,15,1,Nagpur,Approved,0
317772.33,Fire,Manipal Hospital,6,0,Pune,Pending,1
534950.77,Medical,Fortis Hospital,16,0,Chennai,Rejected,1
81339.45,Theft,KEM Hospital,16,1,Nashik,Pending,1
380882.41,Fire,Manipal Hospital,13,0,Mumbai,Pending,1
34461.09,Medical,AIIMS,12,1,Chennai,Approved,0
541428.72,Accident,Max Hospital,1,1,Nashik,Approved,0
176864.71,Theft,AIIMS,10,1,Hyderabad,Approved,0
270425.16,Accident,Max Hospital,9,1,Nagpur,Approved,0
209644.61,Fire,Ruby Hall Clinic,3,0,Bengaluru,Approved,0
118194.13,Theft,Manipal Hospital,13,1,Mumbai,Approved,0
85735.8,Theft,KEM Hospital,3,0,Raipur,Pending,1
167879.92,Vehicle,Max Hospital,1,1,Delhi,Pending,0
134094.4,Vehicle,AIIMS,14,1,Pune,Approved,0
83432.08,Medical,Fortis Hospital,10,1,Pune,Pending,0
218425.96,Accident,Ruby Hall Clinic,6,0,Pune,Approved,0
182891.27,Theft,Max Hospital,15,1,Chennai,Approved,0
181048.09,Theft,Manipal Hospital,15,1,Delhi,Approved,0
183421.44,Medical,KEM Hospital,12,1,Pune,Rejected,0
586540.13,Fire,Apollo Hospital,5,1,Nagpur,Approved,0
591083.17,Accident,Max Hospital,19,1,Hyderabad,Pending,1
123417.95,Accident,Apollo Hospital,12,1,Bengaluru,Pending,0
548611.94,Medical,KEM Hospital,20,0,Nagpur,Rejected,1
421748.59,Fire,AIIMS,11,0,Hyderabad,Approved,0
329283.45,Vehicle,Max Hospital,13,1,Pune,Approved,1
403159.53,Vehicle,AIIMS,0,1,Hyderabad,Pending,0
78726.9,Medical,Max Hospital,7,1,Pune,Approved,0
502995.4,Theft,KEM Hospital,15,1,Pune,Rejected,1
311084.04,Vehicle,AIIMS,11,1,Nagpur,Approved,0
210022.23,Fire,AIIMS,1,1,Hyderabad,Approved,0
90289.32,Fire,Apollo Hospital,17,1,Hyderabad,Pending,1
114359.45,Theft,Max Hospital,7,0,Delhi,Approved,1
121778.75,Accident,Max Hospital,11,1,Mumbai,Approved,0
307587.1,Theft,Max Hospital,2,1,Chennai,Approved,0
537958.25,Medical,Apollo Hospital,2,1,Nashik,Approved,0
379236.12,Accident,KEM Hospital,9,1,Pune,Approved,0
213899.63,Accident,Apollo Hospital,8,1,Chennai,Pending,0
500941.28,Fire,Ruby Hall Clinic,13,1,Mumbai,Pending,1
107683.8,Medical,Fortis Hospital,2,1,Hyderabad,Pending,0
25166.94,Vehicle,AIIMS,4,1,Raipur,Rejected,0
496416.25,Vehicle,Fortis Hospital,8,1,Mumbai,Pending,1
256528.29,Fire,Manipal Hospital,6,1,Mumbai,Pending,0
435544.09,Theft,Manipal Hospital,15,1,Mumbai,Rejected,0
530595.85,Fire,Manipal Hospital,20,1,Hyderabad,Approved,1
353018.83,Accident,Fortis Hospital,6,1,Nashik,Approved,0
304202.81,Theft,Fortis Hospital,20,1,Bengaluru,Pending,1
55591.35,Accident,Apollo Hospital,5,1,Hyderabad,Rejected,0
389609.38,Fire,AIIMS,18,1,Nashik,Approved,1
13149.75,Vehicle,Max Hospital,8,1,Mumbai,Rejected,0
171691.54,Theft,Apollo Hospital,13,1,Chennai,Rejected,0
549005.5,Vehicle,AIIMS,6,1,Mumbai,Approved,0
49944.25,Theft,Manipal Hospital,6,1,Delhi,Approved,0
54670.82,Theft,KEM Hospital,1,1,Chennai,Approved,0
531523.55,Fire,Fortis Hospital,4,1,Chennai,Approved,0
39553.57,Accident,Ruby Hall Clinic,6,1,Bengaluru,Approved,0
336606.29,Fire,Ruby Hall Clinic,15,0,Bengaluru,Pending,1
309927.28,Vehicle,Fortis Hospital,5,1,Chennai,Pending,1
279910.03,Medical,Max Hospital,2,0,Nagpur,Pending,0
305288.95,Vehicle,Apollo Hospital,5,1,Raipur,Approved,0
125685.27,Theft,Max Hospital,4,1,Hyderabad,Approved,0
477503.06,Medical,Fortis Hospital,14,1,Mumbai,Approved,0
153983.01,Medical,Apollo Hospital,17,0,Pune,Pending,1
115575.93,Accident,AIIMS,13,1,Nashik,Rejected,0
431162.66,Vehicle,KEM Hospital,14,1,Nagpur,Approved,0
210680.99,Fire,Manipal Hospital,0,1,Delhi,Pending,0
515943.8,Accident,Max Hospital,1,1,Nashik,Approved,0
418812.83,Fire,Fortis Hospital,17,1,Nagpur,Approved,1
419647.51,Vehicle,Max Hospital,18,1,Bengaluru,Approved,0
393627.19,Fire,Apollo Hospital,12,1,Hyderabad,Approved,1
202457.92,Fire,Max Hospital,18,0,Mumbai,Approved,0
563452.65,Fire,AIIMS,15,0,Mumbai,Rejected,1
224424.09,Medical,Manipal Hospital,8,1,Delhi,Approved,0
528944.17,Theft,Max Hospital,2,1,Nashik,Approved,0
375688.18,Medical,KEM Hospital,19,0,Pune,Approved,0
441137.88,Vehicle,Ruby Hall Clinic,18,1,Chennai,Approved,1
533635.86,Theft,AIIMS,14,1,Bengaluru,Approved,1
76950.11,Vehicle,Manipal Hospital,18,1,Raipur,Approved,0
279224.8,Theft,Fortis Hospital,11,0,Pune,Pending,1
582455.43,Vehicle,KEM Hospital,13,1,Nagpur,Rejected,1
469177.92,Accident,Apollo Hospital,12,1,Mumbai,Approved,1
364107.55,Fire,Max Hospital,1,0,Chennai,Pending,1
120858.18,Fire,AIIMS,20,0,Pune,Pending,0
594464.1,Fire,Max Hospital,11,1,Nagpur,Approved,1
373500.87,Vehicle,Apollo Hospital,2,1,Nashik,Pending,1
568996.61,Vehicle,AIIMS,9,1,Nashik,Approved,0
182194.05,Vehicle,Apollo Hospital,5,1,Nagpur,Approved,0
278146.79,Vehicle,Max Hospital,14,1,Hyderabad,Approved,0
473454.0,Fire,Max Hospital,3,0,Pune,Pending,1
134360.31,Theft,AIIMS,15,1,Raipur,Approved,0
471499.26,Medical,Max Hospital,9,1,Nagpur,Rejected,0
32778.95,Medical,Manipal Hospital,8,0,Nagpur,Approved,0
85984.88,Fire,Manipal Hospital,7,1,Nagpur,Approved,0
529966.43,Medical,Manipal Hospital,2,0,Hyderabad,Rejected,0
456391.09,Theft,AIIMS,14,1,Nagpur,Rejected,0
398749.74,Vehicle,Fortis Hospital,16,1,Raipur,Pending,1
296998.13,Accident,Max Hospital,6,1,Delhi,Approved,0
259388.16,Medical,AIIMS,1,1,Raipur,Approved,0
366869.04,Accident,Max Hospital,10,1,Bengaluru,Approved,0
114358.24,Theft,Max Hospital,3,1,Raipur,Approved,0
63352.58,Fire,Ruby Hall Clinic,7,0,Nagpur,Pending,0
54325.97,Vehicle,AIIMS,3,1,Bengaluru,Pending,0
452977.45,Fire,Fortis Hospital,1,0,Bengaluru,Approved,0
508997.55,Medical,Manipal Hospital,19,0,Nagpur,Pending,1
259996.06,Fire,KEM Hospital,9,0,Pune,Pending,0
125265.84,Fire,Fortis Hospital,1,1,Nashik,Pending,0
385204.11,Fire,Apollo Hospital,11,1,Mumbai,Approved,0
272501.96,Theft,Fortis Hospital,2,1,Chennai,Rejected,0
379429.47,Vehicle,AIIMS,5,0,Hyderabad,Rejected,0
409545.34,Vehicle,Apollo Hospital,4,1,Nashik,Approved,0
223001.16,Vehicle,KEM Hospital,15,1,Hyderabad,Approved,0
218733.87,Vehicle,AIIMS,9,1,Bengaluru,Approved,0
101224.81,Fire,KEM Hospital,2,1,Bengaluru,Approved,0
333407.22,Vehicle,AIIMS,12,1,Delhi,Approved,0
213895.32,Medical,KEM Hospital,16,1,Chennai,Pending,1
541812.31,Accident,Manipal Hospital,10,1,Delhi,Approved,0
374626.02,Medical,AIIMS,18,0,Delhi,Rejected,1
410727.75,Fire,KEM Hospital,7,1,Bengaluru,Approved,0
34196.95,Medical,Apollo Hospital,13,1,Mumbai,Approved,0
499055.17,Accident,Apollo Hospital,20,1,Delhi,Rejected,0
424319.07,Medical,KEM Hospital,1,0,Nashik,Approved,0
564784.11,Accident,Manipal Hospital,19,1,Hyderabad,Approved,1
282983.71,Accident,Fortis Hospital,13,1,Pune,Approved,0
143008.34,Accident,Ruby Hall Clinic,2,1,Raipur,Approved,0
181650.12,Accident,Ruby Hall Clinic,0,1,Raipur,Approved,0
225004.65,Medical,Apollo Hospital,1,1,Chennai,Pending,0
348796.49,Theft,Max Hospital,9,1,Raipur,Approved,0
187465.96,Theft,AIIMS,8,1,Delhi,Approved,0
27644.85,Medical,Manipal Hospital,2,1,Hyderabad,Approved,0
476897.74,Fire,KEM Hospital,20,1,Pune,Rejected,0
543867.11,Medical,Manipal Hospital,7,1,Nagpur,Approved,0
140016.62,Medical,KEM Hospital,12,0,Hyderabad,Approved,0
99362.73,Vehicle,Max Hospital,15,1,Bengaluru,Rejected,0
252394.63,Vehicle,Manipal Hospital,16,1,Nashik,Approved,0
433884.34,Fire,Apollo Hospital,19,0,Delhi,Rejected,0
288116.72,Fire,Manipal Hospital,15,0,Chennai,Approved,0
42280.41,Medical,Max Hospital,9,1,Chennai,Approved,0
486468.55,Theft,Apollo Hospital,15,0,Nashik,Rejected,1
384917.16,Accident,Ruby Hall Clinic,1,1,Mumbai,Approved,0
417511.97,Fire,Manipal Hospital,11,0,Pune,Approved,1
561856.69,Vehicle,Apollo Hospital,18,1,Nagpur,Approved,0
592137.09,Vehicle,AIIMS,16,1,Hyderabad,Rejected,0
596910.88,Accident,Ruby Hall Clinic,2,1,Bengaluru,Pending,1
532885.87,Medical,AIIMS,11,0,Nashik,Approved,1
292521.59,Theft,Ruby Hall Clinic,6,0,Delhi,Approved,0
585804.31,Accident,Apollo Hospital,14,1,Pune,Approved,0
535836.37,Theft,Fortis Hospital,16,1,Raipur,Rejected,0
79647.74,Theft,Fortis Hospital,7,1,Delhi,Approved,0
406651.15,Accident,Max Hospital,20,1,Bengaluru,Pending,1
429733.06,Accident,Fortis Hospital,17,1,Hyderabad,Approved,1
414279.74,Fire,Ruby Hall Clinic,6,1,Mumbai,Pending,1
192497.58,Theft,Max Hospital,9,1,Mumbai,Rejected,0
547674.65,Accident,Ruby Hall Clinic,6,1,Nagpur,Approved,0
234851.83,Accident,KEM Hospital,2,1,Mumbai,Approved,0
464630.39,Accident,Ruby Hall Clinic,7,1,Delhi,Pending,1
479840.13,Theft,KEM Hospital,3,1,Chennai,Pending,1
521641.95,Vehicle,Ruby Hall Clinic,17,1,Delhi,Approved,1
440720.37,Theft,Ruby Hall Clinic,16,1,Hyderabad,Rejected,1
149913.87,Medical,AIIMS,13,1,Bengaluru,Approved,0
531958.45,Fire,Max Hospital,2,0,Raipur,Approved,0
591011.13,Vehicle,Fortis Hospital,15,1,Mumbai,Approved,0
31688.23,Theft,Apollo Hospital,4,1,Chennai,Pending,0
382198.17,Theft,KEM Hospital,15,1,Bengaluru,Approved,0
260040.47,Vehicle,Fortis Hospital,11,1,Mumbai,Pending,0
324459.89,Medical,Fortis Hospital,6,1,Chennai,Rejected,0
103048.2,Fire,Fortis Hospital,7,0,Nashik,Rejected,0
154079.75,Medical,Max Hospital,15,0,Raipur,Approved,0
572748.98,Fire,Manipal Hospital,5,0,Mumbai,Approved,0
249891.43,Vehicle,Fortis Hospital,1,1,Nashik,Approved,0
332511.7,Fire,Apollo Hospital,8,0,Nagpur,Approved,0
174458.84,Medical,KEM Hospital,13,1,Nagpur,Approved,0
108968.14,Accident,Fortis Hospital,18,1,Raipur,Pending,0
280120.7,Fire,AIIMS,0,1,Nashik,Pending,0
91951.2,Theft,Manipal Hospital,10,1,Delhi,Pending,0
48053.59,Theft,Max Hospital,19,1,Bengaluru,Approved,0
179749.03,Vehicle,AIIMS,5,1,Delhi,Pending,0
444345.68,Fire,KEM Hospital,19,1,Delhi,Approved,1
290415.14,Vehicle,Manipal Hospital,2,1,Nashik,Approved,0
256604.81,Vehicle,Max Hospital,1,1,Mumbai,Approved,0
36333.46,Medical,Fortis Hospital,17,1,Nashik,Approved,0
19195.68,Vehicle,AIIMS,0,1,Raipur,Approved,0
142975.77,Theft,Ruby Hall Clinic,11,1,Delhi,Pending,1
443814.03,Vehicle,Max Hospital,10,1,Pune,Pending,1
163927.26,Vehicle,KEM Hospital,7,1,Mumbai,Approved,0
461938.95,Vehicle,Max Hospital,12,1,Hyderabad,Approved,1
381540.25,Vehicle,Fortis Hospital,13,1,Raipur,Approved,1
250890.21,Vehicle,Manipal Hospital,16,1,Pune,Approved,0
94261.89,Fire,AIIMS,9,0,Nagpur,Rejected,0
148742.88,Theft,Apollo Hospital,11,1,Nashik,Pending,0
463485.69,Vehicle,Fortis Hospital,15,0,Nagpur,Pending,1
400730.77,Accident,Ruby Hall Clinic,11,0,Pune,Approved,1
18405.32,Accident,Fortis Hospital,1,1,Pune,Pending,0
565346.96,Vehicle,KEM Hospital,1,1,Pune,Approved,0
228895.24,Medical,Ruby Hall Clinic,1,0,Bengaluru,Approved,0
367765.75,Vehicle,Apollo Hospital,11,1,Raipur,Approved,1
210085.89,Theft,Fortis Hospital,1,1,Nashik,Approved,0
439660.62,Theft,Fortis Hospital,5,1,Chennai,Pending,1
473955.02,Medical,Apollo Hospital,16,0,Raipur,Pending,1
205127.53,Theft,KEM Hospital,20,1,Nashik,Rejected,0
590756.55,Fire,Apollo Hospital,20,1,Pune,Rejected,0
62134.41,Accident,Manipal Hospital,6,1,Nagpur,Approved,0
96075.21,Accident,Ruby Hall Clinic,18,1,Nagpur,Approved,0
187593.66,Accident,KEM Hospital,3,0,Bengaluru,Rejected,0
518312.96,Theft,Fortis Hospital,18,1,Bengaluru,Approved,1
539387.64,Accident,Ruby Hall Clinic,13,1,Nagpur,Pending,1
581357.34,Vehicle,Max Hospital,13,1,Pune,Approved,0
406971.55,Vehicle,Apollo Hospital,14,1,Hyderabad,Pending,1
521858.09,Theft,AIIMS,3,1,Nagpur,Approved,0
215817.24,Accident,Fortis Hospital,13,1,Raipur,Approved,0
164417.01,Theft,Ruby Hall Clinic,7,1,Raipur,Approved,0
301544.0,Vehicle,Manipal Hospital,16,1,Delhi,Pending,1
114840.08,Medical,Ruby Hall Clinic,2,1,Nashik,Approved,0
173331.63,Vehicle,Apollo Hospital,3,1,Mumbai,Approved,0
50397.73,Vehicle,Manipal Hospital,4,1,Delhi,Pending,0
191927.23,Medical,Apollo Hospital,1,0,Raipur,Approved,0
22394.26,Medical,KEM Hospital,12,1,Chennai,Approved,0
268926.87,Fire,AIIMS,10,0,Nagpur,Rejected,0
592652.59,Accident,Fortis Hospital,10,1,Hyderabad,Approved,0
594463.74,Medical,Apollo Hospital,7,0,Bengaluru,Rejected,0
250686.42,Medical,KEM Hospital,13,1,Mumbai,Approved,0
301713.1,Vehicle,Max Hospital,19,1,Nagpur,Approved,1
289377.43,Theft,Fortis Hospital,9,1,Delhi,Pending,0
240646.7,Medical,KEM Hospital,7,1,Hyderabad,Approved,0
270404.32,Medical,AIIMS,18,1,Mumbai,Approved,0
167837.11,Fire,KEM Hospital,15,1,Hyderabad,Pending,1
551373.72,Vehicle,Apollo Hospital,18,1,Bengaluru,Approved,1
68139.0,Accident,Fortis Hospital,14,1,Hyderabad,Approved,0
75669.0,Medical,AIIMS,4,1,Raipur,Rejected,0
205683.91,Fire,KEM Hospital,4,0,Nashik,Approved,0
38588.49,Medical,KEM Hospital,1,0,Nashik,Approved,0
389635.32,Fire,KEM Hospital,7,1,Bengaluru,Approved,0
411163.32,Fire,Fortis Hospital,4,0,Nagpur,Approved,0
291361.94,Accident,AIIMS,9,1,Mumbai,Rejected,0
553097.23,Theft,Apollo Hospital,18,1,Mumbai,Approved,1
31173.37,Vehicle,Manipal Hospital,0,1,Delhi,Approved,0
420457.43,Medical,KEM Hospital,15,0,Delhi,Approved,0
437535.29,Theft,Apollo Hospital,20,1,Delhi,Pending,1
580273.74,Vehicle,Fortis Hospital,4,1,Pune,Pending,1
267953.91,Medical,Ruby Hall Clinic,18,0,Mumbai,Approved,0
267658.53,Fire,Max Hospital,20,0,Nagpur,Approved,0
321757.44,Vehicle,KEM Hospital,0,1,Chennai,Pending,0
296710.56,Vehicle,Ruby Hall Clinic,0,1,Hyderabad,Approved,0
301326.26,Accident,Max Hospital,19,0,Mumbai,Approved,1
511999.19,Theft,Ruby Hall Clinic,9,1,Mumbai,Approved,0
562622.83,Fire,Fortis Hospital,20,1,Pune,Pending,1
251270.56,Medical,Manipal Hospital,14,0,Delhi,Approved,0
294296.65,Vehicle,Apollo Hospital,14,1,Bengaluru,Approved,0
289011.58,Fire,Manipal Hospital,0,0,Chennai,Approved,0
597479.12,Vehicle,AIIMS,1,0,Raipur,Approved,0
235159.46,Accident,Manipal Hospital,7,1,Hyderabad,Pending,0
116438.58,Theft,Max Hospital,6,1,Raipur,Approved,0
324457.97,Fire,Fortis Hospital,12,0,Nagpur,Approved,0
418740.55,Accident,Fortis Hospital,6,1,Nagpur,Pending,0
67987.95,Vehicle,AIIMS,5,0,Delhi,Approved,0
574863.16,Theft,AIIMS,10,1,Nagpur,Approved,0
563093.29,Fire,Apollo Hospital,11,1,Nagpur,Pending,1
542183.44,Theft,KEM Hospital,1,1,Pune,Approved,0
269419.53,Medical,KEM Hospital,7,1,Delhi,Approved,0
393183.73,Accident,Apollo Hospital,16,1,Nagpur,Approved,1
212123.8,Medical,Ruby Hall Clinic,16,1,Raipur,Rejected,0
299174.61,Fire,Apollo Hospital,5,0,Chennai,Pending,0
394829.65,Accident,Ruby Hall Clinic,13,1,Delhi,Approved,1
229810.93,Medical,Fortis Hospital,14,0,Chennai,Approved,0
125101.3,Theft,Max Hospital,8,1,Hyderabad,Rejected,0
44480.89,Accident,Max Hospital,16,1,Nagpur,Approved,0
279600.42,Accident,Apollo Hospital,14,1,Bengaluru,Approved,0
135266.44,Medical,Manipal Hospital,13,1,Nagpur,Pending,0
270102.8,Medical,AIIMS,16,0,Hyderabad,Approved,0
475452.73,Fire,Apollo Hospital,15,1,Hyderabad,Pending,1
128590.78,Vehicle,KEM Hospital,15,1,Pune,Approved,0
11820.61,Theft,Apollo Hospital,18,1,Pune,Approved,0
153306.23,Theft,Max Hospital,3,1,Nashik,Approved,0
116487.2,Medical,Manipal Hospital,11,0,Pune,Approved,0
575091.97,Theft,AIIMS,5,0,Raipur,Rejected,1
580456.56,Fire,Apollo Hospital,20,1,Pune,Pending,1
139982.45,Fire,KEM Hospital,17,0,Raipur,Approved,0
492034.86,Vehicle,Ruby Hall Clinic,1,1,Raipur,Approved,0
26651.47,Accident,Ruby Hall Clinic,10,1,Mumbai,Pending,0
23342.95,Theft,Manipal Hospital,9,1,Delhi,Rejected,0
571364.66,Theft,Ruby Hall Clinic,17,1,Nashik,Pending,1
212895.15,Accident,KEM Hospital,8,1,Delhi,Pending,0
119822.81,Theft,Fortis Hospital,14,1,Delhi,Approved,0
133071.8,Vehicle,Manipal Hospital,11,0,Chennai,Approved,0
87591.34,Medical,Fortis Hospital,17,1,Mumbai,Approved,0
55302.43,Fire,Apollo Hospital,3,1,Nashik,Rejected,0
228722.16,Medical,Max Hospital,10,1,Raipur,Approved,0
267788.46,Theft,Ruby Hall Clinic,12,1,Nashik,Approved,0
416994.58,Theft,Max Hospital,13,1,Nashik,Approved,1
160588.56,Fire,AIIMS,5,1,Raipur,Rejected,0
43757.06,Medical,KEM Hospital,10,1,Mumbai,Rejected,0
360982.52,Vehicle,KEM Hospital,4,1,Bengaluru,Approved,0
148448.44,Medical,Max Hospital,0,1,Mumbai,Approved,0
207403.04,Theft,AIIMS,15,1,Nashik,Rejected,0
193338.02,Accident,Manipal Hospital,5,1,Pune,Approved,0
113732.51,Medical,Apollo Hospital,0,1,Mumbai,Approved,0
197996.44,Accident,Manipal Hospital,16,1,Mumbai,Pending,1
547404.49,Fire,Fortis Hospital,10,1,Raipur,Approved,0
434388.86,Vehicle,Manipal Hospital,6,1,Pune,Approved,0
282646.87,Theft,Max Hospital,7,1,Delhi,Approved,0
281156.51,Fire,Fortis Hospital,9,0,Chennai,Rejected,0
29446.16,Theft,KEM Hospital,11,0,Delhi,Pending,1
429077.38,Accident,Max Hospital,16,0,Raipur,Approved,1
345817.09,Medical,Manipal Hospital,11,1,Chennai,Rejected,1
388460.32,Medical,AIIMS,9,0,Pune,Pending,0
74128.73,Accident,Ruby Hall Clinic,14,1,Bengaluru,Approved,0
326765.01,Accident,Ruby Hall Clinic,20,1,Nashik,Approved,1
357294.25,Fire,KEM Hospital,20,1,Nashik,Rejected,1
331483.06,Vehicle,KEM Hospital,20,1,Raipur,Approved,1
214442.06,Accident,Max Hospital,9,1,Delhi,Pending,0
497201.86,Fire,Manipal Hospital,2,0,Pune,Approved,0
404914.31,Fire,Apollo Hospital,16,1,Chennai,Rejected,1
103456.06,Medical,Apollo Hospital,2,1,Pune,Approved,0
294753.77,Fire,AIIMS,9,0,Chennai,Approved,0
582088.38,Vehicle,Fortis Hospital,7,1,Pune,Approved,0
471142.9,Accident,Manipal Hospital,7,1,Hyderabad,Approved,0
471583.26,Theft,Ruby Hall Clinic,0,0,Bengaluru,Approved,1
8746.22,Fire,Max Hospital,6,0,Chennai,Approved,0
468111.86,Theft,Max Hospital,10,1,Raipur,Rejected,0
536966.08,Medical,Manipal Hospital,14,0,Bengaluru,Approved,0
227118.2,Theft,AIIMS,9,0,Chennai,Pending,1
201708.23,Accident,Manipal Hospital,6,1,Chennai,Approved,0
171701.76,Medical,AIIMS,17,1,Hyderabad,Approved,0
299243.32,Theft,AIIMS,6,1,Delhi,Approved,0
428785.16,Vehicle,Max Hospital,2,1,Raipur,Rejected,0
99850.07,Accident,Manipal Hospital,11,1,Raipur,Rejected,0
115237.68,Accident,Manipal Hospital,14,1,Raipur,Approved,0
480678.58,Accident,Ruby Hall Clinic,12,1,Bengaluru,Approved,0
16995.51,Fire,AIIMS,4,0,Chennai,Approved,0
32357.53,Accident,AIIMS,5,1,Bengaluru,Rejected,0
5919.19,Medical,KEM Hospital,16,0,Pune,Approved,0
448744.96,Fire,Fortis Hospital,14,1,Raipur,Approved,0
297310.11,Vehicle,Manipal Hospital,10,1,Pune,Pending,0
108339.74,Accident,Manipal Hospital,17,1,Nagpur,Approved,0
87896.77,Medical,Fortis Hospital,5,0,Hyderabad,Approved,0
110871.06,Accident,Apollo Hospital,4,1,Pune,Approved,0
6992.05,Accident,KEM Hospital,20,1,Chennai,Rejected,0
239454.82,Accident,Max Hospital,12,1,Delhi,Approved,0
355010.66,Medical,Manipal Hospital,3,1,Nashik,Pending,1
563036.55,Fire,KEM Hospital,16,0,Chennai,Pending,1
445578.07,Theft,Fortis Hospital,10,1,Pune,Approved,0
374362.86,Fire,Max Hospital,8,1,Nashik,Rejected,0
328975.93,Medical,Fortis Hospital,1,1,Pune,Approved,0
7508.34,Vehicle,AIIMS,11,1,Raipur,Pending,1
14837.77,Theft,Apollo Hospital,6,1,Nagpur,Rejected,0
258055.87,Vehicle,Ruby Hall Clinic,12,1,Mumbai,Approved,0
298876.59,Vehicle,Apollo Hospital,0,1,Raipur,Pending,0
129797.53,Fire,Max Hospital,16,0,Nashik,Approved,0
262764.4,Accident,Apollo Hospital,12,1,Pune,Approved,0
273188.17,Fire,AIIMS,14,0,Delhi,Approved,0
13829.96,Medical,Max Hospital,11,1,Mumbai,Pending,1
510845.19,Accident,Apollo Hospital,14,1,Raipur,Approved,0
580842.07,Vehicle,AIIMS,13,1,Raipur,Approved,0
381510.59,Medical,Manipal Hospital,15,1,Chennai,Rejected,0
64332.56,Accident,KEM Hospital,20,1,Delhi,Approved,0
234627.52,Medical,Ruby Hall Clinic,0,1,Raipur,Pending,0
358566.16,Medical,Fortis Hospital,1,1,Raipur,Pending,0
102454.65,Theft,Max Hospital,19,1,Mumbai,Approved,0
47496.79,Theft,Apollo Hospital,16,1,Delhi,Pending,0
326050.6,Vehicle,KEM Hospital,12,1,Pune,Rejected,0
417790.18,Medical,Ruby Hall Clinic,8,1,Nashik,Approved,0
415757.92,Accident,Ruby Hall Clinic,15,1,Hyderabad,Rejected,0
27326.84,Medical,Manipal Hospital,20,1,Nagpur,Approved,0
507794.95,Medical,Apollo Hospital,2,0,Delhi,Pending,0
316479.72,Theft,KEM Hospital,2,0,Hyderabad,Approved,1
329906.03,Medical,Manipal Hospital,20,0,Delhi,Rejected,0
390008.28,Vehicle,Max Hospital,18,1,Delhi,Pending,1
326396.01,Theft,Apollo Hospital,15,1,Nagpur,Approved,0
371471.2,Fire,Max Hospital,15,1,Mumbai,Pending,1
254427.44,Vehicle,Max Hospital,6,1,Raipur,Approved,0
382693.87,Theft,Max Hospital,20,1,Chennai,Approved,0
310901.13,Vehicle,Ruby Hall Clinic,19,1,Delhi,Approved,1
332376.13,Fire,Apollo Hospital,16,0,Raipur,Approved,0
142472.6,Medical,AIIMS,12,1,Mumbai,Approved,0
542790.29,Theft,Max Hospital,0,1,Delhi,Rejected,0
384116.41,Vehicle,Ruby Hall Clinic,17,1,Raipur,Pending,1
311192.65,Theft,Max Hospital,2,1,Bengaluru,Pending,1
44035.71,Vehicle,Ruby Hall Clinic,10,1,Delhi,Approved,0
290551.68,Accident,KEM Hospital,17,1,Bengaluru,Approved,0
294680.2,Accident,Ruby Hall Clinic,5,1,Mumbai,Rejected,0
461469.88,Fire,Manipal Hospital,7,1,Nashik,Approved,0
588962.91,Medical,KEM Hospital,20,0,Pune,Pending,1
220853.02,Medical,Fortis Hospital,14,1,Chennai,Rejected,0
180469.39,Theft,Fortis Hospital,19,1,Bengaluru,Approved,0
454963.66,Theft,Ruby Hall Clinic,15,1,Mumbai,Pending,1
293327.21,Theft,Ruby Hall Clinic,3,1,Nagpur,Approved,0
249062.59,Theft,AIIMS,11,1,Nashik,Approved,0
115906.73,Fire,AIIMS,15,0,Nashik,Approved,0
557182.65,Theft,Fortis Hospital,20,1,Bengaluru,Approved,0
155792.21,Fire,Apollo Hospital,18,0,Hyderabad,Approved,0
339054.36,Accident,Ruby Hall Clinic,3,1,Pune,Approved,0
559140.22,Fire,Fortis Hospital,7,1,Nagpur,Approved,0
202518.47,Medical,Ruby Hall Clinic,19,0,Bengaluru,Approved,0
412989.01,Theft,Apollo Hospital,9,1,Nagpur,Pending,1
24678.72,Medical,Fortis Hospital,1,0,Hyderabad,Approved,0
499537.01,Fire,Ruby Hall Clinic,1,1,Mumbai,Pending,1
206920.47,Medical,Apollo Hospital,12,0,Chennai,Approved,0
436528.71,Medical,Fortis Hospital,13,1,Nagpur,Approved,1
309394.32,Medical,Fortis Hospital,9,1,Delhi,Approved,0
227060.33,Fire,Ruby Hall Clinic,0,1,Nashik,Rejected,0
432284.77,Medical,Fortis Hospital,0,1,Nagpur,Approved,0
213102.16,Vehicle,Ruby Hall Clinic,3,0,Nashik,Pending,0
364819.17,Fire,Manipal Hospital,1,0,Delhi,Approved,0
419884.81,Vehicle,Manipal Hospital,15,1,Chennai,Approved,1
404188.62,Theft,Ruby Hall Clinic,6,1,Raipur,Rejected,0
390289.61,Medical,AIIMS,9,1,Nagpur,Rejected,0
527591.82,Fire,KEM Hospital,3,0,Chennai,Rejected,0
531847.05,Vehicle,Manipal Hospital,18,1,Pune,Pending,1
231404.23,Theft,Apollo Hospital,8,1,Pune,Approved,0
512045.18,Accident,Fortis Hospital,11,0,Nashik,Pending,1
174926.04,Fire,AIIMS,13,1,Pune,Pending,0
217809.28,Theft,Max Hospital,20,1,Nagpur,Approved,0
550219.65,Medical,KEM Hospital,6,0,Chennai,Approved,0
493499.04,Fire,KEM Hospital,8,1,Bengaluru,Approved,0
431167.66,Vehicle,Manipal Hospital,10,1,Delhi,Rejected,0
176359.0,Medical,Apollo Hospital,12,1,Nashik,Rejected,0
323614.57,Fire,Ruby Hall Clinic,17,0,Bengaluru,Approved,1
383778.85,Medical,KEM Hospital,5,1,Pune,Approved,0
35481.74,Vehicle,Fortis Hospital,2,1,Chennai,Pending,0
546154.5,Medical,AIIMS,7,0,Hyderabad,Pending,1
319977.06,Fire,AIIMS,9,1,Pune,Approved,0
450114.88,Medical,Apollo Hospital,11,0,Nagpur,Rejected,1
174798.21,Fire,Fortis Hospital,8,0,Mumbai,Approved,0
116097.53,Theft,KEM Hospital,0,1,Mumbai,Pending,0
420489.35,Theft,Max Hospital,16,1,Mumbai,Approved,1
145349.09,Vehicle,Apollo Hospital,0,1,Pune,Approved,0
209335.31,Accident,Manipal Hospital,9,1,Nagpur,Pending,0
128549.32,Accident,Manipal Hospital,6,1,Mumbai,Approved,0
531170.65,Theft,Apollo Hospital,12,1,Bengaluru,Approved,1
509551.32,Vehicle,KEM Hospital,18,1,Raipur,Approved,0
524890.29,Medical,Apollo Hospital,5,0,Hyderabad,Pending,0
108214.53,Theft,Manipal Hospital,7,1,Raipur,Rejected,0
74838.02,Vehicle,AIIMS,1,1,Nashik,Pending,0
426378.2,Medical,Fortis Hospital,5,0,Nashik,Pending,0
162215.93,Vehicle,Max Hospital,9,1,Raipur,Approved,0
276472.05,Vehicle,KEM Hospital,15,1,Raipur,Approved,0
577863.97,Accident,Fortis Hospital,5,1,Mumbai,Rejected,0
151880.89,Theft,AIIMS,11,1,Bengaluru,Approved,0
524295.8,Accident,Ruby Hall Clinic,16,1,Nagpur,Approved,0
409970.28,Theft,Manipal Hospital,13,0,Chennai,Approved,1
137979.46,Accident,KEM Hospital,19,1,Chennai,Pending,1
447612.74,Accident,Max Hospital,9,1,Nashik,Approved,0
386054.7,Accident,Apollo Hospital,5,0,Nashik,Pending,1
519410.91,Vehicle,AIIMS,12,1,Nashik,Pending,1
541172.76,Fire,Manipal Hospital,7,1,Bengaluru,Approved,0
454934.12,Medical,Max Hospital,15,1,Mumbai,Approved,1
135735.89,Accident,Manipal Hospital,6,1,Mumbai,Approved,0
477398.45,Vehicle,Manipal Hospital,7,1,Raipur,Pending,0
36738.85,Fire,Ruby Hall Clinic,2,0,Delhi,Rejected,0
506529.23,Medical,KEM Hospital,20,0,Nashik,Approved,1
9747.48,Fire,Max Hospital,11,1,Nagpur,Approved,0
414736.86,Vehicle,Fortis Hospital,19,1,Hyderabad,Pending,1
521168.62,Medical,AIIMS,7,1,Mumbai,Approved,0
494249.98,Fire,Ruby Hall Clinic,5,0,Hyderabad,Rejected,0
507084.73,Fire,Apollo Hospital,16,1,Nagpur,Approved,1
168404.76,Fire,Manipal Hospital,13,0,Nashik,Approved,0
413807.0,Fire,Fortis Hospital,12,0,Raipur,Approved,1
564246.8,Fire,Fortis Hospital,5,1,Bengaluru,Approved,0
114853.49,Theft,Apollo Hospital,9,1,Hyderabad,Approved,0
484120.89,Accident,Manipal Hospital,11,1,Bengaluru,Pending,1
156727.94,Vehicle,Max Hospital,2,1,Nagpur,Pending,0
31551.33,Vehicle,Manipal Hospital,10,0,Bengaluru,Approved,0
453859.9,Accident,Ruby Hall Clinic,0,1,Nashik,Rejected,0
519762.48,Medical,AIIMS,16,1,Delhi,Approved,1
280272.64,Fire,KEM Hospital,19,1,Mumbai,Approved,0
459278.2,Fire,KEM Hospital,0,0,Bengaluru,Rejected,0
480353.95,Medical,KEM Hospital,8,1,Chennai,Approved,0
544868.92,Theft,KEM Hospital,0,1,Nagpur,Pending,1
151070.07,Accident,Ruby Hall Clinic,15,1,Bengaluru,Approved,0
381937.9,Accident,Ruby Hall Clinic,6,1,Bengaluru,Pending,0
448006.79,Medical,Fortis Hospital,12,1,Raipur,Approved,0
510011.29,Vehicle,Apollo Hospital,8,1,Pune,Approved,0
477656.54,Theft,Ruby Hall Clinic,14,1,Bengaluru,Approved,0
500152.45,Medical,Max Hospital,18,0,Bengaluru,Rejected,1
513349.23,Vehicle,Ruby Hall Clinic,3,1,Mumbai,Approved,0
511127.08,Theft,Max Hospital,15,1,Mumbai,Approved,0
226813.07,Fire,Apollo Hospital,7,0,Raipur,Pending,0
191905.79,Fire,Fortis Hospital,13,0,Raipur,Rejected,0
213077.5,Medical,Max Hospital,18,0,Hyderabad,Approved,0
348024.19,Theft,Apollo Hospital,11,1,Raipur,Pending,1
88838.07,Medical,Max Hospital,12,0,Hyderabad,Pending,0
402882.35,Theft,Ruby Hall Clinic,20,1,Hyderabad,Pending,1
11963.74,Fire,Fortis Hospital,4,0,Pune,Approved,0
544476.24,Accident,Manipal Hospital,2,0,Chennai,Approved,1
532677.22,Fire,Manipal Hospital,11,0,Nagpur,Pending,1
183491.36,Accident,AIIMS,20,1,Raipur,Approved,0
111823.33,Medical,Ruby Hall Clinic,10,1,Hyderabad,Approved,0
489886.13,Medical,KEM Hospital,5,1,Nashik,Pending,1
102821.22,Vehicle,Apollo Hospital,9,1,Bengaluru,Pending,0
137328.32,Fire,Fortis Hospital,20,0,Mumbai,Approved,0
104236.96,Accident,Fortis Hospital,20,1,Pune,Pending,0
371073.79,Fire,Max Hospital,19,0,Bengaluru,Approved,1
6540.9,Fire,Max Hospital,1,0,Pune,Approved,0
351446.44,Medical,Ruby Hall Clinic,18,0,Pune,Approved,1
431703.13,Accident,Fortis Hospital,2,1,Delhi,Rejected,0
404938.96,Accident,Apollo Hospital,3,1,Bengaluru,Approved,0
142350.99,Vehicle,Fortis Hospital,11,1,Hyderabad,Approved,0
468139.99,Medical,Max Hospital,18,1,Nagpur,Approved,1
503065.29,Vehicle,KEM Hospital,7,1,Delhi,Pending,0
215351.4,Accident,AIIMS,19,1,Pune,Pending,1
103235.06,Theft,Manipal Hospital,18,0,Nashik,Approved,1
542033.61,Vehicle,Fortis Hospital,13,1,Hyderabad,Approved,1
42086.85,Fire,Apollo Hospital,9,1,Bengaluru,Approved,0
225197.76,Fire,Ruby Hall Clinic,17,1,Bengaluru,Approved,0
368173.05,Accident,Fortis Hospital,11,1,Mumbai,Approved,0
141637.84,Vehicle,Fortis Hospital,17,1,Chennai,Approved,0
129171.71,Theft,Ruby Hall Clinic,18,1,Mumbai,Pending,0
340430.29,Medical,Ruby Hall Clinic,20,0,Mumbai,Approved,0
237777.81,Accident,AIIMS,3,0,Delhi,Approved,0
245485.68,Theft,Apollo Hospital,20,1,Mumbai,Approved,0
432725.11,Fire,AIIMS,6,0,Hyderabad,Approved,0
417233.0,Medical,KEM Hospital,5,0,Nashik,Rejected,0
206167.6,Vehicle,KEM Hospital,0,1,Bengaluru,Pending,0
79901.2,Fire,Fortis Hospital,12,1,Mumbai,Approved,0
531358.9,Medical,Manipal Hospital,0,0,Pune,Approved,0
513766.63,Theft,Apollo Hospital,20,1,Chennai,Approved,0
430475.13,Accident,AIIMS,0,1,Pune,Approved,0
481772.96,Accident,Apollo Hospital,9,1,Raipur,Approved,0
530433.71,Fire,KEM Hospital,19,1,Pune,Rejected,0
79366.04,Fire,Manipal Hospital,5,0,Delhi,Approved,0
19483.66,Medical,Manipal Hospital,12,0,Chennai,Pending,0
369872.46,Medical,Apollo Hospital,14,1,Nashik,Pending,1
339086.02,Fire,Apollo Hospital,1,1,Nashik,Pending,1
541295.18,Theft,Max Hospital,11,1,Hyderabad,Rejected,1
537503.42,Vehicle,AIIMS,18,1,Hyderabad,Approved,0
559321.54,Accident,Manipal Hospital,3,1,Mumbai,Approved,0
314322.52,Accident,Manipal Hospital,5,1,Delhi,Pending,1
237406.49,Vehicle,Max Hospital,9,1,Chennai,Approved,0
541290.61,Vehicle,Fortis Hospital,11,1,Chennai,Approved,1
226416.43,Accident,Manipal Hospital,16,1,Nagpur,Pending,1
51589.85,Vehicle,Max Hospital,17,0,Nashik,Approved,0
177763.66,Vehicle,KEM Hospital,19,1,Pune,Approved,0
266943.59,Vehicle,Apollo Hospital,0,1,Bengaluru,Pending,0
362424.6,Vehicle,Ruby Hall Clinic,18,1,Pune,Approved,1
232480.13,Fire,Apollo Hospital,9,0,Bengaluru,Rejected,0
205293.56,Medical,Max Hospital,6,1,Raipur,Approved,0
130290.7,Theft,Apollo Hospital,11,1,Chennai,Pending,1
286674.68,Vehicle,KEM Hospital,13,1,Bengaluru,Pending,1
403807.94,Accident,AIIMS,1,1,Mumbai,Approved,0
201026.95,Medical,AIIMS,14,1,Nagpur,Approved,0
496214.99,Medical,Ruby Hall Clinic,8,1,Pune,Approved,0
599104.29,Vehicle,Apollo Hospital,3,1,Bengaluru,Pending,1
532880.1,Vehicle,Fortis Hospital,6,1,Hyderabad,Pending,1
60143.93,Vehicle,AIIMS,1,1,Bengaluru,Pending,0
299366.86,Medical,Max Hospital,5,0,Pune,Approved,0
435326.15,Theft,Max Hospital,3,1,Bengaluru,Rejected,0
582227.45,Fire,Manipal Hospital,2,1,Raipur,Rejected,0
123066.49,Theft,Manipal Hospital,7,1,Mumbai,Pending,0
383696.26,Fire,Fortis Hospital,4,1,Chennai,Rejected,0
86497.44,Vehicle,AIIMS,2,1,Nashik,Approved,0
184335.02,Vehicle,Ruby Hall Clinic,14,0,Nagpur,Rejected,0
176879.36,Accident,Manipal Hospital,14,1,Pune,Approved,0
56592.42,Fire,KEM Hospital,20,0,Bengaluru,Approved,0
441724.8,Theft,AIIMS,17,1,Raipur,Approved,0
272852.3,Accident,Apollo Hospital,15,1,Hyderabad,Pending,0
428551.8,Accident,Ruby Hall Clinic,10,1,Bengaluru,Rejected,0
568871.25,Medical,KEM Hospital,18,0,Hyderabad,Pending,1
441407.51,Vehicle,Max Hospital,15,1,Mumbai,Approved,1
464544.33,Theft,Apollo Hospital,9,1,Bengaluru,Rejected,0
559492.63,Accident,Manipal Hospital,6,1,Raipur,Approved,0
450369.36,Vehicle,KEM Hospital,18,1,Nashik,Pending,1
535650.92,Accident,Ruby Hall Clinic,3,1,Raipur,Approved,0
180842.34,Theft,Fortis Hospital,5,1,Nagpur,Rejected,0
84262.44,Medical,Max Hospital,4,0,Bengaluru,Rejected,0
167741.19,Accident,Max Hospital,19,1,Bengaluru,Approved,0
566766.96,Fire,Max Hospital,17,1,Hyderabad,Approved,0
107063.65,Vehicle,Ruby Hall Clinic,11,1,Delhi,Approved,0
528129.33,Fire,AIIMS,4,1,Chennai,Approved,0
558130.83,Fire,Manipal Hospital,19,1,Mumbai,Pending,1
463966.87,Medical,KEM Hospital,1,1,Pune,Pending,0
185664.35,Medical,Manipal Hospital,16,0,Bengaluru,Approved,0
471557.45,Medical,Apollo Hospital,2,1,Bengaluru,Approved,0
199991.6,Accident,Max Hospital,13,1,Mumbai,Approved,0
375045.56,Fire,Apollo Hospital,7,0,Hyderabad,Rejected,0
125270.2,Medical,KEM Hospital,10,1,Raipur,Approved,0
574881.13,Accident,Manipal Hospital,14,1,Raipur,Approved,0
41321.04,Fire,Max Hospital,19,1,Delhi,Approved,0
228579.89,Theft,Manipal Hospital,18,1,Raipur,Approved,0
279629.97,Fire,Manipal Hospital,8,0,Mumbai,Approved,0
395898.62,Medical,Ruby Hall Clinic,11,1,Mumbai,Approved,0
430242.29,Accident,Apollo Hospital,9,1,Mumbai,Pending,1
414209.93,Fire,Fortis Hospital,14,0,Mumbai,Approved,0
505338.66,Accident,AIIMS,9,1,Bengaluru,Pending,0
62703.42,Theft,Max Hospital,6,1,Pune,Pending,0
519089.94,Vehicle,AIIMS,8,1,Pune,Approved,0
519236.83,Fire,KEM Hospital,12,1,Raipur,Pending,1
21132.56,Theft,Max Hospital,8,1,Raipur,Approved,0
467604.56,Theft,Max Hospital,1,1,Pune,Approved,0
114719.26,Vehicle,AIIMS,11,1,Bengaluru,Approved,0
507408.42,Theft,Ruby Hall Clinic,14,1,Chennai,Pending,1
298830.17,Medical,Ruby Hall Clinic,4,1,Bengaluru,Pending,0
242537.66,Accident,KEM Hospital,10,1,Hyderabad,Pending,0
571232.27,Fire,Manipal Hospital,11,1,Chennai,Rejected,0
549891.41,Medical,Manipal Hospital,0,0,Nashik,Approved,0
198187.51,Accident,Max Hospital,11,1,Chennai,Pending,1
200101.88,Fire,Ruby Hall Clinic,15,1,Chennai,Approved,0
576796.57,Medical,Fortis Hospital,7,0,Nagpur,Rejected,0
494789.69,Fire,Manipal Hospital,9,0,Hyderabad,Pending,1
18890.85,Medical,Apollo Hospital,10,1,Nagpur,Pending,0
119187.34,Medical,AIIMS,20,1,Nagpur,Approved,0
111593.51,Fire,AIIMS,13,0,Raipur,Approved,0
235645.91,Medical,AIIMS,12,1,Raipur,Rejected,0
319518.89,Vehicle,KEM Hospital,1,1,Nashik,Pending,0
93200.2,Theft,Manipal Hospital,4,0,Pune,Approved,0
372517.07,Accident,Ruby Hall Clinic,3,1,Pune,Approved,0
362548.99,Accident,Manipal Hospital,13,1,Delhi,Approved,0
458744.29,Theft,Max Hospital,18,1,Pune,Rejected,0
369784.68,Theft,Manipal Hospital,5,1,Delhi,Approved,0
59784.38,Medical,Apollo Hospital,0,1,Bengaluru,Pending,0
309516.54,Medical,Apollo Hospital,0,1,Raipur,Pending,1
137878.7,Accident,Fortis Hospital,3,1,Hyderabad,Approved,0
294169.95,Medical,Max Hospital,9,1,Mumbai,Approved,0
43509.23,Accident,KEM Hospital,12,1,Mumbai,Pending,1
304854.56,Theft,Apollo Hospital,9,1,Bengaluru,Pending,1
190755.49,Medical,Fortis Hospital,12,0,Hyderabad,Pending,1
104804.71,Fire,Max Hospital,8,0,Bengaluru,Approved,0
413358.29,Fire,AIIMS,19,1,Bengaluru,Approved,1
231597.16,Vehicle,Apollo Hospital,20,1,Hyderabad,Approved,0
189400.42,Theft,Apollo Hospital,2,1,Delhi,Pending,0
416681.98,Accident,KEM Hospital,4,1,Chennai,Approved,0
248397.18,Vehicle,Manipal Hospital,16,1,Hyderabad,Rejected,0
510709.47,Theft,KEM Hospital,20,1,Mumbai,Approved,1
476730.99,Vehicle,Manipal Hospital,19,1,Bengaluru,Approved,1
12718.24,Theft,KEM Hospital,17,1,Nagpur,Pending,1
214149.77,Accident,Apollo Hospital,11,1,Pune,Approved,0
20876.35,Fire,Manipal Hospital,10,0,Hyderabad,Pending,0
242553.03,Accident,Max Hospital,2,1,Pune,Approved,0
327852.98,Medical,Fortis Hospital,0,1,Nashik,Pending,0
65078.66,Accident,Manipal Hospital,12,0,Mumbai,Approved,1
322548.67,Theft,Fortis Hospital,17,1,Bengaluru,Approved,1
158079.65,Accident,Fortis Hospital,11,1,Bengaluru,Pending,0
109997.93,Vehicle,KEM Hospital,15,1,Nashik,Approved,0
596187.79,Vehicle,Apollo Hospital,12,0,Hyderabad,Approved,1
407153.53,Fire,Max Hospital,20,1,Raipur,Approved,1
398524.53,Accident,Ruby Hall Clinic,6,1,Bengaluru,Pending,1
37626.03,Accident,Fortis Hospital,16,0,Delhi,Approved,1
563281.48,Vehicle,KEM Hospital,5,1,Nashik,Approved,0
369892.92,Fire,Max Hospital,19,1,Pune,Approved,1
434678.54,Accident,Manipal Hospital,3,1,Mumbai,Pending,1
492846.88,Vehicle,Apollo Hospital,19,1,Bengaluru,Approved,0
371668.63,Fire,KEM Hospital,1,1,Bengaluru,Rejected,0
551771.18,Vehicle,Manipal Hospital,15,1,Pune,Approved,0
379589.14,Accident,Manipal Hospital,4,1,Hyderabad,Approved,0
19925.39,Theft,Apollo Hospital,11,1,Mumbai,Approved,0
413056.34,Fire,Fortis Hospital,20,0,Delhi,Rejected,0
126274.1,Accident,KEM Hospital,5,1,Chennai,Rejected,0
343065.09,Medical,Apollo Hospital,20,0,Bengaluru,Approved,0
280448.12,Vehicle,Apollo Hospital,9,1,Hyderabad,Rejected,0
575885.78,Theft,KEM Hospital,18,1,Mumbai,Pending,1
159436.33,Fire,AIIMS,17,0,Nagpur,Rejected,0
236176.49,Accident,Ruby Hall Clinic,13,1,Raipur,Rejected,0
432000.23,Fire,Ruby Hall Clinic,8,1,Raipur,Rejected,0
568325.66,Medical,Max Hospital,12,1,Mumbai,Pending,1
538877.98,Vehicle,AIIMS,3,1,Mumbai,Approved,0
214614.55,Medical,Fortis Hospital,4,1,Pune,Approved,0
264683.61,Medical,Apollo Hospital,0,0,Delhi,Pending,0
105165.36,Vehicle,Fortis Hospital,1,1,Mumbai,Pending,0
561327.03,Medical,KEM Hospital,3,1,Bengaluru,Approved,0
143463.11,Theft,Ruby Hall Clinic,11,1,Raipur,Approved,0
565647.08,Vehicle,AIIMS,13,1,Delhi,Approved,1
377868.79,Fire,Apollo Hospital,1,0,Delhi,Approved,0
350396.57,Medical,Manipal Hospital,6,0,Delhi,Pending,1
284414.08,Fire,AIIMS,16,0,Pune,Rejected,0
124424.15,Fire,Max Hospital,16,0,Hyderabad,Rejected,0
476825.75,Theft,Max Hospital,16,1,Nashik,Pending,1
210615.29,Theft,KEM Hospital,5,1,Mumbai,Approved,0
251898.92,Medical,Max Hospital,10,0,Pune,Pending,0
5809.14,Theft,Apollo Hospital,1,1,Nagpur,Approved,0
76275.5,Vehicle,Apollo Hospital,3,1,Bengaluru,Pending,0
34980.01,Theft,KEM Hospital,2,1,Raipur,Approved,0
318759.27,Accident,Apollo Hospital,3,1,Raipur,Approved,0
62594.56,Vehicle,Ruby Hall Clinic,3,1,Raipur,Approved,0
148376.5,Fire,Ruby Hall Clinic,6,0,Raipur,Pending,0
303435.69,Theft,Fortis Hospital,17,1,Chennai,Approved,1
64193.67,Fire,AIIMS,13,0,Hyderabad,Approved,0
507122.08,Accident,Max Hospital,5,0,Raipur,Approved,1
549330.33,Vehicle,Fortis Hospital,7,1,Pune,Approved,0
151440.29,Theft,AIIMS,16,1,Nagpur,Approved,0
396941.35,Theft,AIIMS,9,1,Delhi,Approved,0
483867.26,Accident,AIIMS,7,1,Bengaluru,Pending,1
436656.43,Accident,Max Hospital,13,1,Chennai,Approved,1
548402.87,Fire,KEM Hospital,4,0,Nagpur,Approved,0
541607.09,Theft,AIIMS,8,1,Pune,Approved,0
55096.72,Vehicle,Apollo Hospital,19,1,Mumbai,Approved,0
260134.52,Theft,Fortis Hospital,13,1,Bengaluru,Rejected,0
121953.29,Theft,Apollo Hospital,0,0,Pune,Approved,1
220322.44,Theft,KEM Hospital,5,1,Delhi,Approved,0
179189.81,Vehicle,Ruby Hall Clinic,18,1,Nagpur,Rejected,0
180356.57,Medical,AIIMS,10,0,Hyderabad,Approved,0
346751.24,Fire,KEM Hospital,6,0,Delhi,Pending,0
84325.81,Medical,Apollo Hospital,13,1,Bengaluru,Approved,0
291942.92,Accident,Max Hospital,2,1,Raipur,Approved,0
423081.97,Fire,AIIMS,3,0,Pune,Approved,0
418279.67,Accident,AIIMS,10,1,Hyderabad,Pending,0
548127.21,Fire,KEM Hospital,14,1,Bengaluru,Approved,0
264995.63,Vehicle,Ruby Hall Clinic,18,0,Chennai,Approved,0
14617.74,Fire,Ruby Hall Clinic,11,1,Chennai,Approved,0
149555.95,Theft,Manipal Hospital,9,0,Delhi,Approved,1
139485.96,Accident,Manipal Hospital,9,1,Raipur,Rejected,0
403082.12,Accident,KEM Hospital,6,0,Raipur,Approved,1
29314.58,Fire,Manipal Hospital,8,0,Chennai,Approved,0
103141.41,Accident,Manipal Hospital,12,1,Nashik,Approved,0
72045.26,Theft,AIIMS,2,1,Hyderabad,Approved,0
468047.26,Theft,KEM Hospital,0,1,Delhi,Approved,0
228162.72,Fire,AIIMS,20,0,Hyderabad,Approved,0
448876.69,Medical,Max Hospital,14,0,Chennai,Rejected,1
63961.1,Theft,Manipal Hospital,11,1,Raipur,Approved,0
530049.41,Medical,Ruby Hall Clinic,0,1,Hyderabad,Pending,1
441945.17,Fire,Manipal Hospital,2,1,Nashik,Approved,0
313601.52,Medical,Apollo Hospital,14,1,Raipur,Pending,1
92375.98,Vehicle,KEM Hospital,15,1,Chennai,Pending,1
556405.8,Vehicle,Apollo Hospital,12,1,Nagpur,Rejected,0
53080.54,Medical,Max Hospital,19,0,Pune,Pending,0
291763.63,Medical,AIIMS,8,1,Chennai,Approved,0
439055.09,Accident,Apollo Hospital,2,1,Bengaluru,Rejected,0
190468.45,Theft,Manipal Hospital,6,0,Mumbai,Pending,1
26044.72,Fire,Max Hospital,9,0,Chennai,Approved,0
241947.85,Accident,Ruby Hall Clinic,10,1,Raipur,Approved,0
378610.27,Vehicle,KEM Hospital,20,1,Raipur,Approved,1
137869.94,Fire,Max Hospital,1,1,Raipur,Approved,0
275842.69,Theft,Manipal Hospital,2,1,Chennai,Rejected,0
160933.89,Medical,Ruby Hall Clinic,19,0,Mumbai,Approved,0
385883.15,Medical,Ruby Hall Clinic,19,0,Bengaluru,Approved,0
474792.15,Vehicle,Max Hospital,14,0,Bengaluru,Approved,1
194359.85,Theft,Apollo Hospital,14,1,Bengaluru,Approved,0
128593.8,Theft,KEM Hospital,18,1,Bengaluru,Rejected,0
284342.18,Theft,Fortis Hospital,11,1,Pune,Approved,0
81681.28,Fire,Ruby Hall Clinic,3,0,Delhi,Rejected,0
276242.37,Medical,Fortis Hospital,10,0,Hyderabad,Approved,0
589190.41,Medical,Apollo Hospital,13,1,Hyderabad,Approved,1
76258.7,Accident,Manipal Hospital,4,1,Pune,Approved,0
225474.09,Vehicle,Apollo Hospital,10,0,Mumbai,Rejected,0
536741.7,Fire,Manipal Hospital,20,1,Mumbai,Approved,1
425260.06,Vehicle,Max Hospital,3,1,Pune,Approved,0
381388.62,Vehicle,Max Hospital,15,1,Nagpur,Approved,1
136804.03,Theft,Apollo Hospital,6,1,Nagpur,Pending,0
499401.93,Vehicle,Fortis Hospital,4,1,Delhi,Approved,0
360469.46,Vehicle,Max Hospital,3,1,Raipur,Pending,1
484852.92,Theft,Ruby Hall Clinic,8,1,Hyderabad,Rejected,0
468267.29,Vehicle,Manipal Hospital,14,1,Nagpur,Approved,1
36564.71,Vehicle,Max Hospital,4,1,Chennai,Approved,0
332761.69,Fire,Max Hospital,6,1,Mumbai,Approved,0
95143.13,Vehicle,Fortis Hospital,19,0,Chennai,Approved,0
262261.08,Accident,KEM Hospital,19,1,Hyderabad,Approved,0
94287.99,Fire,Apollo Hospital,4,0,Mumbai,Pending,0
514385.33,Theft,Ruby Hall Clinic,5,1,Nagpur,Pending,0
470659.77,Medical,AIIMS,8,0,Nagpur,Pending,1
333568.06,Vehicle,AIIMS,4,1,Nagpur,Approved,0
5621.53,Accident,AIIMS,11,1,Nagpur,Rejected,0
108938.48,Medical,Apollo Hospital,15,1,Mumbai,Approved,0
112927.29,Medical,Ruby Hall Clinic,14,0,Delhi,Pending,1
134240.66,Medical,Apollo Hospital,9,0,Delhi,Rejected,0
300253.13,Theft,Ruby Hall Clinic,5,1,Raipur,Pending,1
98301.31,Theft,Manipal Hospital,20,1,Mumbai,Pending,0
51236.99,Theft,AIIMS,4,1,Hyderabad,Approved,0
179271.85,Vehicle,Max Hospital,18,1,Hyderabad,Approved,0
500043.18,Theft,KEM Hospital,12,0,Raipur,Rejected,1
309636.78,Theft,KEM Hospital,11,1,Raipur,Approved,1
78368.51,Fire,Ruby Hall Clinic,12,1,Chennai,Pending,0
5686.72,Theft,KEM Hospital,10,0,Nagpur,Rejected,1
123818.61,Medical,KEM Hospital,7,1,Hyderabad,Approved,0
141280.09,Medical,Manipal Hospital,15,1,Chennai,Approved,0
229390.05,Medical,Ruby Hall Clinic,5,1,Delhi,Approved,0
525547.23,Accident,KEM Hospital,3,1,Bengaluru,Pending,0
544359.25,Vehicle,Max Hospital,10,0,Nagpur,Approved,0
112147.34,Medical,Max Hospital,5,1,Delhi,Approved,0
105544.03,Theft,Max Hospital,10,1,Nagpur,Pending,0
596393.74,Medical,AIIMS,4,1,Bengaluru,Approved,0
409519.42,Medical,Fortis Hospital,14,0,Delhi,Approved,1
517855.56,Vehicle,Manipal Hospital,3,1,Hyderabad,Approved,0
345459.47,Fire,Apollo Hospital,5,1,Raipur,Pending,0
59864.89,Medical,Max Hospital,10,0,Raipur,Approved,0
386190.85,Accident,AIIMS,13,1,Pune,Rejected,1
388430.99,Theft,Max Hospital,0,1,Delhi,Approved,0
469507.69,Vehicle,Ruby Hall Clinic,14,1,Bengaluru,Pending,1
485201.55,Vehicle,KEM Hospital,11,1,Delhi,Approved,1
81848.94,Accident,KEM Hospital,17,1,Chennai,Pending,0
519419.85,Vehicle,Max Hospital,14,0,Pune,Approved,1
554491.56,Medical,Ruby Hall Clinic,9,1,Chennai,Approved,0
116504.72,Medical,Ruby Hall Clinic,12,1,Pune,Approved,0
571530.14,Vehicle,Ruby Hall Clinic,20,1,Delhi,Pending,1
312050.99,Vehicle,Apollo Hospital,12,1,Raipur,Approved,0
232839.57,Theft,Manipal Hospital,4,1,Chennai,Approved,0
158538.42,Theft,Max Hospital,2,1,Mumbai,Approved,0
442055.51,Accident,Apollo Hospital,14,1,Mumbai,Approved,1
183835.43,Medical,Max Hospital,20,0,Pune,Approved,0
201367.74,Theft,Manipal Hospital,14,1,Chennai,Approved,0
387572.71,Medical,Max Hospital,1,0,Nagpur,Rejected,0
62840.71,Fire,Fortis Hospital,0,1,Raipur,Rejected,0
19742.99,Accident,Fortis Hospital,1,1,Chennai,Pending,0
474768.72,Accident,AIIMS,14,1,Nagpur,Approved,0
5421.54,Medical,Max Hospital,0,0,Bengaluru,Approved,0
367112.27,Theft,KEM Hospital,1,1,Mumbai,Approved,0
527168.89,Vehicle,Fortis Hospital,6,1,Nagpur,Pending,0
264497.92,Vehicle,KEM Hospital,2,1,Bengaluru,Approved,0
5273.31,Theft,KEM Hospital,5,1,Raipur,Approved,0
536860.39,Medical,Ruby Hall Clinic,8,0,Nagpur,Approved,0
338531.21,Accident,KEM Hospital,1,1,Mumbai,Approved,0
460594.34,Medical,Ruby Hall Clinic,3,1,Bengaluru,Approved,0
69862.83,Medical,Max Hospital,16,0,Nagpur,Approved,0
205685.11,Vehicle,KEM Hospital,11,1,Nashik,Pending,1
301135.26,Fire,AIIMS,20,0,Bengaluru,Pending,1
36509.42,Medical,KEM Hospital,17,1,Nagpur,Pending,1
30437.61,Accident,Manipal Hospital,7,1,Bengaluru,Rejected,0
285413.1,Fire,Ruby Hall Clinic,18,1,Chennai,Approved,0
444266.1,Accident,Apollo Hospital,2,1,Hyderabad,Rejected,0
314346.98,Vehicle,KEM Hospital,6,1,Hyderabad,Approved,0
568371.86,Accident,Fortis Hospital,4,1,Bengaluru,Rejected,0
69966.78,Fire,Apollo Hospital,7,1,Chennai,Approved,0
252537.17,Fire,KEM Hospital,19,0,Nashik,Approved,0
156546.74,Theft,AIIMS,1,1,Chennai,Pending,0
78132.48,Medical,Manipal Hospital,19,0,Nagpur,Pending,1
414353.33,Vehicle,Apollo Hospital,8,1,Bengaluru,Rejected,0
221100.53,Fire,Max Hospital,17,0,Nagpur,Approved,0
423484.97,Theft,Fortis Hospital,19,1,Pune,Pending,1
419779.85,Fire,Apollo Hospital,13,0,Nagpur,Approved,1
55951.43,Theft,Manipal Hospital,1,1,Raipur,Rejected,0
199544.12,Accident,KEM Hospital,17,1,Mumbai,Pending,1
343065.6,Vehicle,Fortis Hospital,13,1,Delhi,Pending,1
229870.14,Accident,Manipal Hospital,8,1,Raipur,Rejected,0
176372.95,Fire,Ruby Hall Clinic,14,0,Delhi,Approved,0
544025.15,Medical,Max Hospital,12,0,Hyderabad,Rejected,0
426765.18,Fire,KEM Hospital,10,0,Delhi,Approved,0
132969.02,Theft,Ruby Hall Clinic,19,1,Bengaluru,Approved,0
377259.21,Vehicle,Ruby Hall Clinic,18,1,Nashik,Pending,1
551983.52,Theft,Max Hospital,8,1,Chennai,Approved,0
177901.68,Medical,Ruby Hall Clinic,8,1,Hyderabad,Approved,0
486343.33,Medical,Max Hospital,12,1,Nagpur,Approved,1
549461.5,Theft,Fortis Hospital,1,1,Bengaluru,Rejected,0
321544.49,Fire,Max Hospital,18,1,Chennai,Pending,1
286790.31,Accident,AIIMS,11,1,Raipur,Approved,0
205592.7,Fire,AIIMS,14,1,Raipur,Approved,0
408917.89,Accident,KEM Hospital,17,1,Chennai,Approved,1
273382.47,Vehicle,Fortis Hospital,1,1,Hyderabad,Approved,0
156336.94,Accident,Apollo Hospital,10,1,Nashik,Approved,0
13755.02,Fire,Manipal Hospital,12,1,Delhi,Approved,0
59521.23,Vehicle,Max Hospital,5,1,Chennai,Rejected,0
60239.27,Theft,Manipal Hospital,14,0,Chennai,Approved,1
273077.27,Fire,Manipal Hospital,20,1,Pune,Approved,0
328670.97,Medical,Manipal Hospital,20,0,Hyderabad,Approved,1
199898.68,Fire,Ruby Hall Clinic,10,0,Bengaluru,Pending,0
221030.57,Accident,Ruby Hall Clinic,15,1,Hyderabad,Pending,1
445120.19,Accident,Ruby Hall Clinic,9,1,Mumbai,Approved,0
403542.2,Vehicle,Apollo Hospital,11,1,Pune,Approved,1
100684.53,Vehicle,Manipal Hospital,2,1,Nashik,Approved,0
52090.95,Fire,AIIMS,9,1,Raipur,Approved,0
118444.12,Medical,Fortis Hospital,2,0,Mumbai,Rejected,0
233325.87,Vehicle,Manipal Hospital,15,1,Nashik,Approved,0
369045.11,Theft,KEM Hospital,1,1,Hyderabad,Approved,0
252803.84,Vehicle,Fortis Hospital,1,1,Chennai,Rejected,0
283912.11,Theft,KEM Hospital,14,1,Pune,Approved,0
500149.9,Medical,KEM Hospital,2,1,Hyderabad,Approved,0
130708.01,Theft,Max Hospital,18,1,Bengaluru,Approved,0
520660.29,Theft,AIIMS,3,1,Delhi,Pending,0
381810.26,Accident,Fortis Hospital,10,1,Chennai,Rejected,0
182648.73,Fire,Manipal Hospital,16,1,Bengaluru,Approved,0
60433.0,Medical,Max Hospital,3,1,Raipur,Approved,0
191618.78,Medical,Fortis Hospital,18,0,Chennai,Rejected,0
376651.68,Fire,Fortis Hospital,7,0,Raipur,Pending,1
158978.04,Medical,AIIMS,17,0,Chennai,Pending,0
230202.09,Vehicle,Apollo Hospital,20,1,Hyderabad,Rejected,0
177779.8,Medical,Apollo Hospital,2,1,Raipur,Rejected,0
213601.76,Accident,Manipal Hospital,18,1,Pune,Approved,0
118900.55,Theft,Fortis Hospital,17,1,Bengaluru,Approved,0
363136.6,Accident,Apollo Hospital,4,1,Pune,Approved,0
321551.11,Fire,Ruby Hall Clinic,19,1,Bengaluru,Approved,1
475154.91,Medical,KEM Hospital,10,0,Delhi,Pending,1
321118.73,Medical,AIIMS,9,1,Raipur,Approved,0
528110.22,Vehicle,Fortis Hospital,9,1,Nagpur,Approved,0
402835.67,Medical,Manipal Hospital,2,1,Mumbai,Rejected,0
181661.21,Vehicle,Ruby Hall Clinic,18,1,Chennai,Rejected,0
180612.23,Theft,Fortis Hospital,9,1,Raipur,Approved,0
388634.85,Medical,Max Hospital,12,1,Pune,Approved,1
181941.66,Medical,Ruby Hall Clinic,4,1,Nashik,Pending,0
195152.27,Theft,Max Hospital,12,1,Mumbai,Approved,0
283410.16,Medical,Apollo Hospital,7,1,Mumbai,Pending,0
515392.61,Vehicle,Apollo Hospital,13,1,Hyderabad,Approved,1
334055.84,Vehicle,Fortis Hospital,5,1,Delhi,Rejected,0
584233.99,Accident,Apollo Hospital,13,1,Nagpur,Pending,1
24985.23,Vehicle,Ruby Hall Clinic,3,1,Chennai,Approved,0
215170.34,Accident,Apollo Hospital,19,1,Raipur,Approved,0
440523.73,Vehicle,Apollo Hospital,2,1,Bengaluru,Approved,0
121591.61,Vehicle,Max Hospital,18,1,Delhi,Rejected,0
445623.4,Theft,AIIMS,7,1,Hyderabad,Rejected,0
244779.71,Vehicle,Fortis Hospital,10,0,Chennai,Approved,0
393854.22,Theft,Max Hospital,9,1,Nagpur,Pending,1
57102.45,Accident,AIIMS,5,1,Nashik,Approved,0
517137.47,Accident,Max Hospital,17,1,Mumbai,Approved,0
197833.31,Theft,AIIMS,11,1,Nashik,Approved,0
242766.48,Vehicle,Manipal Hospital,1,1,Mumbai,Approved,0
15993.05,Vehicle,Max Hospital,5,1,Nashik,Approved,0
589658.44,Vehicle,Max Hospital,10,1,Pune,Rejected,0
274356.18,Theft,Max Hospital,12,1,Hyderabad,Pending,1
185568.59,Medical,Max Hospital,10,0,Pune,Pending,0
304983.48,Medical,Ruby Hall Clinic,13,1,Raipur,Approved,1
137552.24,Theft,Manipal Hospital,10,1,Delhi,Rejected,0
117529.24,Accident,Manipal Hospital,9,1,Chennai,Approved,0
46151.53,Vehicle,Manipal Hospital,11,1,Chennai,Approved,0
297583.21,Vehicle,Manipal Hospital,18,1,Hyderabad,Approved,0
399882.1,Theft,Apollo Hospital,13,1,Delhi,Approved,1
202669.39,Accident,Manipal Hospital,19,1,Chennai,Approved,0
220887.26,Vehicle,Max Hospital,4,1,Nagpur,Pending,0
466618.3,Accident,Fortis Hospital,5,1,Nagpur,Approved,0
265920.78,Accident,AIIMS,10,0,Pune,Approved,1
244778.04,Fire,Manipal Hospital,18,1,Nashik,Approved,0
75192.81,Vehicle,Ruby Hall Clinic,12,1,Nagpur,Approved,0
435014.34,Accident,Apollo Hospital,18,1,Delhi,Rejected,1
203409.78,Accident,AIIMS,11,1,Hyderabad,Approved,0
293139.91,Fire,AIIMS,17,0,Bengaluru,Approved,0
97241.27,Fire,AIIMS,15,1,Nashik,Approved,0
444885.9,Medical,KEM Hospital,5,1,Nagpur,Rejected,0
15270.66,Medical,Fortis Hospital,7,0,Hyderabad,Approved,0
35764.26,Theft,KEM Hospital,17,1,Bengaluru,Approved,0
249411.65,Theft,AIIMS,3,1,Raipur,Pending,0
91599.43,Theft,AIIMS,5,1,Nagpur,Approved,0
101919.94,Vehicle,KEM Hospital,3,1,Nagpur,Rejected,0
194856.03,Medical,AIIMS,6,0,Mumbai,Approved,0
20983.87,Vehicle,Ruby Hall Clinic,16,1,Raipur,Pending,1
192834.81,Vehicle,Ruby Hall Clinic,6,0,Delhi,Approved,0
189658.7,Accident,Fortis Hospital,5,1,Nashik,Rejected,0
549783.0,Medical,Apollo Hospital,15,1,Bengaluru,Approved,0
477550.03,Theft,Apollo Hospital,9,1,Nagpur,Approved,0
451940.39,Accident,AIIMS,10,1,Nashik,Approved,0
583502.91,Fire,Apollo Hospital,4,1,Nashik,Rejected,0
537960.65,Fire,KEM Hospital,2,1,Nashik,Approved,0
84633.59,Fire,Max Hospital,9,1,Raipur,Pending,0
343380.38,Fire,Fortis Hospital,10,0,Delhi,Approved,0
459438.33,Medical,Manipal Hospital,7,1,Mumbai,Approved,0
344480.41,Theft,AIIMS,11,1,Raipur,Pending,1
76451.47,Medical,Ruby Hall Clinic,8,0,Bengaluru,Rejected,0
552057.0,Accident,Ruby Hall Clinic,13,0,Mumbai,Approved,1
59087.05,Vehicle,KEM Hospital,16,1,Chennai,Rejected,0
348679.06,Medical,KEM Hospital,18,0,Bengaluru,Approved,1
352303.77,Vehicle,AIIMS,0,1,Bengaluru,Rejected,0
596529.85,Theft,Ruby Hall Clinic,12,1,Nashik,Approved,0
496288.07,Accident,Ruby Hall Clinic,20,0,Nagpur,Approved,1
72291.26,Theft,Manipal Hospital,2,0,Hyderabad,Approved,1
555369.8,Theft,AIIMS,13,1,Nagpur,Approved,0
347832.7,Fire,KEM Hospital,19,0,Chennai,Approved,1
589515.6,Fire,Manipal Hospital,9,0,Chennai,Rejected,0
414161.62,Theft,Fortis Hospital,14,1,Nagpur,Rejected,1
530187.65,Theft,Ruby Hall Clinic,16,1,Delhi,Pending,1
105233.02,Accident,Manipal Hospital,12,0,Chennai,Approved,1
78050.3,Accident,Ruby Hall Clinic,20,1,Pune,Approved,0
61711.17,Theft,Manipal Hospital,10,1,Chennai,Approved,0
502609.22,Fire,Apollo Hospital,7,0,Bengaluru,Rejected,0
311769.71,Vehicle,AIIMS,8,0,Chennai,Approved,0
513500.07,Accident,KEM Hospital,0,1,Hyderabad,Approved,0
211693.86,Medical,AIIMS,5,0,Chennai,Approved,0
283988.42,Fire,Ruby Hall Clinic,15,1,Raipur,Approved,0
279266.7,Fire,Fortis Hospital,16,0,Nashik,Approved,0
588021.25,Medical,Manipal Hospital,17,1,Bengaluru,Pending,1
537331.25,Accident,Fortis Hospital,10,1,Nashik,Approved,0
471665.3,Theft,Max Hospital,19,1,Bengaluru,Pending,1
347072.33,Vehicle,KEM Hospital,20,1,Chennai,Approved,1
80379.56,Accident,Max Hospital,11,1,Delhi,Rejected,0
271277.53,Theft,Ruby Hall Clinic,8,1,Pune,Pending,0
177930.74,Vehicle,KEM Hospital,20,1,Chennai,Rejected,0
28620.13,Medical,Ruby Hall Clinic,19,1,Mumbai,Rejected,0
57608.87,Fire,AIIMS,17,0,Delhi,Pending,1
390806.99,Vehicle,KEM Hospital,19,1,Nashik,Approved,0
594931.12,Theft,AIIMS,18,1,Nashik,Rejected,0
502832.81,Medical,KEM Hospital,18,0,Nashik,Approved,1
214249.83,Vehicle,Manipal Hospital,1,1,Pune,Pending,0
157099.78,Medical,Apollo Hospital,12,0,Nashik,Pending,1
328725.66,Theft,Fortis Hospital,18,1,Pune,Approved,1
476440.54,Medical,Fortis Hospital,19,0,Raipur,Rejected,1
60832.49,Vehicle,Max Hospital,4,1,Chennai,Pending,0
125469.58,Vehicle,Fortis Hospital,17,1,Nagpur,Approved,0
261831.52,Vehicle,Fortis Hospital,6,1,Raipur,Approved,0
563852.3,Vehicle,Max Hospital,0,1,Raipur,Rejected,0
83431.76,Medical,Fortis Hospital,15,1,Raipur,Approved,0
69519.6,Medical,KEM Hospital,16,1,Mumbai,Rejected,0
256915.02,Fire,Manipal Hospital,18,0,Nashik,Pending,1
262355.72,Accident,AIIMS,12,1,Delhi,Approved,0
389054.78,Accident,Fortis Hospital,2,1,Raipur,Approved,0
405503.62,Vehicle,Ruby Hall Clinic,13,1,Delhi,Approved,0
19800.52,Theft,Apollo Hospital,15,1,Mumbai,Approved,0
142290.54,Fire,KEM Hospital,1,1,Pune,Approved,0
173988.39,Theft,Max Hospital,14,1,Pune,Approved,0
401782.73,Medical,AIIMS,8,1,Raipur,Pending,0
392315.11,Fire,Max Hospital,4,0,Pune,Approved,0
118636.33,Accident,Ruby Hall Clinic,5,1,Raipur,Approved,0
282532.98,Accident,Max Hospital,2,1,Mumbai,Approved,0
19427.14,Fire,Manipal Hospital,12,1,Nagpur,Pending,1
337409.42,Theft,Ruby Hall Clinic,20,1,Pune,Approved,1
472784.73,Vehicle,KEM Hospital,0,1,Nagpur,Rejected,0
378152.09,Theft,Apollo Hospital,9,1,Pune,Approved,0
140763.82,Accident,Fortis Hospital,12,1,Raipur,Approved,0
389615.15,Accident,Ruby Hall Clinic,19,1,Delhi,Rejected,1
186929.89,Fire,AIIMS,10,0,Nashik,Approved,0
270495.51,Accident,Fortis Hospital,0,1,Chennai,Pending,0
525156.7,Fire,Fortis Hospital,18,0,Nagpur,Pending,1
304958.92,Accident,KEM Hospital,16,1,Nagpur,Approved,0
98884.46,Fire,Manipal Hospital,7,1,Pune,Pending,0
421323.08,Vehicle,Max Hospital,10,1,Nagpur,Rejected,0
489303.89,Accident,Manipal Hospital,20,1,Nashik,Rejected,1
340383.26,Vehicle,Ruby Hall Clinic,7,1,Nashik,Approved,0
245228.26,Vehicle,AIIMS,5,1,Bengaluru,Pending,0
374230.9,Theft,AIIMS,18,1,Delhi,Approved,0
59854.73,Accident,Manipal Hospital,16,1,Nagpur,Rejected,0
377069.87,Accident,Ruby Hall Clinic,16,1,Nagpur,Approved,0
372621.08,Vehicle,Apollo Hospital,15,0,Raipur,Approved,1
596631.55,Theft,Ruby Hall Clinic,19,0,Hyderabad,Pending,1
129520.06,Medical,Max Hospital,6,0,Nashik,Approved,0
438176.54,Medical,AIIMS,3,0,Raipur,Rejected,0
366926.56,Vehicle,Fortis Hospital,11,1,Raipur,Approved,1
106576.98,Fire,Manipal Hospital,20,0,Mumbai,Pending,1
435483.33,Vehicle,Apollo Hospital,9,0,Bengaluru,Approved,0
397755.41,Fire,Apollo Hospital,16,0,Nagpur,Approved,0
491226.36,Vehicle,Fortis Hospital,18,1,Nagpur,Approved,0
141235.96,Medical,Manipal Hospital,16,0,Mumbai,Approved,0
498660.43,Fire,Apollo Hospital,19,1,Raipur,Approved,0
544280.16,Accident,Ruby Hall Clinic,1,1,Bengaluru,Approved,0
164631.06,Medical,AIIMS,7,0,Pune,Pending,0
272884.25,Medical,AIIMS,20,0,Raipur,Pending,1
226099.09,Vehicle,KEM Hospital,10,1,Pune,Approved,0
31320.03,Accident,AIIMS,0,1,Hyderabad,Approved,0
198235.98,Theft,Max Hospital,17,1,Mumbai,Approved,0
459760.73,Theft,Manipal Hospital,12,1,Bengaluru,Approved,1
350827.68,Accident,Ruby Hall Clinic,0,1,Chennai,Approved,0
566691.11,Accident,Fortis Hospital,10,1,Pune,Approved,0
91085.97,Medical,Ruby Hall Clinic,18,1,Chennai,Pending,1
138281.66,Fire,KEM Hospital,14,1,Chennai,Approved,0
129543.75,Vehicle,Apollo Hospital,1,1,Mumbai,Rejected,0
210532.92,Accident,Ruby Hall Clinic,7,1,Pune,Approved,0
96939.36,Theft,Ruby Hall Clinic,18,0,Delhi,Rejected,1
301625.57,Theft,Max Hospital,19,1,Delhi,Approved,1
293779.16,Accident,Fortis Hospital,0,1,Bengaluru,Approved,0
155941.64,Fire,Manipal Hospital,14,1,Pune,Approved,0
590433.03,Fire,AIIMS,19,1,Raipur,Pending,1
324081.14,Accident,Apollo Hospital,12,1,Hyderabad,Approved,0
73056.53,Accident,AIIMS,6,1,Nashik,Rejected,0
455710.07,Theft,Ruby Hall Clinic,0,1,Nashik,Approved,0
30298.26,Fire,Fortis Hospital,2,1,Mumbai,Approved,0
30640.02,Medical,Ruby Hall Clinic,17,0,Hyderabad,Approved,0
51026.87,Accident,Apollo Hospital,20,1,Delhi,Approved,0
166893.0,Vehicle,Ruby Hall Clinic,16,1,Raipur,Approved,0
524669.26,Fire,KEM Hospital,7,0,Hyderabad,Approved,0
44887.93,Vehicle,Apollo Hospital,2,1,Mumbai,Rejected,0
86193.7,Medical,Ruby Hall Clinic,16,0,Chennai,Approved,0
367355.87,Medical,KEM Hospital,15,1,Chennai,Pending,1
233832.73,Vehicle,Ruby Hall Clinic,8,1,Delhi,Approved,0
474155.25,Medical,Manipal Hospital,17,1,Nashik,Rejected,0
54867.21,Fire,Ruby Hall Clinic,4,0,Raipur,Approved,0
374967.91,Vehicle,Ruby Hall Clinic,19,0,Bengaluru,Rejected,1
60124.17,Vehicle,KEM Hospital,0,1,Pune,Approved,0
129239.54,Vehicle,Max Hospital,1,1,Chennai,Rejected,0
253457.78,Medical,Max Hospital,18,1,Delhi,Approved,0
462139.89,Vehicle,Max Hospital,9,1,Raipur,Rejected,0
421446.0,Accident,Manipal Hospital,20,1,Delhi,Approved,1
330691.86,Fire,Ruby Hall Clinic,2,0,Chennai,Pending,1
259426.07,Medical,Manipal Hospital,6,1,Hyderabad,Pending,0
223752.07,Theft,Max Hospital,17,1,Pune,Rejected,0
288678.26,Fire,Apollo Hospital,17,0,Mumbai,Approved,0
500296.76,Theft,Fortis Hospital,2,1,Raipur,Approved,0
137649.66,Medical,KEM Hospital,9,0,Hyderabad,Pending,0
170021.25,Medical,Max Hospital,10,0,Delhi,Approved,0
54328.46,Vehicle,KEM Hospital,11,1,Bengaluru,Approved,0
376956.83,Accident,Apollo Hospital,8,1,Bengaluru,Pending,0
568766.41,Fire,KEM Hospital,6,1,Pune,Approved,0
258831.93,Vehicle,AIIMS,0,1,Nashik,Approved,0
401721.69,Medical,Manipal Hospital,17,0,Mumbai,Pending,1
549419.33,Medical,Manipal Hospital,5,0,Chennai,Approved,0
390058.71,Accident,Manipal Hospital,4,1,Delhi,Approved,0
552338.92,Vehicle,Manipal Hospital,5,1,Mumbai,Approved,0
491251.28,Theft,Ruby Hall Clinic,17,1,Delhi,Approved,1
168990.68,Theft,Apollo Hospital,20,1,Delhi,Approved,0
512148.96,Vehicle,Ruby Hall Clinic,4,1,Raipur,Rejected,0
185379.82,Medical,Fortis Hospital,0,1,Raipur,Approved,0
375920.04,Vehicle,Ruby Hall Clinic,5,0,Delhi,Approved,0
566626.74,Vehicle,Ruby Hall Clinic,8,1,Nagpur,Pending,1
184072.49,Accident,Ruby Hall Clinic,3,1,Nashik,Rejected,0
521859.39,Medical,AIIMS,14,0,Nashik,Approved,1
484779.64,Fire,Fortis Hospital,6,0,Delhi,Pending,0
245116.66,Vehicle,KEM Hospital,20,0,Bengaluru,Rejected,0
236944.64,Theft,Apollo Hospital,7,1,Nashik,Approved,0
225336.69,Theft,KEM Hospital,18,1,Nashik,Approved,0
573543.72,Medical,Manipal Hospital,0,0,Nagpur,Pending,0
537539.5,Fire,Max Hospital,16,1,Raipur,Pending,1
218308.33,Vehicle,Max Hospital,0,1,Delhi,Approved,0
91875.37,Theft,KEM Hospital,3,1,Mumbai,Pending,0
332676.35,Medical,Apollo Hospital,17,1,Bengaluru,Approved,1
405381.83,Vehicle,Max Hospital,18,1,Bengaluru,Approved,0
20119.75,Theft,Manipal Hospital,4,1,Mumbai,Approved,0
445697.2,Medical,Manipal Hospital,7,0,Delhi,Approved,0
480034.97,Medical,Max Hospital,20,0,Chennai,Approved,0
267536.09,Theft,Ruby Hall Clinic,4,1,Mumbai,Rejected,0
501398.46,Accident,AIIMS,13,1,Raipur,Pending,1
38016.04,Accident,Manipal Hospital,19,1,Nashik,Approved,0
490288.75,Vehicle,Max Hospital,16,1,Raipur,Approved,1
471247.95,Medical,Ruby Hall Clinic,4,1,Pune,Approved,0
279600.83,Theft,AIIMS,1,1,Mumbai,Approved,0
418238.31,Accident,Max Hospital,13,1,Nashik,Approved,1
554128.93,Fire,Fortis Hospital,3,0,Delhi,Pending,0
169559.0,Theft,Apollo Hospital,16,1,Pune,Pending,1
221351.06,Vehicle,KEM Hospital,1,1,Delhi,Rejected,0
180252.51,Accident,AIIMS,4,1,Nashik,Approved,0
95498.13,Medical,Fortis Hospital,5,0,Bengaluru,Pending,0
192588.54,Medical,Ruby Hall Clinic,13,1,Nashik,Pending,0
99474.86,Fire,Fortis Hospital,12,0,Mumbai,Approved,0
38184.22,Accident,Apollo Hospital,0,1,Hyderabad,Approved,0
208470.13,Medical,Ruby Hall Clinic,13,0,Chennai,Pending,1
113309.94,Fire,Manipal Hospital,17,0,Nagpur,Approved,0
47397.31,Fire,AIIMS,0,0,Chennai,Approved,0
433840.77,Theft,Max Hospital,7,0,Pune,Pending,1
76378.35,Vehicle,Apollo Hospital,7,1,Raipur,Approved,0
429671.88,Theft,Apollo Hospital,3,0,Mumbai,Rejected,1
104545.19,Vehicle,Max Hospital,15,1,Mumbai,Approved,0
101788.87,Theft,Max Hospital,4,1,Bengaluru,Approved,0
20096.52,Accident,Apollo Hospital,2,1,Nagpur,Approved,0
432925.11,Fire,KEM Hospital,9,0,Hyderabad,Approved,0
357011.43,Fire,Fortis Hospital,2,1,Delhi,Approved,0
475813.83,Vehicle,Max Hospital,11,1,Delhi,Approved,1
272655.44,Theft,Fortis Hospital,17,1,Chennai,Approved,0
81533.7,Accident,Max Hospital,3,1,Mumbai,Pending,0
588968.59,Vehicle,Manipal Hospital,19,1,Pune,Approved,0
351857.61,Accident,Fortis Hospital,10,1,Delhi,Approved,0
314501.55,Vehicle,Apollo Hospital,13,1,Mumbai,Rejected,0
516151.47,Medical,Apollo Hospital,19,1,Hyderabad,Rejected,0
580068.43,Accident,Max Hospital,19,1,Chennai,Rejected,1
50781.57,Vehicle,Ruby Hall Clinic,0,1,Raipur,Approved,0
83492.35,Fire,KEM Hospital,9,0,Chennai,Approved,0
421363.06,Accident,AIIMS,6,1,Chennai,Rejected,0
559022.87,Fire,AIIMS,14,0,Hyderabad,Approved,0
246420.75,Medical,Apollo Hospital,19,0,Raipur,Approved,0
169898.11,Medical,Max Hospital,20,0,Delhi,Pending,0
100019.25,Fire,Manipal Hospital,13,0,Mumbai,Pending,1
540936.72,Fire,Ruby Hall Clinic,20,1,Hyderabad,Rejected,0
470843.43,Theft,AIIMS,8,1,Bengaluru,Rejected,0
547315.53,Accident,Apollo Hospital,9,1,Hyderabad,Pending,0
515523.68,Medical,Manipal Hospital,15,0,Raipur,Approved,1
395914.48,Accident,Max Hospital,17,1,Mumbai,Rejected,1
495045.33,Medical,Apollo Hospital,18,0,Hyderabad,Rejected,0
403120.48,Theft,Fortis Hospital,6,1,Bengaluru,Approved,0
438524.1,Fire,AIIMS,8,0,Pune,Approved,0
332333.51,Theft,KEM Hospital,17,1,Hyderabad,Approved,0
92769.81,Medical,Manipal Hospital,12,1,Pune,Pending,1
478905.78,Medical,Ruby Hall Clinic,11,1,Bengaluru,Approved,0
437235.09,Theft,AIIMS,10,1,Chennai,Pending,1
81197.6,Vehicle,Apollo Hospital,10,1,Hyderabad,Approved,0
303990.39,Accident,Fortis Hospital,11,1,Bengaluru,Pending,1
387780.69,Vehicle,Fortis Hospital,11,1,Chennai,Approved,1
329124.59,Theft,Max Hospital,6,1,Pune,Rejected,0
120049.79,Accident,KEM Hospital,20,1,Nashik,Pending,1
538088.35,Vehicle,KEM Hospital,4,1,Chennai,Rejected,0
482711.29,Fire,KEM Hospital,11,1,Nashik,Approved,1
565587.11,Medical,Manipal Hospital,13,1,Delhi,Pending,1
321394.48,Theft,Max Hospital,14,1,Delhi,Pending,1
515655.44,Fire,Ruby Hall Clinic,13,1,Bengaluru,Pending,1
325514.42,Accident,KEM Hospital,12,1,Nagpur,Pending,1
210983.2,Fire,AIIMS,3,1,Pune,Approved,0
195053.94,Fire,Manipal Hospital,3,0,Chennai,Approved,0
543851.69,Medical,Apollo Hospital,4,1,Mumbai,Approved,0
161424.61,Fire,Manipal Hospital,8,1,Nagpur,Approved,0
370443.01,Fire,Fortis Hospital,4,1,Raipur,Rejected,0
220979.1,Accident,Manipal Hospital,11,0,Nashik,Approved,1
203254.44,Accident,Manipal Hospital,15,1,Mumbai,Pending,0
480220.52,Medical,KEM Hospital,5,0,Pune,Approved,0
531407.11,Medical,Manipal Hospital,20,1,Hyderabad,Rejected,0
57479.25,Accident,KEM Hospital,0,1,Delhi,Approved,0
235153.63,Theft,Manipal Hospital,20,1,Pune,Approved,0
45525.18,Fire,Manipal Hospital,3,0,Delhi,Approved,0
507058.06,Accident,Max Hospital,16,0,Bengaluru,Pending,1
477879.15,Fire,Fortis Hospital,20,0,Hyderabad,Approved,1
9937.65,Theft,AIIMS,8,1,Nagpur,Rejected,0
325395.83,Fire,AIIMS,15,0,Raipur,Approved,1
528691.84,Fire,Ruby Hall Clinic,12,0,Pune,Approved,0
72852.27,Accident,Apollo Hospital,13,1,Nagpur,Approved,0
467668.92,Theft,Fortis Hospital,9,1,Mumbai,Approved,0
223779.16,Vehicle,Apollo Hospital,11,1,Pune,Approved,0
5123.57,Accident,Apollo Hospital,16,1,Mumbai,Rejected,0
490231.8,Fire,AIIMS,10,1,Pune,Approved,0
490988.14,Theft,KEM Hospital,17,1,Bengaluru,Approved,1
453951.67,Accident,Fortis Hospital,5,1,Nashik,Rejected,0
567555.17,Vehicle,Max Hospital,2,1,Delhi,Pending,0
199877.61,Accident,AIIMS,11,1,Nashik,Approved,0
144499.36,Vehicle,Fortis Hospital,17,1,Delhi,Pending,0
520863.56,Theft,Fortis Hospital,1,1,Mumbai,Pending,1
228273.79,Theft,AIIMS,4,1,Nashik,Pending,0
55738.29,Medical,Ruby Hall Clinic,13,0,Raipur,Pending,0
245796.01,Theft,AIIMS,20,1,Delhi,Pending,0
186886.29,Fire,Apollo Hospital,17,0,Nagpur,Approved,0
534802.96,Theft,KEM Hospital,12,0,Bengaluru,Rejected,1
523457.91,Medical,Ruby Hall Clinic,4,0,Hyderabad,Pending,0
346386.9,Fire,KEM Hospital,3,1,Pune,Pending,1
250672.61,Fire,Apollo Hospital,8,0,Delhi,Approved,0
469847.17,Accident,Ruby Hall Clinic,5,1,Hyderabad,Pending,0
105412.01,Theft,Ruby Hall Clinic,3,1,Bengaluru,Approved,0
104371.0,Medical,Max Hospital,12,0,Nagpur,Pending,1
382442.75,Vehicle,Manipal Hospital,15,1,Pune,Approved,1
208271.46,Accident,Manipal Hospital,11,0,Raipur,Approved,1
236517.3,Vehicle,AIIMS,2,1,Chennai,Approved,0
103160.08,Theft,Ruby Hall Clinic,5,1,Raipur,Approved,0
589428.62,Fire,Apollo Hospital,6,1,Mumbai,Approved,0
131574.28,Vehicle,Fortis Hospital,11,1,Delhi,Approved,0
517902.72,Medical,AIIMS,4,0,Nagpur,Pending,1
285037.99,Medical,Ruby Hall Clinic,4,1,Bengaluru,Approved,0
462377.02,Medical,Apollo Hospital,15,1,Nashik,Approved,1
132991.83,Accident,Apollo Hospital,14,1,Raipur,Approved,0
225548.3,Vehicle,KEM Hospital,13,1,Chennai,Approved,0
494190.62,Theft,Manipal Hospital,11,1,Delhi,Approved,1
380899.51,Accident,Fortis Hospital,13,1,Bengaluru,Pending,1
577705.37,Fire,Apollo Hospital,19,0,Bengaluru,Pending,1
40734.2,Vehicle,AIIMS,3,1,Hyderabad,Pending,0
553329.77,Fire,Fortis Hospital,10,0,Raipur,Approved,0
567779.2,Vehicle,Manipal Hospital,8,0,Hyderabad,Approved,0
313684.16,Theft,Max Hospital,19,0,Hyderabad,Approved,1
312438.27,Accident,Apollo Hospital,2,1,Bengaluru,Rejected,0
471208.57,Fire,Ruby Hall Clinic,2,0,Pune,Approved,0
45812.26,Fire,Manipal Hospital,7,0,Hyderabad,Rejected,0
398402.03,Vehicle,Fortis Hospital,7,1,Nashik,Approved,0
41497.13,Medical,Ruby Hall Clinic,7,0,Raipur,Pending,0
575788.57,Fire,Manipal Hospital,3,0,Nagpur,Approved,0
411693.25,Vehicle,Ruby Hall Clinic,2,1,Chennai,Approved,0
282751.89,Fire,Max Hospital,18,1,Delhi,Approved,0
244801.87,Theft,Fortis Hospital,0,1,Bengaluru,Approved,0
533080.37,Theft,Ruby Hall Clinic,2,1,Nagpur,Approved,0
65270.58,Fire,Manipal Hospital,18,0,Chennai,Approved,0
162857.25,Accident,AIIMS,1,1,Delhi,Pending,0
354108.23,Accident,KEM Hospital,10,1,Raipur,Approved,0
76276.67,Medical,Ruby Hall Clinic,8,0,Bengaluru,Approved,0
305274.46,Fire,Fortis Hospital,8,1,Mumbai,Pending,0
411624.39,Medical,Apollo Hospital,20,0,Chennai,Approved,0
322146.62,Theft,AIIMS,15,1,Chennai,Approved,1
230648.65,Vehicle,Ruby Hall Clinic,2,1,Raipur,Approved,0
287750.16,Vehicle,Manipal Hospital,15,1,Bengaluru,Pending,1
531305.77,Accident,KEM Hospital,5,1,Raipur,Approved,0
5449.89,Fire,KEM Hospital,6,1,Bengaluru,Approved,0
459483.01,Accident,KEM Hospital,13,1,Nagpur,Approved,0
211704.17,Medical,AIIMS,16,0,Hyderabad,Approved,0
7923.95,Vehicle,Fortis Hospital,17,1,Raipur,Rejected,0
147690.76,Accident,Ruby Hall Clinic,17,0,Chennai,Approved,1
293982.76,Fire,Ruby Hall Clinic,19,1,Pune,Rejected,0
269904.6,Theft,AIIMS,8,1,Pune,Approved,0
261431.12,Accident,Max Hospital,6,1,Hyderabad,Rejected,0
160553.31,Theft,Apollo Hospital,12,1,Raipur,Approved,0
421612.86,Fire,Max Hospital,11,0,Bengaluru,Pending,1
535447.69,Accident,Ruby Hall Clinic,15,0,Nashik,Approved,1
477568.09,Vehicle,Ruby Hall Clinic,16,0,Mumbai,Pending,1
203846.89,Medical,Ruby Hall Clinic,0,0,Raipur,Rejected,0
560147.38,Theft,Max Hospital,16,1,Bengaluru,Approved,1
444633.3,Medical,Manipal Hospital,7,0,Mumbai,Approved,0
74476.24,Fire,Max Hospital,5,0,Nashik,Approved,0
362918.82,Vehicle,KEM Hospital,2,0,Chennai,Approved,0
503217.09,Medical,Ruby Hall Clinic,15,0,Bengaluru,Approved,1
521585.84,Vehicle,Apollo Hospital,14,1,Hyderabad,Approved,0
70906.07,Theft,AIIMS,11,1,Hyderabad,Rejected,0
593282.02,Theft,Max Hospital,0,1,Raipur,Approved,0
268958.56,Vehicle,Apollo Hospital,15,1,Pune,Approved,0
466994.36,Medical,KEM Hospital,7,0,Delhi,Pending,0
319008.17,Fire,KEM Hospital,16,1,Pune,Approved,1
436212.97,Fire,AIIMS,7,1,Bengaluru,Approved,0
34216.42,Vehicle,AIIMS,1,1,Mumbai,Pending,0
502603.12,Vehicle,KEM Hospital,13,1,Nashik,Pending,1
121429.31,Theft,Max Hospital,10,1,Nashik,Approved,0
232570.34,Fire,Fortis Hospital,20,1,Bengaluru,Approved,0
31478.69,Theft,Apollo Hospital,17,1,Raipur,Rejected,0
347471.47,Theft,Ruby Hall Clinic,1,0,Nagpur,Pending,1
591068.86,Medical,Manipal Hospital,3,1,Chennai,Approved,0
533096.8,Theft,Ruby Hall Clinic,4,1,Delhi,Approved,0
19991.25,Theft,Manipal Hospital,16,1,Nagpur,Pending,0
226967.36,Accident,Apollo Hospital,5,0,Nagpur,Approved,1
431559.75,Medical,Ruby Hall Clinic,4,1,Chennai,Pending,0
172283.17,Medical,AIIMS,8,1,Delhi,Approved,0
49014.81,Medical,KEM Hospital,18,0,Chennai,Approved,0
38267.95,Fire,Apollo Hospital,13,0,Nashik,Approved,0
20921.39,Medical,Max Hospital,19,0,Nashik,Approved,0
13382.98,Medical,AIIMS,18,1,Raipur,Approved,0
35544.57,Medical,AIIMS,12,1,Nashik,Approved,0
389841.12,Vehicle,Apollo Hospital,5,0,Mumbai,Approved,0
32803.39,Vehicle,Fortis Hospital,1,1,Pune,Approved,0
39347.35,Theft,Apollo Hospital,17,1,Nashik,Approved,0
213290.04,Vehicle,AIIMS,0,1,Pune,Approved,0
419524.24,Fire,Manipal Hospital,12,0,Nagpur,Approved,0
368254.45,Fire,Fortis Hospital,14,0,Nagpur,Pending,1
491685.51,Fire,Apollo Hospital,2,0,Bengaluru,Approved,0
270955.04,Theft,KEM Hospital,11,1,Pune,Approved,0
217115.17,Vehicle,Max Hospital,7,1,Pune,Approved,0
279117.02,Accident,Ruby Hall Clinic,6,1,Raipur,Rejected,0
317504.58,Medical,Manipal Hospital,0,1,Nashik,Approved,0
272791.61,Theft,KEM Hospital,0,0,Delhi,Pending,1
282978.92,Theft,Apollo Hospital,18,0,Chennai,Approved,1
43453.01,Medical,Apollo Hospital,15,1,Nashik,Approved,0
205918.01,Medical,Max Hospital,13,0,Raipur,Pending,1
153040.88,Vehicle,Ruby Hall Clinic,3,1,Hyderabad,Pending,0
340087.34,Medical,AIIMS,3,1,Raipur,Rejected,0
90672.72,Accident,Manipal Hospital,12,0,Mumbai,Approved,1
41394.52,Medical,Fortis Hospital,0,1,Nashik,Pending,0
184304.41,Fire,Fortis Hospital,11,0,Mumbai,Approved,0
566344.29,Theft,Max Hospital,19,1,Pune,Approved,0
525685.5,Theft,Ruby Hall Clinic,4,0,Delhi,Approved,1
335157.27,Accident,AIIMS,17,0,Nashik,Approved,1
375883.9,Accident,Apollo Hospital,14,1,Nashik,Pending,1
254320.97,Medical,Manipal Hospital,4,1,Hyderabad,Pending,0
17952.4,Medical,Manipal Hospital,1,0,Pune,Approved,0
187444.87,Medical,Manipal Hospital,10,0,Mumbai,Approved,0
147239.99,Vehicle,Max Hospital,0,1,Chennai,Pending,0
431367.44,Medical,Manipal Hospital,1,1,Pune,Approved,0
436024.46,Theft,Apollo Hospital,14,1,Mumbai,Pending,1
247769.26,Medical,Ruby Hall Clinic,12,0,Hyderabad,Approved,0
530821.81,Fire,KEM Hospital,7,0,Hyderabad,Approved,0
543125.03,Medical,Manipal Hospital,11,1,Raipur,Rejected,1
493960.96,Fire,Manipal Hospital,5,1,Nagpur,Approved,0
549147.06,Theft,Manipal Hospital,2,0,Nagpur,Approved,1
64054.22,Theft,KEM Hospital,5,1,Nagpur,Rejected,0
598179.99,Medical,Apollo Hospital,10,1,Nashik,Approved,0
246525.31,Theft,Fortis Hospital,0,1,Chennai,Approved,0
156117.48,Vehicle,Apollo Hospital,19,0,Pune,Pending,1
506876.17,Accident,Apollo Hospital,12,1,Delhi,Pending,1
124482.3,Theft,KEM Hospital,11,1,Chennai,Approved,0
223637.05,Medical,Manipal Hospital,12,0,Pune,Rejected,0
311979.34,Theft,Ruby Hall Clinic,8,1,Mumbai,Approved,0
142692.93,Theft,AIIMS,9,1,Delhi,Pending,0
269391.98,Accident,Manipal Hospital,18,1,Delhi,Pending,0
10582.28,Vehicle,Apollo Hospital,10,1,Nashik,Approved,0
571816.26,Medical,Fortis Hospital,1,1,Pune,Approved,0
212292.92,Accident,Manipal Hospital,4,1,Pune,Approved,0
290646.93,Fire,AIIMS,11,1,Chennai,Pending,0
127125.98,Medical,KEM Hospital,1,0,Pune,Approved,0
496740.7,Accident,AIIMS,8,1,Pune,Pending,1
540733.58,Theft,Max Hospital,20,1,Delhi,Approved,1
145004.19,Fire,AIIMS,18,0,Pune,Approved,0
314338.72,Medical,AIIMS,6,1,Mumbai,Approved,0
507034.35,Accident,AIIMS,1,1,Delhi,Approved,0
284872.99,Accident,AIIMS,8,1,Hyderabad,Pending,0
318693.01,Vehicle,Apollo Hospital,17,1,Nagpur,Pending,1
179333.49,Vehicle,Fortis Hospital,4,1,Raipur,Approved,0
533209.28,Fire,KEM Hospital,14,1,Raipur,Approved,1
385850.98,Fire,Manipal Hospital,11,1,Hyderabad,Approved,1
377863.26,Vehicle,Fortis Hospital,11,0,Nagpur,Pending,1
548847.56,Accident,Fortis Hospital,11,1,Raipur,Approved,0
209289.29,Medical,Ruby Hall Clinic,20,0,Hyderabad,Approved,0
29695.54,Accident,Ruby Hall Clinic,0,0,Bengaluru,Pending,1
366121.09,Medical,Ruby Hall Clinic,19,1,Nagpur,Pending,1
528855.83,Vehicle,Max Hospital,4,1,Bengaluru,Approved,0
486419.91,Vehicle,Apollo Hospital,9,1,Pune,Approved,0
46856.69,Theft,Max Hospital,20,1,Bengaluru,Approved,0
250407.29,Accident,Ruby Hall Clinic,12,1,Chennai,Rejected,0
264767.49,Fire,Fortis Hospital,6,1,Pune,Approved,0
376387.34,Fire,KEM Hospital,12,1,Chennai,Approved,0
324251.39,Accident,AIIMS,9,1,Mumbai,Approved,0
390751.56,Theft,Fortis Hospital,19,1,Pune,Approved,0
225706.81,Medical,Apollo Hospital,11,0,Pune,Approved,0
86632.42,Vehicle,Ruby Hall Clinic,2,1,Bengaluru,Pending,0
34360.5,Vehicle,Ruby Hall Clinic,9,1,Raipur,Approved,0
77527.95,Fire,Max Hospital,3,0,Bengaluru,Approved,0
297916.45,Fire,AIIMS,6,0,Hyderabad,Pending,0
348883.29,Vehicle,Max Hospital,11,1,Bengaluru,Rejected,1
277724.21,Medical,Ruby Hall Clinic,1,0,Raipur,Rejected,0
26912.08,Medical,Manipal Hospital,1,1,Chennai,Approved,0
28838.52,Fire,Max Hospital,9,1,Pune,Pending,0
157015.83,Accident,Max Hospital,1,1,Mumbai,Approved,0
420091.72,Theft,KEM Hospital,8,1,Bengaluru,Approved,0
78433.1,Accident,Manipal Hospital,8,1,Pune,Approved,0
32580.86,Vehicle,Ruby Hall Clinic,0,1,Delhi,Pending,0
572365.76,Medical,Manipal Hospital,4,0,Bengaluru,Approved,0
314473.98,Vehicle,Fortis Hospital,13,1,Chennai,Approved,1
319055.59,Fire,KEM Hospital,2,1,Raipur,Pending,0
444623.89,Vehicle,KEM Hospital,17,1,Nagpur,Approved,1
500026.07,Accident,Fortis Hospital,9,1,Nagpur,Approved,0
112734.96,Theft,Ruby Hall Clinic,16,1,Hyderabad,Pending,1
351589.75,Theft,Max Hospital,9,1,Bengaluru,Pending,1
319770.74,Vehicle,KEM Hospital,3,1,Chennai,Approved,0
493817.49,Vehicle,Max Hospital,3,1,Nashik,Approved,0
10056.2,Fire,AIIMS,4,0,Chennai,Pending,0
9985.62,Accident,Apollo Hospital,18,1,Nagpur,Pending,0
416975.64,Medical,Ruby Hall Clinic,14,0,Raipur,Pending,1
488434.81,Medical,Ruby Hall Clinic,14,0,Mumbai,Approved,1
261413.84,Vehicle,Ruby Hall Clinic,19,1,Hyderabad,Approved,0
211824.53,Fire,Max Hospital,19,0,Hyderabad,Approved,0
150711.56,Theft,Fortis Hospital,17,1,Nashik,Pending,1
223162.82,Vehicle,KEM Hospital,6,1,Raipur,Approved,0
16381.25,Accident,Max Hospital,1,1,Mumbai,Pending,0
119264.5,Theft,Fortis Hospital,9,1,Pune,Pending,0
393668.38,Vehicle,Apollo Hospital,5,1,Chennai,Approved,0
46287.08,Medical,Ruby Hall Clinic,18,0,Nagpur,Pending,1
278179.73,Vehicle,Ruby Hall Clinic,0,1,Delhi,Rejected,0
116974.25,Medical,AIIMS,4,0,Hyderabad,Approved,0
368032.14,Fire,Max Hospital,20,1,Nagpur,Pending,1
338409.17,Vehicle,Max Hospital,16,1,Nashik,Rejected,1
145826.64,Vehicle,Manipal Hospital,20,1,Delhi,Approved,0
214868.11,Fire,KEM Hospital,1,0,Nagpur,Approved,0
456768.33,Vehicle,Fortis Hospital,12,1,Hyderabad,Approved,1
321759.56,Vehicle,AIIMS,17,1,Pune,Approved,1
443986.96,Accident,Fortis Hospital,17,1,Raipur,Approved,0
388550.47,Accident,Ruby Hall Clinic,8,1,Bengaluru,Rejected,0
340322.7,Medical,Ruby Hall Clinic,12,1,Nashik,Approved,0
82223.19,Medical,Manipal Hospital,4,1,Delhi,Approved,0
450773.73,Fire,Manipal Hospital,18,1,Mumbai,Pending,1
303400.8,Vehicle,KEM Hospital,17,1,Chennai,Rejected,0
136688.84,Theft,KEM Hospital,1,1,Nashik,Pending,0
517242.98,Theft,KEM Hospital,2,1,Chennai,Approved,0
139549.66,Vehicle,Manipal Hospital,5,1,Hyderabad,Approved,0
249501.12,Accident,Apollo Hospital,17,1,Bengaluru,Approved,0
120176.67,Fire,KEM Hospital,6,1,Nashik,Approved,0
385013.21,Vehicle,Fortis Hospital,4,1,Mumbai,Pending,0
557492.28,Vehicle,Max Hospital,14,1,Nagpur,Pending,1
262952.36,Accident,Manipal Hospital,10,1,Nagpur,Approved,0
167832.29,Vehicle,Apollo Hospital,14,1,Delhi,Rejected,0
170573.54,Accident,Fortis Hospital,4,1,Delhi,Rejected,0
446107.76,Medical,Ruby Hall Clinic,19,0,Pune,Rejected,1
553181.15,Vehicle,Ruby Hall Clinic,7,1,Mumbai,Approved,0
312399.22,Accident,KEM Hospital,19,1,Mumbai,Approved,0
43066.67,Vehicle,Apollo Hospital,12,1,Hyderabad,Pending,1
309855.65,Fire,Ruby Hall Clinic,8,0,Nagpur,Approved,0
158291.29,Fire,AIIMS,3,0,Delhi,Approved,0
40839.68,Fire,Apollo Hospital,0,0,Hyderabad,Pending,0
11067.32,Vehicle,Ruby Hall Clinic,4,0,Bengaluru,Approved,0
500333.93,Vehicle,Manipal Hospital,12,1,Pune,Pending,1
5047.0,Theft,Apollo Hospital,2,1,Pune,Pending,0
73732.01,Fire,Ruby Hall Clinic,20,0,Raipur,Approved,0
541950.93,Accident,Max Hospital,12,1,Chennai,Approved,1
352543.24,Accident,Max Hospital,8,0,Raipur,Approved,1
443066.86,Medical,Max Hospital,6,0,Nashik,Approved,0
5940.6,Theft,KEM Hospital,9,1,Chennai,Approved,0
284330.86,Fire,Manipal Hospital,20,1,Pune,Pending,1
504334.74,Fire,Ruby Hall Clinic,6,0,Hyderabad,Pending,0
536304.39,Fire,AIIMS,0,1,Delhi,Rejected,0
521320.68,Accident,AIIMS,17,1,Mumbai,Approved,1
391718.57,Theft,Max Hospital,19,1,Chennai,Rejected,1
357181.07,Vehicle,KEM Hospital,18,1,Pune,Approved,0
270067.87,Medical,Manipal Hospital,2,1,Nashik,Approved,0
365227.7,Theft,Manipal Hospital,2,1,Nashik,Approved,0
296426.52,Accident,Manipal Hospital,18,1,Raipur,Approved,0
80526.03,Medical,Max Hospital,9,1,Nashik,Pending,0
305579.54,Theft,Manipal Hospital,2,1,Mumbai,Rejected,0
251747.75,Theft,Apollo Hospital,18,1,Pune,Approved,0
539228.23,Vehicle,Max Hospital,20,1,Delhi,Pending,1
49928.46,Fire,KEM Hospital,18,0,Bengaluru,Approved,0
226508.75,Theft,Manipal Hospital,10,1,Hyderabad,Approved,0
573892.63,Accident,Apollo Hospital,3,1,Pune,Rejected,0
367160.92,Theft,Ruby Hall Clinic,3,1,Mumbai,Approved,0
326013.92,Theft,Manipal Hospital,1,1,Nashik,Approved,0
535824.77,Vehicle,AIIMS,12,1,Chennai,Approved,1
181324.56,Fire,KEM Hospital,16,1,Bengaluru,Pending,1
479743.14,Vehicle,Manipal Hospital,9,1,Pune,Rejected,0
480940.27,Fire,KEM Hospital,8,1,Chennai,Approved,0
442267.65,Fire,Ruby Hall Clinic,20,0,Nashik,Approved,1
540065.78,Fire,AIIMS,8,1,Delhi,Pending,1
72652.99,Vehicle,AIIMS,0,1,Mumbai,Approved,0
241963.52,Theft,Fortis Hospital,3,1,Chennai,Approved,0
284174.12,Fire,Max Hospital,1,0,Nashik,Approved,0
421069.71,Accident,Manipal Hospital,15,1,Raipur,Rejected,1
208599.4,Medical,Ruby Hall Clinic,11,0,Nashik,Pending,0
83126.74,Theft,Max Hospital,7,1,Chennai,Approved,0
179993.03,Fire,Manipal Hospital,19,0,Pune,Approved,0
405951.94,Fire,Manipal Hospital,13,0,Chennai,Approved,0
596435.63,Accident,Ruby Hall Clinic,17,1,Chennai,Approved,1
203310.5,Vehicle,Apollo Hospital,15,1,Pune,Pending,0
445017.51,Accident,Manipal Hospital,0,1,Hyderabad,Approved,0
538914.6,Fire,Ruby Hall Clinic,1,1,Hyderabad,Rejected,0
368170.18,Accident,Max Hospital,5,1,Pune,Pending,1
344324.62,Accident,AIIMS,18,1,Mumbai,Approved,0
254351.96,Fire,Max Hospital,0,0,Pune,Approved,0
218044.87,Fire,Fortis Hospital,8,1,Raipur,Pending,0
423895.27,Medical,Fortis Hospital,0,0,Chennai,Rejected,0
172055.45,Theft,Fortis Hospital,5,1,Hyderabad,Approved,0
296729.43,Theft,KEM Hospital,10,1,Delhi,Approved,0
55373.39,Theft,Ruby Hall Clinic,3,1,Nagpur,Approved,0
44081.28,Fire,Fortis Hospital,4,0,Hyderabad,Approved,0
44199.25,Fire,Apollo Hospital,19,1,Bengaluru,Pending,1
156850.65,Theft,Fortis Hospital,10,1,Bengaluru,Pending,0
40614.47,Vehicle,Ruby Hall Clinic,20,1,Bengaluru,Approved,0
385295.36,Theft,Manipal Hospital,19,0,Delhi,Approved,1
386763.16,Medical,AIIMS,2,0,Chennai,Rejected,0
496375.89,Theft,Fortis Hospital,7,1,Bengaluru,Rejected,0
256703.52,Accident,AIIMS,13,1,Delhi,Pending,0
56609.43,Vehicle,AIIMS,15,1,Pune,Approved,0
211660.01,Accident,Fortis Hospital,1,1,Raipur,Rejected,0
97546.62,Medical,Apollo Hospital,3,1,Bengaluru,Pending,0
284784.13,Vehicle,Max Hospital,11,1,Pune,Pending,0
528515.26,Medical,Manipal Hospital,7,1,Delhi,Approved,0
423123.95,Medical,Apollo Hospital,13,1,Chennai,Approved,1
451515.08,Vehicle,Fortis Hospital,6,1,Hyderabad,Rejected,0
260046.56,Fire,KEM Hospital,13,1,Bengaluru,Approved,0
544736.87,Theft,Apollo Hospital,20,1,Nagpur,Rejected,1
91686.75,Accident,Max Hospital,8,1,Bengaluru,Approved,0
513028.19,Theft,Max Hospital,11,1,Chennai,Rejected,0
510487.83,Medical,Max Hospital,5,1,Mumbai,Approved,0
526266.28,Accident,AIIMS,11,1,Bengaluru,Approved,1
218538.6,Theft,AIIMS,10,1,Delhi,Approved,0
323291.27,Theft,KEM Hospital,11,1,Chennai,Approved,1
406821.2,Accident,Manipal Hospital,5,1,Delhi,Pending,1
583345.39,Accident,Manipal Hospital,8,1,Nashik,Approved,0
51926.57,Theft,KEM Hospital,11,1,Hyderabad,Approved,0
237606.74,Vehicle,AIIMS,9,1,Raipur,Pending,0
545415.41,Fire,Apollo Hospital,1,1,Mumbai,Pending,1
313331.47,Accident,Max Hospital,17,1,Hyderabad,Approved,0
530297.21,Fire,Max Hospital,1,0,Nagpur,Approved,0
388363.58,Accident,Ruby Hall Clinic,11,1,Nashik,Pending,1
507891.7,Fire,KEM Hospital,12,1,Raipur,Approved,1
258677.44,Fire,Apollo Hospital,0,0,Chennai,Approved,0
423688.56,Medical,Manipal Hospital,9,0,Raipur,Pending,1
598227.04,Vehicle,Fortis Hospital,2,1,Mumbai,Approved,0
278642.56,Fire,Apollo Hospital,6,0,Chennai,Pending,0
432062.46,Accident,Ruby Hall Clinic,20,1,Pune,Approved,1
187948.19,Accident,Apollo Hospital,7,0,Bengaluru,Approved,1
283975.42,Vehicle,Manipal Hospital,14,1,Raipur,Approved,0
38539.53,Accident,Ruby Hall Clinic,2,1,Nagpur,Pending,0
202421.69,Fire,KEM Hospital,13,1,Raipur,Approved,0
119981.52,Medical,Apollo Hospital,0,0,Pune,Pending,0
442454.02,Medical,Ruby Hall Clinic,9,1,Raipur,Approved,0
296055.95,Vehicle,Ruby Hall Clinic,7,1,Nashik,Approved,0
50821.47,Accident,Fortis Hospital,3,1,Mumbai,Pending,0
382490.19,Accident,Ruby Hall Clinic,18,1,Bengaluru,Approved,1
389594.92,Theft,AIIMS,17,1,Hyderabad,Approved,1
157108.67,Accident,Manipal Hospital,2,1,Mumbai,Approved,0
317322.0,Accident,KEM Hospital,17,1,Chennai,Rejected,0
168770.08,Accident,Apollo Hospital,4,1,Delhi,Approved,0
479621.19,Theft,Ruby Hall Clinic,14,1,Raipur,Approved,1
162896.71,Theft,Apollo Hospital,20,1,Pune,Rejected,0
55896.36,Accident,Ruby Hall Clinic,18,1,Nashik,Approved,0
53238.82,Theft,Apollo Hospital,7,1,Delhi,Approved,0
173571.75,Accident,KEM Hospital,3,1,Delhi,Approved,0
445174.22,Theft,Fortis Hospital,18,1,Delhi,Pending,1
506764.41,Accident,Fortis Hospital,20,1,Mumbai,Approved,0
408922.22,Vehicle,Fortis Hospital,15,1,Raipur,Approved,1
265681.24,Accident,Ruby Hall Clinic,1,1,Nagpur,Approved,0
315334.58,Fire,Max Hospital,6,0,Mumbai,Approved,0
443849.26,Theft,Apollo Hospital,2,0,Bengaluru,Rejected,1
77367.49,Vehicle,Ruby Hall Clinic,3,1,Pune,Rejected,0
265614.15,Accident,Fortis Hospital,5,1,Pune,Approved,0
525067.23,Vehicle,KEM Hospital,1,1,Raipur,Rejected,0
291633.63,Fire,KEM Hospital,2,0,Chennai,Rejected,0
275534.71,Medical,Ruby Hall Clinic,7,0,Nashik,Rejected,0
267253.56,Vehicle,Ruby Hall Clinic,15,1,Mumbai,Rejected,0
233155.78,Fire,AIIMS,5,0,Nashik,Pending,0
38985.46,Medical,KEM Hospital,0,1,Hyderabad,Approved,0
28178.05,Medical,Manipal Hospital,3,1,Raipur,Approved,0
574525.73,Vehicle,Fortis Hospital,8,1,Delhi,Pending,1
203632.63,Accident,AIIMS,3,0,Chennai,Rejected,1
260844.87,Fire,Manipal Hospital,6,1,Hyderabad,Rejected,0
237431.03,Medical,AIIMS,11,1,Chennai,Approved,0
262800.01,Medical,Fortis Hospital,11,0,Hyderabad,Pending,0
84853.2,Medical,Max Hospital,5,0,Nagpur,Rejected,0
52036.0,Fire,Apollo Hospital,3,1,Nagpur,Approved,0
499239.51,Fire,KEM Hospital,15,0,Nagpur,Approved,1
393877.76,Fire,Apollo Hospital,8,0,Nagpur,Approved,0
254483.08,Medical,Fortis Hospital,15,0,Hyderabad,Pending,1
269804.01,Theft,AIIMS,20,1,Mumbai,Rejected,0
528562.8,Theft,Fortis Hospital,4,1,Pune,Rejected,0
6103.11,Accident,Apollo Hospital,14,0,Nashik,Pending,1
191187.4,Medical,Fortis Hospital,18,1,Chennai,Pending,0
223856.02,Medical,Fortis Hospital,6,1,Nashik,Approved,0
80693.3,Vehicle,Manipal Hospital,10,1,Hyderabad,Pending,0
274965.13,Accident,Apollo Hospital,19,0,Bengaluru,Approved,1
320348.88,Fire,Ruby Hall Clinic,8,0,Delhi,Pending,1
537671.11,Theft,AIIMS,1,1,Delhi,Approved,0
339089.08,Fire,Ruby Hall Clinic,12,0,Nashik,Approved,1
71519.32,Medical,Max Hospital,6,1,Nagpur,Approved,0
459364.29,Vehicle,Ruby Hall Clinic,13,1,Pune,Rejected,1
23097.38,Accident,Fortis Hospital,11,1,Pune,Rejected,0
214354.76,Theft,Apollo Hospital,6,1,Hyderabad,Rejected,0
486454.79,Vehicle,Manipal Hospital,12,1,Hyderabad,Approved,1
520657.44,Accident,Apollo Hospital,20,1,Hyderabad,Approved,1
87388.14,Fire,Fortis Hospital,3,0,Mumbai,Pending,0
329750.96,Vehicle,KEM Hospital,7,1,Nashik,Approved,0
333391.59,Fire,Manipal Hospital,14,1,Pune,Pending,1
190608.27,Vehicle,KEM Hospital,13,1,Raipur,Approved,0
305629.59,Fire,Max Hospital,17,0,Delhi,Approved,1
44438.79,Theft,KEM Hospital,1,1,Mumbai,Approved,0
174288.07,Medical,Apollo Hospital,13,0,Hyderabad,Approved,0
560479.85,Vehicle,AIIMS,9,1,Hyderabad,Pending,0
202322.65,Vehicle,Ruby Hall Clinic,0,1,Mumbai,Approved,0
494618.0,Accident,KEM Hospital,4,1,Nagpur,Rejected,0
36055.7,Accident,Max Hospital,5,1,Mumbai,Approved,0
52057.35,Accident,Max Hospital,16,1,Bengaluru,Pending,1
586745.0,Medical,Fortis Hospital,13,0,Delhi,Rejected,0
283431.33,Accident,Ruby Hall Clinic,11,1,Nagpur,Pending,1
362454.03,Vehicle,Max Hospital,20,0,Raipur,Approved,0
275700.78,Accident,Apollo Hospital,5,1,Raipur,Approved,0
245022.67,Fire,AIIMS,14,0,Nashik,Pending,0
462413.9,Theft,Max Hospital,3,1,Bengaluru,Approved,0
361659.55,Vehicle,Ruby Hall Clinic,16,1,Chennai,Approved,0
573703.57,Accident,Ruby Hall Clinic,17,0,Mumbai,Approved,1
324629.11,Medical,Ruby Hall Clinic,18,0,Chennai,Pending,1
44780.29,Fire,Ruby Hall Clinic,2,0,Pune,Pending,0
398803.89,Vehicle,Ruby Hall Clinic,14,1,Delhi,Approved,1
549163.67,Medical,Ruby Hall Clinic,2,1,Hyderabad,Approved,0
242419.3,Accident,KEM Hospital,4,1,Nashik,Approved,0
345615.4,Accident,AIIMS,5,1,Mumbai,Rejected,0
399505.03,Vehicle,Max Hospital,12,1,Raipur,Approved,1
59527.29,Accident,Max Hospital,16,1,Bengaluru,Rejected,0
133084.53,Fire,KEM Hospital,8,1,Bengaluru,Rejected,0
373631.03,Vehicle,Ruby Hall Clinic,5,1,Bengaluru,Approved,0
416039.46,Accident,AIIMS,6,1,Raipur,Approved,0
320884.19,Theft,Ruby Hall Clinic,20,1,Bengaluru,Approved,1
26671.19,Medical,KEM Hospital,15,1,Nashik,Pending,1
481696.94,Theft,Ruby Hall Clinic,4,1,Nagpur,Approved,0
196600.63,Medical,Max Hospital,16,0,Bengaluru,Rejected,0
108649.56,Medical,Apollo Hospital,3,1,Nagpur,Pending,0
230793.36,Fire,Max Hospital,16,1,Nagpur,Approved,0
487282.05,Medical,Ruby Hall Clinic,13,0,Nagpur,Approved,0
573743.67,Theft,Manipal Hospital,17,1,Chennai,Approved,1
110237.25,Theft,Fortis Hospital,0,1,Nagpur,Approved,0
336661.21,Medical,Max Hospital,20,0,Mumbai,Rejected,0
330209.27,Vehicle,Apollo Hospital,6,1,Delhi,Approved,0
65991.5,Fire,Ruby Hall Clinic,14,0,Hyderabad,Approved,0
455192.84,Theft,AIIMS,16,1,Nashik,Approved,1
402176.8,Vehicle,Fortis Hospital,2,1,Nagpur,Approved,0
524318.5,Medical,Fortis Hospital,4,1,Chennai,Approved,0
117937.58,Theft,Apollo Hospital,2,1,Nashik,Rejected,0
556850.82,Medical,Fortis Hospital,18,1,Nashik,Approved,1
511652.61,Accident,AIIMS,19,1,Mumbai,Approved,1
410350.85,Fire,Apollo Hospital,1,0,Raipur,Approved,0
317651.77,Fire,Fortis Hospital,16,0,Nashik,Pending,1
573425.24,Fire,AIIMS,2,0,Chennai,Approved,0
238819.24,Fire,Ruby Hall Clinic,9,0,Bengaluru,Approved,0
270285.0,Accident,Max Hospital,16,1,Nashik,Pending,0
468753.24,Fire,Apollo Hospital,13,0,Hyderabad,Pending,1
386682.8,Medical,Fortis Hospital,5,0,Nashik,Approved,0
152308.27,Fire,Max Hospital,16,1,Nashik,Approved,0
82521.54,Theft,Manipal Hospital,17,1,Chennai,Approved,0
219237.69,Medical,Ruby Hall Clinic,5,1,Bengaluru,Approved,0
567866.75,Theft,Ruby Hall Clinic,11,1,Nashik,Pending,1
490109.77,Theft,Fortis Hospital,15,0,Raipur,Approved,1
495310.46,Accident,Ruby Hall Clinic,7,1,Nagpur,Approved,0
385349.64,Vehicle,Fortis Hospital,1,1,Pune,Rejected,0
312639.14,Accident,Fortis Hospital,19,1,Hyderabad,Pending,1
440418.21,Theft,Ruby Hall Clinic,19,0,Mumbai,Approved,1
114665.48,Vehicle,AIIMS,20,0,Nashik,Pending,0
183783.43,Medical,Fortis Hospital,15,1,Pune,Approved,0
61813.22,Theft,Fortis Hospital,0,1,Delhi,Rejected,0
320547.48,Accident,Fortis Hospital,5,1,Bengaluru,Pending,1
135992.38,Medical,Max Hospital,14,1,Mumbai,Pending,0
72456.89,Accident,Max Hospital,18,1,Mumbai,Rejected,0
95444.4,Theft,Manipal Hospital,18,1,Pune,Approved,0
325448.4,Medical,Ruby Hall Clinic,6,0,Hyderabad,Rejected,0
460197.33,Accident,AIIMS,3,1,Delhi,Approved,0
12466.85,Theft,Max Hospital,15,1,Nashik,Pending,1
143016.4,Theft,Fortis Hospital,19,1,Nagpur,Approved,0
75922.43,Fire,AIIMS,8,0,Hyderabad,Pending,0
62973.09,Vehicle,Fortis Hospital,0,1,Chennai,Approved,0
516673.02,Accident,Max Hospital,3,0,Nashik,Approved,1
295409.06,Fire,AIIMS,20,0,Bengaluru,Approved,0
297297.67,Theft,Max Hospital,12,1,Raipur,Approved,0
126105.92,Theft,Apollo Hospital,0,1,Raipur,Approved,0
124969.84,Theft,Max Hospital,11,1,Nashik,Approved,0
201501.7,Vehicle,Manipal Hospital,6,1,Pune,Approved,0
144139.85,Theft,Manipal Hospital,10,1,Pune,Approved,0
418783.72,Accident,Fortis Hospital,3,1,Nashik,Approved,0
159449.6,Medical,KEM Hospital,5,1,Chennai,Approved,0
327836.34,Medical,Apollo Hospital,0,1,Mumbai,Approved,0
20077.27,Medical,Fortis Hospital,17,1,Bengaluru,Approved,0
136288.77,Vehicle,Apollo Hospital,13,0,Delhi,Approved,0
353472.22,Medical,KEM Hospital,8,0,Nashik,Approved,0
381033.57,Theft,Apollo Hospital,12,1,Bengaluru,Pending,1
288843.43,Medical,KEM Hospital,15,1,Bengaluru,Approved,0
320597.27,Accident,Apollo Hospital,4,1,Bengaluru,Rejected,0
345555.85,Fire,Max Hospital,6,0,Chennai,Approved,0
476705.72,Accident,Fortis Hospital,20,1,Chennai,Pending,1
184468.92,Theft,KEM Hospital,12,1,Pune,Approved,0
464459.82,Theft,Apollo Hospital,19,1,Mumbai,Pending,1
36645.27,Vehicle,KEM Hospital,1,1,Mumbai,Approved,0
402255.53,Theft,KEM Hospital,1,1,Chennai,Approved,0
235093.12,Accident,AIIMS,15,1,Chennai,Approved,0
453149.2,Fire,Fortis Hospital,0,1,Delhi,Approved,0
583979.97,Fire,Fortis Hospital,8,0,Pune,Approved,0
512168.28,Fire,AIIMS,2,0,Bengaluru,Rejected,0
222519.94,Theft,Apollo Hospital,6,1,Pune,Approved,0
113884.71,Accident,KEM Hospital,10,1,Delhi,Approved,0
105823.62,Fire,AIIMS,8,0,Nashik,Rejected,0
75157.39,Theft,KEM Hospital,18,0,Hyderabad,Approved,1
29585.23,Accident,Manipal Hospital,19,1,Chennai,Pending,1
44751.76,Theft,Max Hospital,20,1,Delhi,Pending,1
265690.71,Accident,AIIMS,7,1,Delhi,Approved,0
343121.12,Theft,Manipal Hospital,9,1,Chennai,Pending,0
367285.59,Theft,Manipal Hospital,12,1,Nashik,Approved,0
439340.28,Fire,Apollo Hospital,6,1,Nagpur,Approved,0
42840.5,Fire,Apollo Hospital,4,0,Chennai,Approved,0
343017.2,Fire,Max Hospital,6,1,Bengaluru,Approved,0
305724.74,Vehicle,KEM Hospital,18,1,Nagpur,Approved,0
341739.45,Vehicle,Ruby Hall Clinic,13,0,Raipur,Pending,1
477695.96,Theft,Fortis Hospital,1,1,Nagpur,Approved,0
354320.21,Theft,Ruby Hall Clinic,0,1,Bengaluru,Approved,0
482477.22,Fire,AIIMS,3,1,Pune,Pending,1
102085.99,Medical,KEM Hospital,12,0,Nagpur,Approved,0
132608.77,Accident,Apollo Hospital,15,1,Nagpur,Approved,0
148104.84,Fire,KEM Hospital,1,1,Nashik,Pending,0
555840.31,Fire,KEM Hospital,5,1,Chennai,Approved,0
86638.42,Medical,KEM Hospital,16,1,Mumbai,Approved,0
18651.12,Theft,Ruby Hall Clinic,11,1,Pune,Approved,0
408208.02,Vehicle,Ruby Hall Clinic,7,1,Raipur,Approved,0
532832.38,Fire,Manipal Hospital,4,1,Nagpur,Approved,0
491717.59,Accident,Ruby Hall Clinic,11,1,Hyderabad,Rejected,0
354764.88,Fire,Manipal Hospital,2,1,Raipur,Pending,1
7730.33,Medical,Ruby Hall Clinic,8,0,Nagpur,Approved,0
445909.36,Medical,Fortis Hospital,20,1,Nagpur,Pending,1
282163.57,Fire,AIIMS,16,0,Nashik,Pending,0
373732.36,Vehicle,AIIMS,9,0,Mumbai,Approved,0
472523.74,Fire,Manipal Hospital,4,0,Pune,Approved,0
249354.17,Theft,Fortis Hospital,10,1,Mumbai,Approved,0
556095.61,Vehicle,Ruby Hall Clinic,11,0,Nashik,Pending,1
101631.04,Theft,Manipal Hospital,10,1,Bengaluru,Approved,0
21121.9,Medical,KEM Hospital,8,1,Nagpur,Approved,0
451112.17,Theft,KEM Hospital,12,1,Chennai,Pending,1
489815.92,Theft,AIIMS,2,1,Raipur,Rejected,0
457063.16,Accident,Ruby Hall Clinic,4,1,Delhi,Rejected,0
256011.27,Theft,KEM Hospital,9,1,Bengaluru,Pending,0
161116.36,Fire,AIIMS,9,0,Raipur,Approved,0
28826.91,Theft,Max Hospital,13,1,Raipur,Approved,0
471121.72,Medical,AIIMS,17,0,Pune,Rejected,1
57561.64,Fire,Manipal Hospital,3,1,Mumbai,Pending,0
33994.98,Theft,Max Hospital,2,1,Nashik,Approved,0
151868.59,Vehicle,KEM Hospital,18,0,Nashik,Approved,0
572772.98,Vehicle,Apollo Hospital,6,0,Bengaluru,Approved,0
301118.52,Fire,Max Hospital,9,0,Nagpur,Pending,0
558163.07,Theft,Manipal Hospital,13,1,Bengaluru,Approved,0
199098.74,Fire,Ruby Hall Clinic,11,0,Delhi,Approved,0
247745.65,Medical,Ruby Hall Clinic,6,1,Raipur,Approved,0
467646.34,Theft,Fortis Hospital,6,0,Delhi,Pending,1
138593.27,Medical,Apollo Hospital,9,0,Nashik,Pending,0
436013.71,Fire,Manipal Hospital,4,1,Nashik,Approved,0
232559.73,Fire,Manipal Hospital,12,1,Chennai,Pending,1
363755.27,Accident,Fortis Hospital,9,1,Raipur,Approved,0
216171.73,Theft,Manipal Hospital,18,1,Hyderabad,Approved,0
180857.18,Medical,Fortis Hospital,2,0,Chennai,Rejected,0
112940.04,Accident,Ruby Hall Clinic,11,1,Raipur,Approved,0
401111.69,Medical,Manipal Hospital,8,1,Pune,Pending,1
372525.99,Accident,AIIMS,2,1,Chennai,Pending,1
195503.63,Accident,Fortis Hospital,15,1,Chennai,Approved,0
92657.08,Accident,Fortis Hospital,14,1,Raipur,Approved,0
248082.58,Fire,Max Hospital,1,1,Raipur,Approved,0
342192.72,Theft,Fortis Hospital,11,1,Nagpur,Approved,1
44105.46,Medical,Fortis Hospital,14,0,Bengaluru,Pending,1
170095.28,Vehicle,KEM Hospital,9,0,Nagpur,Approved,0
160297.34,Fire,KEM Hospital,0,0,Bengaluru,Approved,0
191950.43,Accident,Fortis Hospital,4,1,Nashik,Approved,0
279040.62,Fire,AIIMS,2,1,Hyderabad,Approved,0
221307.65,Vehicle,Max Hospital,12,1,Delhi,Approved,0
331878.96,Fire,Apollo Hospital,1,1,Hyderabad,Approved,0
218460.18,Vehicle,Max Hospital,2,1,Mumbai,Rejected,0
578640.26,Vehicle,Max Hospital,19,1,Mumbai,Approved,1
351016.81,Accident,Manipal Hospital,1,1,Raipur,Pending,1
531422.03,Theft,Apollo Hospital,2,1,Nagpur,Approved,0
181815.4,Theft,AIIMS,11,1,Nashik,Approved,0
343303.37,Vehicle,Apollo Hospital,19,1,Mumbai,Pending,1
377204.77,Fire,Max Hospital,1,0,Delhi,Approved,0
522012.7,Theft,KEM Hospital,9,1,Chennai,Approved,0
405112.29,Theft,Manipal Hospital,20,1,Hyderabad,Rejected,1
197723.68,Vehicle,KEM Hospital,2,0,Nashik,Rejected,0
13939.26,Theft,Max Hospital,14,1,Bengaluru,Pending,1
18974.61,Vehicle,Manipal Hospital,0,0,Delhi,Pending,0
126433.49,Theft,AIIMS,19,1,Raipur,Approved,0
398872.45,Medical,Manipal Hospital,1,0,Pune,Pending,1
107438.0,Fire,AIIMS,1,0,Mumbai,Approved,0
97921.53,Accident,Fortis Hospital,18,1,Raipur,Approved,0
374761.32,Medical,Max Hospital,11,1,Nagpur,Rejected,1
105756.84,Fire,KEM Hospital,10,1,Chennai,Pending,0
154680.13,Accident,Apollo Hospital,5,1,Chennai,Pending,0
275828.71,Vehicle,KEM Hospital,19,1,Nashik,Approved,0
262180.03,Accident,Manipal Hospital,16,1,Mumbai,Rejected,0
352777.37,Accident,Apollo Hospital,17,1,Nashik,Approved,0
120016.72,Fire,Ruby Hall Clinic,15,0,Chennai,Approved,0
134498.3,Accident,Fortis Hospital,2,1,Chennai,Rejected,0
543282.16,Vehicle,Fortis Hospital,5,1,Nagpur,Approved,0
316479.25,Fire,Fortis Hospital,12,1,Pune,Rejected,1
176649.86,Vehicle,KEM Hospital,5,1,Mumbai,Pending,0
287423.89,Medical,AIIMS,5,0,Bengaluru,Approved,0
323738.32,Medical,KEM Hospital,3,0,Pune,Approved,0
178367.94,Vehicle,Apollo Hospital,7,1,Nagpur,Approved,0
166777.56,Medical,Max Hospital,1,0,Chennai,Pending,0
267402.96,Vehicle,KEM Hospital,3,1,Raipur,Pending,0
119024.53,Accident,Max Hospital,12,1,Raipur,Approved,0
16479.1,Vehicle,Apollo Hospital,10,1,Nashik,Pending,0
332756.31,Accident,Manipal Hospital,16,1,Bengaluru,Approved,1
327755.25,Theft,AIIMS,7,1,Raipur,Approved,0
435569.77,Theft,Max Hospital,8,1,Chennai,Approved,0
483451.91,Vehicle,Manipal Hospital,17,1,Pune,Approved,1
187374.09,Accident,Max Hospital,18,1,Nagpur,Approved,0
70907.14,Theft,KEM Hospital,11,1,Chennai,Pending,0
349954.06,Medical,Fortis Hospital,9,0,Nashik,Rejected,0
41275.89,Theft,Max Hospital,17,1,Hyderabad,Approved,0
534490.58,Vehicle,Apollo Hospital,16,1,Delhi,Pending,1
80719.83,Theft,Fortis Hospital,15,1,Nashik,Pending,0
563915.74,Fire,Max Hospital,19,0,Nashik,Rejected,0
566885.07,Medical,Manipal Hospital,1,0,Delhi,Rejected,0
413907.79,Theft,KEM Hospital,5,1,Chennai,Pending,0
91976.23,Fire,Ruby Hall Clinic,3,0,Mumbai,Approved,0
556012.23,Accident,AIIMS,7,1,Bengaluru,Rejected,0
152848.31,Vehicle,AIIMS,19,1,Raipur,Approved,0
74838.79,Theft,Ruby Hall Clinic,16,1,Delhi,Rejected,0
485092.81,Accident,Manipal Hospital,19,1,Hyderabad,Approved,0
361365.47,Accident,Fortis Hospital,11,1,Hyderabad,Pending,1
459181.63,Vehicle,Manipal Hospital,1,1,Nashik,Pending,0
244992.27,Theft,Manipal Hospital,16,1,Mumbai,Approved,0
93405.33,Vehicle,Ruby Hall Clinic,8,1,Hyderabad,Approved,0
125123.76,Accident,Fortis Hospital,3,1,Mumbai,Pending,0
8206.62,Accident,AIIMS,15,1,Raipur,Approved,0
155237.68,Vehicle,Apollo Hospital,14,0,Raipur,Rejected,0
126002.54,Medical,AIIMS,4,1,Nashik,Pending,0
581117.26,Fire,Max Hospital,4,1,Mumbai,Approved,0
5357.67,Fire,AIIMS,18,0,Nashik,Approved,0
301041.79,Medical,Manipal Hospital,9,0,Delhi,Approved,0
378833.04,Vehicle,Apollo Hospital,14,1,Hyderabad,Approved,1
144998.22,Theft,KEM Hospital,4,1,Nagpur,Approved,0
503386.33,Medical,Manipal Hospital,15,0,Hyderabad,Approved,1
540414.06,Fire,KEM Hospital,1,0,Nagpur,Approved,0
114700.94,Medical,Max Hospital,17,0,Delhi,Approved,0
68167.7,Vehicle,KEM Hospital,15,1,Hyderabad,Approved,0
281293.01,Medical,Fortis Hospital,20,0,Nagpur,Approved,0
252877.72,Accident,Fortis Hospital,9,1,Mumbai,Approved,0
483764.44,Theft,KEM Hospital,14,1,Bengaluru,Approved,0
83977.58,Accident,Max Hospital,1,1,Bengaluru,Approved,0
261217.45,Fire,Apollo Hospital,8,0,Delhi,Approved,0
344125.97,Vehicle,Max Hospital,16,1,Pune,Pending,1
592259.49,Accident,Manipal Hospital,9,1,Chennai,Pending,0
485358.38,Accident,Manipal Hospital,4,1,Raipur,Approved,0
205985.75,Accident,Apollo Hospital,1,1,Bengaluru,Rejected,0
581752.13,Vehicle,Fortis Hospital,12,1,Pune,Rejected,0
249277.2,Fire,KEM Hospital,5,0,Pune,Approved,0
283630.77,Accident,KEM Hospital,11,1,Nashik,Pending,1
168431.42,Accident,Manipal Hospital,13,1,Nashik,Approved,0
268371.33,Theft,Apollo Hospital,8,1,Bengaluru,Approved,0
344893.45,Fire,Max Hospital,2,1,Mumbai,Approved,0
127235.69,Accident,Ruby Hall Clinic,5,1,Mumbai,Approved,0
55519.47,Fire,Ruby Hall Clinic,9,1,Nagpur,Approved,0
228034.81,Accident,Ruby Hall Clinic,19,1,Mumbai,Rejected,0
535240.93,Fire,Ruby Hall Clinic,18,0,Bengaluru,Rejected,0
79251.82,Medical,Max Hospital,0,1,Pune,Approved,0
21190.7,Medical,Apollo Hospital,13,1,Delhi,Approved,0
24493.45,Fire,Apollo Hospital,20,1,Bengaluru,Pending,0
475294.21,Vehicle,Manipal Hospital,12,1,Pune,Pending,1
221475.81,Accident,Ruby Hall Clinic,8,1,Pune,Pending,0
121952.33,Accident,KEM Hospital,10,0,Delhi,Approved,0
286901.18,Medical,Fortis Hospital,0,0,Chennai,Rejected,0
388654.63,Vehicle,Max Hospital,0,1,Delhi,Approved,0
149437.1,Medical,Fortis Hospital,10,0,Pune,Approved,0
103908.26,Fire,Manipal Hospital,4,1,Nagpur,Approved,0
356943.61,Vehicle,Max Hospital,19,1,Delhi,Pending,1
585267.61,Theft,Manipal Hospital,3,1,Bengaluru,Approved,0
48451.52,Medical,Fortis Hospital,4,1,Chennai,Rejected,0
35089.26,Medical,Max Hospital,7,0,Mumbai,Pending,0
14330.95,Theft,Max Hospital,4,1,Hyderabad,Pending,0
569407.31,Medical,Manipal Hospital,8,0,Nashik,Approved,0
395084.46,Medical,Max Hospital,8,1,Pune,Pending,1
168209.03,Fire,AIIMS,0,1,Mumbai,Rejected,0
23006.62,Theft,KEM Hospital,14,1,Delhi,Approved,0
56587.29,Theft,Apollo Hospital,12,1,Nashik,Rejected,0
467437.01,Fire,AIIMS,3,0,Chennai,Rejected,0
232971.42,Theft,Fortis Hospital,16,1,Pune,Approved,0
83544.94,Vehicle,KEM Hospital,13,0,Chennai,Approved,0
474942.87,Medical,Ruby Hall Clinic,7,1,Nashik,Approved,0
434836.99,Accident,KEM Hospital,0,0,Delhi,Pending,1
468330.32,Accident,KEM Hospital,0,1,Hyderabad,Pending,0
397819.0,Theft,Ruby Hall Clinic,0,1,Hyderabad,Approved,0
360958.76,Theft,KEM Hospital,19,1,Bengaluru,Pending,1
264527.7,Theft,Max Hospital,3,1,Nashik,Rejected,0
352049.85,Vehicle,Fortis Hospital,5,1,Delhi,Approved,0
354229.51,Fire,Manipal Hospital,10,0,Mumbai,Approved,0
207274.32,Theft,AIIMS,6,1,Bengaluru,Rejected,0
182201.92,Fire,Apollo Hospital,14,1,Chennai,Approved,0
305817.8,Fire,Ruby Hall Clinic,4,0,Nagpur,Pending,0
438034.35,Medical,KEM Hospital,6,0,Delhi,Pending,1
449973.64,Vehicle,Manipal Hospital,4,1,Pune,Approved,0
53696.64,Theft,Fortis Hospital,17,1,Nagpur,Approved,0
301004.78,Vehicle,Manipal Hospital,5,1,Bengaluru,Rejected,0
144720.9,Medical,Manipal Hospital,6,0,Pune,Pending,0
179304.79,Fire,Ruby Hall Clinic,0,0,Chennai,Approved,0
569196.96,Medical,AIIMS,10,1,Pune,Approved,0
554974.02,Fire,KEM Hospital,17,1,Nagpur,Rejected,1
261102.47,Medical,Max Hospital,19,1,Hyderabad,Approved,0
301839.42,Vehicle,Max Hospital,6,1,Nagpur,Approved,0
590265.94,Fire,Ruby Hall Clinic,18,0,Pune,Approved,1
298292.8,Theft,KEM Hospital,12,1,Chennai,Approved,0
210043.92,Fire,KEM Hospital,3,0,Nagpur,Pending,0
346667.54,Theft,Max Hospital,0,1,Nagpur,Approved,0
501149.05,Medical,KEM Hospital,13,1,Pune,Approved,1
480465.74,Vehicle,KEM Hospital,9,1,Pune,Rejected,0
5784.92,Fire,Manipal Hospital,13,0,Bengaluru,Approved,0
99641.64,Accident,Ruby Hall Clinic,16,1,Chennai,Approved,0
168485.12,Theft,Fortis Hospital,14,1,Hyderabad,Approved,0
359139.92,Medical,Fortis Hospital,16,1,Delhi,Approved,1
319733.68,Theft,Max Hospital,12,1,Hyderabad,Approved,1
175892.96,Theft,Ruby Hall Clinic,4,1,Chennai,Pending,0
261178.1,Medical,Ruby Hall Clinic,19,1,Mumbai,Rejected,0
588009.52,Medical,Manipal Hospital,10,1,Nashik,Pending,1
490471.3,Vehicle,Ruby Hall Clinic,17,1,Chennai,Approved,1
70323.48,Vehicle,Ruby Hall Clinic,0,1,Chennai,Approved,0
63019.11,Theft,KEM Hospital,11,1,Chennai,Approved,0
340679.46,Fire,Apollo Hospital,4,1,Chennai,Approved,0
589243.75,Vehicle,Max Hospital,5,1,Nashik,Approved,0
431890.43,Fire,Ruby Hall Clinic,1,0,Delhi,Rejected,0
423048.93,Theft,Manipal Hospital,17,1,Bengaluru,Approved,0
321000.86,Vehicle,Manipal Hospital,6,1,Mumbai,Pending,1
562075.76,Theft,Ruby Hall Clinic,2,0,Nagpur,Approved,1
331805.26,Theft,Ruby Hall Clinic,17,1,Mumbai,Approved,1
550407.29,Accident,Manipal Hospital,11,1,Chennai,Approved,1
44930.64,Vehicle,Max Hospital,3,1,Pune,Pending,0
585360.61,Vehicle,Fortis Hospital,20,1,Chennai,Approved,1
390840.29,Accident,KEM Hospital,16,1,Bengaluru,Approved,0
439961.41,Medical,Apollo Hospital,9,0,Hyderabad,Approved,0
327652.91,Theft,Fortis Hospital,7,1,Nashik,Approved,0
186739.25,Vehicle,Ruby Hall Clinic,12,1,Bengaluru,Approved,0
467966.08,Vehicle,Ruby Hall Clinic,10,1,Pune,Approved,0
91821.68,Accident,Apollo Hospital,20,1,Hyderabad,Approved,0
371418.47,Accident,Max Hospital,13,1,Bengaluru,Approved,0
326125.19,Medical,Ruby Hall Clinic,10,0,Hyderabad,Pending,0
510747.86,Fire,AIIMS,1,1,Mumbai,Approved,0
203385.81,Theft,AIIMS,14,1,Delhi,Approved,0
383465.64,Vehicle,Apollo Hospital,4,1,Pune,Pending,1
598146.69,Accident,Manipal Hospital,6,1,Nagpur,Approved,0
566743.53,Vehicle,Manipal Hospital,13,1,Delhi,Approved,1
515610.48,Accident,Apollo Hospital,14,0,Delhi,Pending,1
506669.66,Fire,Max Hospital,1,0,Nashik,Approved,0
567088.07,Accident,KEM Hospital,17,1,Mumbai,Pending,1
353049.67,Vehicle,Fortis Hospital,7,1,Mumbai,Approved,0
55378.02,Vehicle,AIIMS,10,1,Bengaluru,Approved,0
385750.7,Medical,Max Hospital,17,0,Bengaluru,Pending,1
254823.66,Fire,Apollo Hospital,8,0,Bengaluru,Approved,0
270584.43,Accident,Max Hospital,3,1,Raipur,Rejected,0
255185.62,Vehicle,AIIMS,20,1,Hyderabad,Approved,0
131226.45,Fire,Max Hospital,17,0,Nagpur,Pending,1
242991.43,Accident,Max Hospital,11,1,Raipur,Pending,1
322325.59,Medical,Apollo Hospital,13,0,Delhi,Pending,1
77944.24,Accident,Apollo Hospital,19,0,Chennai,Pending,1
281656.35,Accident,Apollo Hospital,1,1,Hyderabad,Approved,0
347519.46,Medical,Apollo Hospital,17,1,Chennai,Approved,1
476362.5,Medical,Apollo Hospital,16,1,Delhi,Approved,1
534616.47,Accident,Ruby Hall Clinic,5,1,Pune,Rejected,0
415477.74,Vehicle,Manipal Hospital,19,1,Bengaluru,Approved,1
57962.0,Theft,AIIMS,5,1,Hyderabad,Approved,0
162035.16,Vehicle,AIIMS,10,1,Nagpur,Rejected,0
224169.53,Accident,AIIMS,7,1,Nashik,Approved,0
23857.38,Theft,Fortis Hospital,11,1,Delhi,Approved,0
293469.99,Fire,KEM Hospital,17,0,Bengaluru,Pending,1
490372.82,Accident,Fortis Hospital,13,1,Chennai,Approved,1
468849.66,Vehicle,Fortis Hospital,15,1,Delhi,Pending,1
466406.26,Theft,Ruby Hall Clinic,3,1,Chennai,Approved,0
322241.47,Theft,AIIMS,15,1,Bengaluru,Pending,1
248801.9,Theft,KEM Hospital,19,0,Delhi,Rejected,1
166821.66,Fire,Manipal Hospital,2,0,Pune,Pending,0
362492.26,Accident,Apollo Hospital,16,1,Mumbai,Approved,1
227856.43,Fire,Manipal Hospital,10,1,Delhi,Pending,0
30604.78,Accident,KEM Hospital,19,1,Pune,Pending,0
108608.7,Fire,Ruby Hall Clinic,17,0,Pune,Rejected,0
539948.07,Theft,Fortis Hospital,9,1,Raipur,Pending,1
223576.19,Medical,Max Hospital,18,0,Delhi,Approved,0
579932.98,Medical,Manipal Hospital,1,1,Pune,Rejected,0
244140.27,Vehicle,AIIMS,10,1,Hyderabad,Rejected,0
198918.47,Theft,Max Hospital,19,1,Bengaluru,Rejected,0
436476.11,Medical,Max Hospital,4,1,Raipur,Approved,0
178024.16,Accident,Max Hospital,12,1,Bengaluru,Approved,0
44895.57,Accident,KEM Hospital,20,1,Nagpur,Approved,0
69799.41,Theft,AIIMS,17,1,Delhi,Approved,0
503877.38,Medical,Manipal Hospital,14,1,Nashik,Rejected,0
231357.7,Fire,KEM Hospital,17,1,Delhi,Pending,1
370557.38,Theft,Manipal Hospital,3,0,Chennai,Approved,1
455061.18,Medical,AIIMS,6,0,Chennai,Approved,0
590936.19,Theft,Manipal Hospital,14,1,Delhi,Approved,0
127720.45,Medical,AIIMS,10,0,Hyderabad,Rejected,0
52660.46,Medical,KEM Hospital,18,0,Nashik,Approved,0
447886.66,Medical,Max Hospital,16,0,Delhi,Pending,1
293565.4,Fire,Manipal Hospital,3,1,Chennai,Approved,0
104248.52,Accident,KEM Hospital,3,1,Mumbai,Approved,0
170331.73,Accident,Fortis Hospital,5,1,Pune,Rejected,0
325388.94,Medical,Manipal Hospital,5,1,Hyderabad,Rejected,0
220968.28,Theft,Max Hospital,14,1,Chennai,Approved,0
413671.24,Medical,Fortis Hospital,6,0,Delhi,Rejected,0
295086.65,Fire,Ruby Hall Clinic,13,0,Hyderabad,Approved,0
28450.95,Medical,Manipal Hospital,2,1,Mumbai,Approved,0
434971.01,Accident,Fortis Hospital,13,1,Hyderabad,Approved,0
550118.55,Theft,AIIMS,9,1,Bengaluru,Approved,0
528259.89,Theft,Manipal Hospital,7,1,Bengaluru,Pending,1
416931.85,Accident,Fortis Hospital,0,1,Nagpur,Approved,0
225917.53,Fire,Ruby Hall Clinic,14,1,Bengaluru,Rejected,0
576273.44,Accident,AIIMS,11,1,Mumbai,Pending,1
182958.78,Medical,Fortis Hospital,7,0,Delhi,Approved,0
427258.08,Fire,Ruby Hall Clinic,16,1,Nagpur,Pending,1
500319.44,Fire,Manipal Hospital,11,0,Bengaluru,Rejected,0
162291.52,Accident,AIIMS,2,1,Nashik,Approved,0
497455.62,Theft,Manipal Hospital,0,1,Bengaluru,Approved,0
481595.54,Theft,Fortis Hospital,6,0,Pune,Approved,1
387628.45,Fire,Ruby Hall Clinic,4,0,Delhi,Pending,1
336222.05,Medical,AIIMS,7,0,Bengaluru,Rejected,0
510438.89,Theft,AIIMS,17,1,Hyderabad,Pending,1
310584.29,Theft,AIIMS,10,1,Pune,Approved,0
530527.11,Fire,Fortis Hospital,3,1,Chennai,Approved,0
547686.68,Accident,Fortis Hospital,8,1,Mumbai,Approved,0
431661.22,Accident,Fortis Hospital,13,1,Raipur,Approved,0
187196.81,Vehicle,Fortis Hospital,2,0,Hyderabad,Approved,0
146517.51,Theft,AIIMS,7,1,Delhi,Approved,0
149450.95,Accident,Apollo Hospital,17,1,Nagpur,Approved,0
593243.69,Medical,Manipal Hospital,7,0,Nagpur,Pending,0
284566.34,Vehicle,Max Hospital,9,1,Bengaluru,Pending,0
91941.92,Vehicle,Max Hospital,2,1,Pune,Approved,0
282618.48,Theft,Apollo Hospital,8,1,Mumbai,Approved,0
383097.04,Medical,AIIMS,2,0,Nashik,Pending,0
302029.48,Fire,Ruby Hall Clinic,10,0,Chennai,Approved,0
117811.98,Theft,Max Hospital,1,0,Delhi,Approved,1
25371.93,Accident,Fortis Hospital,11,1,Pune,Approved,0
429111.61,Fire,Ruby Hall Clinic,3,1,Delhi,Approved,0
501481.91,Vehicle,Max Hospital,10,1,Bengaluru,Pending,1
496016.67,Accident,KEM Hospital,17,1,Raipur,Pending,1
409197.43,Fire,Max Hospital,14,0,Chennai,Rejected,1
510081.38,Medical,Fortis Hospital,8,0,Chennai,Pending,0
277522.1,Fire,Ruby Hall Clinic,13,0,Bengaluru,Pending,0
25981.9,Theft,Fortis Hospital,14,1,Delhi,Pending,1
174169.23,Vehicle,Ruby Hall Clinic,4,1,Bengaluru,Pending,0
89432.02,Theft,AIIMS,14,1,Pune,Rejected,0
384692.97,Accident,Max Hospital,3,1,Mumbai,Rejected,0
349051.7,Fire,Ruby Hall Clinic,3,0,Nashik,Rejected,0
257299.45,Vehicle,Ruby Hall Clinic,12,0,Chennai,Pending,1
110030.26,Medical,Manipal Hospital,11,0,Nagpur,Approved,0
507034.87,Medical,Fortis Hospital,2,0,Hyderabad,Approved,0
96645.58,Accident,Manipal Hospital,1,0,Chennai,Approved,1
302076.68,Vehicle,AIIMS,2,1,Mumbai,Approved,0
479284.65,Vehicle,Apollo Hospital,11,0,Nagpur,Approved,0
175812.99,Theft,Manipal Hospital,9,1,Delhi,Rejected,0
305543.62,Fire,Max Hospital,9,1,Pune,Approved,0
470008.56,Fire,Ruby Hall Clinic,15,1,Delhi,Pending,1
265916.12,Theft,Max Hospital,2,1,Pune,Pending,0
407547.79,Accident,Manipal Hospital,19,1,Bengaluru,Pending,1
345790.61,Medical,Manipal Hospital,12,1,Chennai,Rejected,0
566584.49,Accident,Fortis Hospital,3,1,Chennai,Approved,0
260279.8,Vehicle,AIIMS,19,1,Nashik,Approved,0
150083.84,Medical,Ruby Hall Clinic,0,0,Nashik,Approved,0
137012.23,Medical,Apollo Hospital,1,0,Mumbai,Approved,0
242355.75,Medical,KEM Hospital,11,0,Pune,Approved,0
78327.26,Theft,Apollo Hospital,19,1,Nagpur,Approved,0
299906.77,Medical,KEM Hospital,16,1,Mumbai,Approved,0
57589.0,Medical,Max Hospital,10,1,Chennai,Approved,0
463968.47,Fire,Max Hospital,20,1,Bengaluru,Approved,0
446918.3,Medical,Ruby Hall Clinic,15,0,Nashik,Rejected,0
212760.28,Accident,Fortis Hospital,10,0,Pune,Approved,0
280952.13,Accident,Manipal Hospital,18,1,Raipur,Rejected,0
63085.31,Fire,Fortis Hospital,14,1,Raipur,Approved,0
360130.69,Fire,Fortis Hospital,8,0,Nagpur,Approved,0
563429.49,Fire,Manipal Hospital,20,1,Chennai,Pending,1
90818.1,Fire,Apollo Hospital,6,1,Pune,Pending,0
134836.44,Accident,Apollo Hospital,20,1,Bengaluru,Pending,0
323429.71,Accident,Fortis Hospital,12,1,Hyderabad,Approved,0
465556.34,Fire,Fortis Hospital,15,0,Mumbai,Pending,1
158096.65,Fire,Ruby Hall Clinic,20,0,Chennai,Approved,0
542810.71,Vehicle,Max Hospital,4,1,Hyderabad,Pending,1
595043.54,Accident,Fortis Hospital,2,1,Raipur,Approved,0
286217.89,Theft,KEM Hospital,9,1,Chennai,Approved,0
146225.45,Theft,Manipal Hospital,10,1,Chennai,Approved,0
479165.52,Theft,Manipal Hospital,20,1,Mumbai,Approved,0
295906.24,Vehicle,Max Hospital,4,1,Pune,Approved,0
379114.78,Accident,AIIMS,9,1,Nagpur,Approved,0
516437.76,Medical,AIIMS,6,0,Hyderabad,Pending,1
394063.06,Medical,Apollo Hospital,17,0,Nagpur,Approved,0
499833.07,Theft,KEM Hospital,2,1,Nashik,Approved,0
382351.8,Theft,Ruby Hall Clinic,9,1,Nagpur,Approved,0
446356.99,Theft,Max Hospital,18,1,Mumbai,Approved,1
221517.57,Theft,AIIMS,11,1,Raipur,Rejected,0
465104.48,Medical,KEM Hospital,6,0,Nagpur,Approved,0
503015.58,Fire,Manipal Hospital,17,0,Chennai,Rejected,1
45942.96,Fire,Apollo Hospital,7,1,Hyderabad,Pending,0
416367.99,Medical,KEM Hospital,14,1,Chennai,Approved,1
440777.65,Vehicle,Max Hospital,18,1,Delhi,Approved,0
104756.31,Vehicle,Apollo Hospital,9,1,Bengaluru,Approved,0
214454.32,Medical,Ruby Hall Clinic,8,1,Nagpur,Approved,0
37958.47,Theft,KEM Hospital,11,1,Nagpur,Rejected,0
287504.98,Medical,Max Hospital,18,0,Delhi,Pending,1
511112.51,Vehicle,Max Hospital,9,0,Mumbai,Approved,0
43303.03,Theft,AIIMS,17,0,Pune,Pending,1
241334.72,Accident,KEM Hospital,8,1,Raipur,Approved,0
103006.53,Vehicle,Fortis Hospital,14,1,Chennai,Approved,0
551025.53,Accident,KEM Hospital,5,1,Pune,Pending,0
469679.02,Vehicle,Max Hospital,20,1,Pune,Approved,1
90456.76,Vehicle,Max Hospital,20,1,Raipur,Pending,0
363472.22,Fire,Manipal Hospital,13,1,Mumbai,Pending,1
413595.72,Medical,KEM Hospital,2,0,Bengaluru,Approved,0
18035.16,Fire,Ruby Hall Clinic,19,1,Bengaluru,Pending,0
530907.83,Fire,AIIMS,5,1,Hyderabad,Approved,0
331074.52,Accident,Manipal Hospital,6,0,Nagpur,Approved,1
336861.49,Accident,AIIMS,10,1,Mumbai,Rejected,0
282780.19,Vehicle,KEM Hospital,0,1,Raipur,Approved,0
440094.09,Vehicle,AIIMS,4,0,Mumbai,Pending,1
68816.65,Theft,Max Hospital,7,1,Chennai,Pending,0
50722.21,Accident,Manipal Hospital,1,1,Mumbai,Pending,0
174313.01,Fire,Max Hospital,10,1,Delhi,Pending,0
351831.97,Theft,Ruby Hall Clinic,14,1,Chennai,Pending,1
271220.03,Fire,Ruby Hall Clinic,3,1,Mumbai,Approved,0
190263.84,Medical,Ruby Hall Clinic,1,1,Nashik,Approved,0
238276.15,Medical,Max Hospital,0,0,Pune,Rejected,0
498626.93,Medical,Max Hospital,2,0,Delhi,Approved,0
110076.82,Medical,Manipal Hospital,1,0,Mumbai,Pending,0
220833.71,Theft,Fortis Hospital,17,1,Nagpur,Approved,0
126096.56,Medical,Ruby Hall Clinic,18,0,Nagpur,Approved,0
378413.15,Vehicle,Fortis Hospital,20,0,Mumbai,Approved,1
174891.05,Theft,Apollo Hospital,13,1,Hyderabad,Approved,0
484766.64,Medical,Ruby Hall Clinic,18,1,Raipur,Approved,1
513659.85,Medical,Apollo Hospital,2,0,Chennai,Approved,0
306030.46,Medical,Apollo Hospital,9,0,Hyderabad,Approved,0
122329.59,Theft,Manipal Hospital,9,0,Nagpur,Approved,1
496666.21,Accident,KEM Hospital,3,1,Hyderabad,Approved,0
308554.73,Medical,Max Hospital,16,0,Chennai,Approved,1
200849.9,Fire,Fortis Hospital,13,1,Raipur,Pending,1
113591.1,Fire,Max Hospital,2,0,Chennai,Approved,0
130360.51,Theft,AIIMS,12,1,Bengaluru,Approved,0
491112.04,Medical,KEM Hospital,12,1,Delhi,Approved,1
551403.18,Theft,Manipal Hospital,1,1,Hyderabad,Approved,0
231122.88,Fire,Ruby Hall Clinic,12,1,Delhi,Approved,0
574414.16,Medical,AIIMS,13,1,Mumbai,Rejected,1
24960.09,Medical,Fortis Hospital,0,0,Hyderabad,Approved,0
372721.8,Theft,Ruby Hall Clinic,2,1,Raipur,Approved,0
571622.86,Vehicle,AIIMS,13,1,Nagpur,Rejected,0
536432.91,Theft,KEM Hospital,7,1,Delhi,Rejected,0
236925.67,Medical,AIIMS,8,0,Nashik,Pending,0
591424.98,Vehicle,Fortis Hospital,15,1,Delhi,Approved,0
502735.86,Vehicle,Max Hospital,8,1,Raipur,Approved,0
255301.52,Vehicle,KEM Hospital,1,1,Mumbai,Approved,0
24031.99,Medical,Fortis Hospital,7,1,Bengaluru,Rejected,0
113455.8,Theft,Ruby Hall Clinic,14,1,Chennai,Approved,0
571407.8,Accident,AIIMS,7,1,Delhi,Rejected,0
454537.05,Accident,Max Hospital,4,1,Nashik,Approved,0
558915.18,Medical,Manipal Hospital,13,1,Nagpur,Approved,1
120668.88,Fire,Fortis Hospital,5,0,Bengaluru,Rejected,0
230039.12,Accident,Max Hospital,2,0,Delhi,Approved,0
69639.77,Fire,Manipal Hospital,1,0,Mumbai,Rejected,0
156824.87,Vehicle,Apollo Hospital,20,1,Raipur,Approved,0
204775.69,Vehicle,Ruby Hall Clinic,5,1,Bengaluru,Approved,0
68838.16,Medical,Fortis Hospital,16,1,Nashik,Approved,0
124871.57,Medical,Max Hospital,4,0,Delhi,Approved,0
247057.27,Medical,Apollo Hospital,0,1,Nashik,Pending,0
334815.41,Medical,Apollo Hospital,6,0,Hyderabad,Approved,0
85862.01,Vehicle,Ruby Hall Clinic,10,0,Nashik,Approved,0
578351.61,Medical,Max Hospital,9,1,Mumbai,Approved,0
285365.89,Fire,Max Hospital,17,0,Raipur,Approved,0
155224.33,Fire,Ruby Hall Clinic,2,1,Bengaluru,Approved,0
401371.64,Fire,Manipal Hospital,13,0,Chennai,Rejected,0
586188.87,Theft,Fortis Hospital,5,1,Mumbai,Pending,0
316611.79,Vehicle,Fortis Hospital,17,0,Mumbai,Pending,1
31318.18,Fire,KEM Hospital,1,1,Delhi,Approved,0
276338.67,Fire,Manipal Hospital,19,1,Mumbai,Approved,0
516984.66,Medical,Ruby Hall Clinic,11,0,Nashik,Rejected,0
308415.22,Medical,KEM Hospital,16,1,Bengaluru,Pending,1
473238.15,Theft,Ruby Hall Clinic,8,1,Mumbai,Pending,0
286460.6,Theft,AIIMS,7,1,Bengaluru,Approved,0
342787.43,Vehicle,Max Hospital,19,1,Hyderabad,Rejected,0
181382.68,Theft,Max Hospital,1,1,Hyderabad,Approved,0
72941.91,Accident,Max Hospital,8,1,Pune,Approved,0
435783.23,Vehicle,KEM Hospital,6,1,Bengaluru,Approved,0
506247.89,Theft,Fortis Hospital,17,1,Mumbai,Pending,1
363786.07,Accident,AIIMS,3,1,Chennai,Pending,1
513120.57,Medical,Max Hospital,14,0,Bengaluru,Approved,1
29746.12,Vehicle,Fortis Hospital,1,1,Pune,Rejected,0
106882.01,Accident,Max Hospital,0,1,Hyderabad,Rejected,0
55068.24,Vehicle,Fortis Hospital,2,1,Chennai,Approved,0
150070.26,Theft,Apollo Hospital,3,1,Raipur,Approved,0
330806.99,Fire,AIIMS,4,0,Pune,Approved,0
6690.75,Fire,Max Hospital,2,1,Pune,Rejected,0
216022.12,Fire,Apollo Hospital,6,1,Chennai,Approved,0
340416.51,Fire,Apollo Hospital,13,0,Delhi,Approved,0
197873.55,Fire,Manipal Hospital,8,1,Hyderabad,Approved,0
559612.87,Theft,KEM Hospital,17,1,Delhi,Approved,1
450089.16,Medical,KEM Hospital,15,1,Nagpur,Pending,1
89438.02,Fire,Ruby Hall Clinic,6,0,Mumbai,Approved,0
7686.45,Vehicle,KEM Hospital,5,1,Delhi,Approved,0
398026.73,Fire,Fortis Hospital,15,0,Nashik,Pending,1
452279.93,Vehicle,Fortis Hospital,13,1,Mumbai,Pending,1
39212.21,Fire,AIIMS,12,1,Chennai,Pending,0
215324.93,Vehicle,Fortis Hospital,7,1,Chennai,Approved,0
172991.01,Vehicle,KEM Hospital,4,1,Raipur,Approved,0
129052.01,Vehicle,Max Hospital,19,1,Bengaluru,Pending,0
249099.61,Medical,Manipal Hospital,0,0,Delhi,Approved,0
323156.19,Fire,Apollo Hospital,0,0,Nashik,Approved,0
573694.87,Vehicle,AIIMS,19,1,Nagpur,Approved,1
455425.96,Accident,AIIMS,9,1,Chennai,Approved,0
339854.86,Vehicle,Apollo Hospital,2,1,Nagpur,Rejected,0
13729.84,Fire,Apollo Hospital,11,0,Bengaluru,Approved,0
500288.97,Medical,Manipal Hospital,12,1,Nashik,Approved,0
308490.29,Vehicle,Apollo Hospital,2,1,Mumbai,Pending,1
143400.58,Fire,Fortis Hospital,16,1,Chennai,Approved,0
116353.78,Fire,Manipal Hospital,17,0,Delhi,Approved,0
542666.34,Fire,Manipal Hospital,6,0,Mumbai,Approved,0
578979.39,Medical,Apollo Hospital,19,1,Nashik,Pending,1
483437.71,Accident,Fortis Hospital,9,1,Delhi,Approved,0
70642.78,Accident,Max Hospital,5,1,Pune,Pending,0
263349.64,Medical,Manipal Hospital,3,0,Chennai,Approved,0
102076.22,Medical,Manipal Hospital,12,0,Pune,Approved,0
83723.72,Vehicle,KEM Hospital,2,1,Delhi,Approved,0
420919.33,Accident,Max Hospital,7,1,Delhi,Approved,0
104671.21,Theft,AIIMS,11,1,Hyderabad,Approved,0
364911.73,Accident,Apollo Hospital,20,1,Bengaluru,Pending,1
186363.4,Accident,AIIMS,4,1,Bengaluru,Approved,0
491538.09,Theft,Fortis Hospital,3,1,Pune,Approved,0
434379.25,Theft,Fortis Hospital,10,1,Mumbai,Approved,0
557994.28,Vehicle,Apollo Hospital,5,1,Hyderabad,Approved,0
556467.18,Theft,Ruby Hall Clinic,10,0,Bengaluru,Approved,1
383813.21,Medical,AIIMS,18,0,Hyderabad,Approved,0
599559.26,Accident,Max Hospital,3,1,Nashik,Pending,1
37273.27,Medical,Ruby Hall Clinic,2,1,Pune,Approved,0
201844.69,Fire,Apollo Hospital,8,1,Delhi,Pending,0
236320.86,Vehicle,Fortis Hospital,17,1,Mumbai,Approved,0
425613.76,Theft,Fortis Hospital,3,1,Raipur,Pending,1
489714.44,Theft,Apollo Hospital,2,1,Nagpur,Approved,0
114092.05,Accident,KEM Hospital,5,1,Raipur,Approved,0
283493.4,Vehicle,AIIMS,8,1,Nashik,Pending,0
87597.76,Theft,AIIMS,18,1,Nashik,Rejected,0
299021.32,Fire,Max Hospital,8,1,Nagpur,Pending,0
76774.88,Medical,Fortis Hospital,3,1,Delhi,Approved,0
241885.75,Accident,Max Hospital,10,1,Hyderabad,Approved,0
150830.91,Vehicle,Manipal Hospital,17,1,Hyderabad,Pending,1
40265.46,Medical,Max Hospital,7,0,Mumbai,Approved,0
373777.08,Fire,Max Hospital,1,0,Nashik,Approved,0
355504.87,Vehicle,Manipal Hospital,18,1,Delhi,Approved,1
163126.78,Vehicle,Fortis Hospital,0,1,Raipur,Pending,0
82843.75,Theft,Apollo Hospital,5,1,Nashik,Rejected,0
354572.01,Theft,Max Hospital,0,1,Chennai,Approved,0
81042.12,Medical,Apollo Hospital,19,1,Chennai,Pending,0
271451.32,Medical,AIIMS,2,0,Pune,Approved,0
412728.31,Theft,Fortis Hospital,17,1,Pune,Pending,1
423541.65,Accident,KEM Hospital,17,1,Nashik,Approved,1
352026.67,Fire,AIIMS,9,0,Hyderabad,Rejected,0
344537.19,Theft,Apollo Hospital,9,1,Nagpur,Pending,0
43263.52,Vehicle,Fortis Hospital,0,1,Pune,Approved,0
486717.04,Vehicle,Apollo Hospital,18,1,Chennai,Pending,1
529745.47,Accident,Max Hospital,1,1,Nagpur,Approved,0
99242.38,Accident,Apollo Hospital,18,1,Bengaluru,Rejected,0
423350.69,Fire,Ruby Hall Clinic,1,0,Chennai,Approved,0
323172.09,Medical,Ruby Hall Clinic,7,0,Delhi,Pending,1
9169.59,Vehicle,Fortis Hospital,19,1,Pune,Pending,1
69232.81,Theft,Manipal Hospital,8,1,Nagpur,Rejected,0
346621.18,Medical,Max Hospital,6,1,Bengaluru,Approved,0
592174.11,Theft,KEM Hospital,16,0,Chennai,Pending,1
521746.57,Accident,Manipal Hospital,2,1,Chennai,Approved,0
481289.12,Medical,KEM Hospital,19,1,Delhi,Approved,1
33208.7,Vehicle,Apollo Hospital,16,1,Nashik,Pending,1
558428.76,Theft,Apollo Hospital,2,1,Mumbai,Approved,0
466621.17,Theft,KEM Hospital,6,1,Raipur,Approved,0
109418.34,Medical,Fortis Hospital,8,0,Pune,Approved,0
588880.57,Fire,KEM Hospital,20,0,Hyderabad,Approved,1
547506.94,Vehicle,Max Hospital,7,1,Delhi,Rejected,0
48441.14,Vehicle,Apollo Hospital,16,1,Hyderabad,Rejected,0
12975.65,Vehicle,Manipal Hospital,9,1,Bengaluru,Rejected,0
17046.17,Theft,Max Hospital,4,1,Delhi,Approved,0
74673.47,Medical,AIIMS,9,0,Hyderabad,Rejected,0
505784.57,Medical,Manipal Hospital,16,0,Hyderabad,Approved,0
92341.75,Fire,Ruby Hall Clinic,9,1,Mumbai,Pending,0
574382.6,Vehicle,Fortis Hospital,20,1,Delhi,Approved,1
125741.82,Vehicle,AIIMS,13,1,Hyderabad,Approved,0
69981.83,Accident,Max Hospital,10,1,Nagpur,Rejected,0
20311.57,Fire,Apollo Hospital,12,0,Hyderabad,Approved,0
71216.72,Medical,Fortis Hospital,17,1,Nashik,Approved,0
14813.18,Vehicle,Manipal Hospital,0,1,Mumbai,Rejected,0
331426.96,Fire,Ruby Hall Clinic,20,1,Bengaluru,Approved,1
570250.32,Vehicle,Apollo Hospital,9,1,Nagpur,Approved,0
348487.9,Fire,Max Hospital,11,0,Nashik,Approved,1
473989.1,Accident,Apollo Hospital,8,1,Hyderabad,Approved,0
420876.01,Medical,Max Hospital,12,1,Pune,Approved,1
500309.79,Fire,Apollo Hospital,7,1,Pune,Approved,0
92591.22,Medical,Ruby Hall Clinic,8,1,Delhi,Approved,0
53356.39,Fire,AIIMS,0,1,Bengaluru,Approved,0
35890.06,Medical,Fortis Hospital,14,0,Nashik,Approved,0
255805.77,Vehicle,Fortis Hospital,4,1,Mumbai,Approved,0
398581.5,Theft,Fortis Hospital,1,0,Chennai,Approved,1
10106.73,Theft,Max Hospital,9,0,Raipur,Approved,1
140538.01,Accident,KEM Hospital,1,1,Pune,Approved,0
263889.79,Medical,Apollo Hospital,8,1,Pune,Approved,0
404529.13,Fire,Manipal Hospital,18,0,Mumbai,Approved,1
478100.04,Fire,KEM Hospital,18,0,Nashik,Approved,1
339882.52,Fire,Apollo Hospital,19,1,Nagpur,Rejected,1
440497.78,Vehicle,Fortis Hospital,11,1,Mumbai,Pending,1
226363.32,Medical,KEM Hospital,3,1,Hyderabad,Approved,0
368775.22,Fire,Apollo Hospital,12,1,Chennai,Approved,1
489315.0,Theft,KEM Hospital,1,1,Nagpur,Approved,0
448970.81,Theft,Manipal Hospital,19,1,Mumbai,Approved,1
536309.36,Theft,KEM Hospital,18,1,Pune,Pending,1
514059.2,Fire,KEM Hospital,17,1,Mumbai,Pending,1
133709.61,Vehicle,KEM Hospital,18,1,Hyderabad,Approved,0
464337.2,Theft,Apollo Hospital,3,1,Chennai,Approved,0
313322.81,Medical,Apollo Hospital,4,0,Hyderabad,Pending,1
526152.9,Medical,Ruby Hall Clinic,10,0,Raipur,Rejected,0
130232.77,Theft,Max Hospital,0,1,Delhi,Approved,0
117927.76,Theft,Apollo Hospital,9,0,Nagpur,Approved,0
375320.84,Theft,AIIMS,10,1,Hyderabad,Approved,0
96933.37,Accident,Manipal Hospital,3,1,Delhi,Approved,0
426556.24,Fire,Apollo Hospital,10,0,Nashik,Approved,0
530492.1,Medical,Ruby Hall Clinic,2,1,Pune,Pending,0
545005.22,Accident,KEM Hospital,16,1,Pune,Pending,1
576077.57,Medical,Max Hospital,16,0,Delhi,Rejected,1
195975.82,Vehicle,AIIMS,1,1,Delhi,Approved,0
5383.3,Accident,AIIMS,5,1,Nagpur,Approved,0
381659.98,Theft,Max Hospital,19,0,Hyderabad,Pending,1
288838.24,Medical,KEM Hospital,18,0,Raipur,Rejected,0
289258.22,Theft,Apollo Hospital,3,1,Pune,Approved,0
311496.82,Fire,Max Hospital,1,1,Nashik,Pending,0
433784.26,Theft,Ruby Hall Clinic,5,1,Raipur,Pending,0
520343.63,Theft,Fortis Hospital,5,1,Pune,Pending,0
302551.2,Theft,AIIMS,15,1,Delhi,Approved,1
425493.41,Theft,Ruby Hall Clinic,4,0,Mumbai,Pending,1
92241.3,Medical,Fortis Hospital,16,1,Nashik,Approved,0
260840.8,Vehicle,Apollo Hospital,7,1,Nashik,Approved,0
442038.86,Medical,Manipal Hospital,17,1,Delhi,Pending,1
166139.61,Vehicle,Manipal Hospital,0,1,Pune,Approved,0
580584.01,Vehicle,AIIMS,19,1,Nashik,Pending,1
140399.67,Medical,Manipal Hospital,16,1,Mumbai,Pending,1
261339.16,Accident,Apollo Hospital,14,1,Delhi,Approved,0
455885.68,Vehicle,Manipal Hospital,1,1,Nagpur,Approved,0
455975.51,Theft,Fortis Hospital,13,0,Mumbai,Approved,1
343803.09,Medical,Max Hospital,5,1,Delhi,Approved,0
117733.98,Accident,KEM Hospital,15,1,Nagpur,Pending,0
64477.98,Vehicle,AIIMS,6,1,Mumbai,Pending,0
593747.55,Medical,Fortis Hospital,17,1,Hyderabad,Approved,1
262808.21,Fire,AIIMS,8,1,Hyderabad,Pending,0
374819.77,Fire,KEM Hospital,17,1,Nashik,Approved,1
523307.66,Fire,Ruby Hall Clinic,2,1,Nagpur,Pending,0
345177.58,Fire,Fortis Hospital,20,0,Raipur,Approved,0
211009.97,Accident,Ruby Hall Clinic,6,1,Raipur,Rejected,0
173423.47,Vehicle,KEM Hospital,5,1,Bengaluru,Approved,0
417217.27,Fire,KEM Hospital,15,0,Bengaluru,Rejected,1
369531.4,Fire,Max Hospital,2,1,Mumbai,Approved,0
172113.27,Medical,Ruby Hall Clinic,18,1,Nagpur,Approved,0
219805.31,Theft,Fortis Hospital,0,1,Nagpur,Approved,0
9354.69,Accident,KEM Hospital,1,1,Bengaluru,Approved,0
552294.85,Medical,KEM Hospital,2,1,Pune,Rejected,0
114708.3,Medical,KEM Hospital,2,0,Nagpur,Approved,0
550486.07,Medical,AIIMS,7,0,Mumbai,Pending,1
426983.26,Theft,Max Hospital,1,1,Raipur,Approved,0
207221.63,Fire,KEM Hospital,10,0,Bengaluru,Approved,0
452195.88,Vehicle,AIIMS,14,1,Pune,Pending,1
508440.19,Fire,Fortis Hospital,2,0,Pune,Approved,0
124752.85,Medical,Manipal Hospital,19,1,Chennai,Pending,0
222603.35,Theft,Manipal Hospital,10,1,Pune,Approved,0
373875.01,Theft,Fortis Hospital,18,1,Nashik,Approved,0
235129.74,Accident,Manipal Hospital,5,1,Pune,Pending,0
381490.64,Medical,Apollo Hospital,0,0,Bengaluru,Rejected,0
403774.11,Vehicle,Ruby Hall Clinic,1,1,Nagpur,Pending,0
342485.46,Fire,Ruby Hall Clinic,18,1,Delhi,Approved,1
378601.09,Vehicle,Max Hospital,19,1,Mumbai,Approved,0
268266.5,Fire,Manipal Hospital,15,0,Pune,Pending,0
594597.45,Medical,Apollo Hospital,18,1,Pune,Approved,1
489877.4,Fire,AIIMS,5,1,Nagpur,Approved,0
554797.06,Accident,Apollo Hospital,18,1,Bengaluru,Pending,1
225672.34,Medical,AIIMS,17,1,Nagpur,Approved,0
590982.92,Fire,Apollo Hospital,6,1,Bengaluru,Approved,0
383580.03,Medical,Apollo Hospital,3,1,Mumbai,Rejected,0
370120.97,Vehicle,Fortis Hospital,15,1,Raipur,Pending,1
355804.75,Accident,Manipal Hospital,2,1,Raipur,Approved,0
265595.69,Theft,Manipal Hospital,15,1,Raipur,Rejected,0
198493.96,Vehicle,Fortis Hospital,13,1,Pune,Approved,0
349856.7,Fire,Ruby Hall Clinic,18,1,Pune,Approved,1
522210.72,Vehicle,Apollo Hospital,17,1,Hyderabad,Approved,0
428909.1,Fire,Fortis Hospital,15,1,Mumbai,Pending,1
585072.13,Theft,Max Hospital,2,1,Bengaluru,Approved,0
318419.66,Medical,Ruby Hall Clinic,16,1,Pune,Approved,1
388009.59,Medical,AIIMS,13,1,Pune,Approved,1
311293.73,Medical,Ruby Hall Clinic,5,0,Chennai,Approved,0
48950.19,Accident,Fortis Hospital,15,1,Mumbai,Rejected,0
183169.42,Medical,Apollo Hospital,3,0,Chennai,Approved,0
89822.93,Vehicle,Max Hospital,4,1,Nagpur,Pending,0
524104.21,Accident,Max Hospital,14,1,Bengaluru,Approved,1
238614.96,Accident,Max Hospital,0,0,Nagpur,Approved,1
228594.37,Vehicle,AIIMS,18,1,Raipur,Approved,0
144898.13,Vehicle,Apollo Hospital,4,1,Bengaluru,Rejected,0
267535.71,Vehicle,Max Hospital,13,1,Nagpur,Approved,0
59464.15,Accident,Fortis Hospital,12,1,Nagpur,Approved,0
577633.46,Medical,Ruby Hall Clinic,7,1,Pune,Approved,0
148224.53,Vehicle,KEM Hospital,17,1,Hyderabad,Pending,0
232894.33,Fire,KEM Hospital,2,0,Chennai,Approved,0
575564.58,Theft,AIIMS,2,1,Mumbai,Approved,0
215677.36,Accident,Ruby Hall Clinic,15,1,Raipur,Approved,0
432088.89,Medical,AIIMS,10,1,Raipur,Approved,0
254888.72,Accident,Manipal Hospital,13,1,Pune,Approved,0
487566.04,Vehicle,Manipal Hospital,0,1,Chennai,Approved,0
375394.5,Vehicle,KEM Hospital,5,1,Nashik,Rejected,0
342003.57,Fire,Manipal Hospital,2,1,Pune,Approved,0
129618.54,Fire,AIIMS,16,1,Pune,Rejected,0
65666.75,Theft,Manipal Hospital,11,1,Chennai,Approved,0
295088.95,Accident,Max Hospital,17,1,Nashik,Approved,0
81035.56,Accident,Ruby Hall Clinic,17,1,Chennai,Pending,1
409224.31,Accident,KEM Hospital,7,1,Bengaluru,Approved,0
81433.07,Medical,Fortis Hospital,16,0,Nagpur,Approved,0
503620.23,Fire,Max Hospital,13,0,Hyderabad,Approved,1
249015.58,Vehicle,Apollo Hospital,14,1,Bengaluru,Pending,1
202635.05,Theft,Ruby Hall Clinic,6,1,Raipur,Pending,0
256705.98,Accident,Fortis Hospital,0,1,Delhi,Rejected,0
226726.72,Medical,Manipal Hospital,7,0,Raipur,Pending,0
96807.14,Vehicle,Manipal Hospital,20,1,Nagpur,Pending,1
105615.88,Theft,Apollo Hospital,4,1,Chennai,Pending,0
63469.39,Medical,Manipal Hospital,6,1,Nashik,Approved,0
78207.93,Accident,Max Hospital,16,1,Delhi,Approved,0
550268.76,Theft,Apollo Hospital,14,1,Nagpur,Rejected,0
569822.49,Theft,Fortis Hospital,1,1,Bengaluru,Approved,0
418190.37,Theft,AIIMS,14,1,Delhi,Approved,0
488223.61,Accident,Fortis Hospital,6,1,Nagpur,Rejected,0
121403.31,Theft,Ruby Hall Clinic,14,1,Nagpur,Approved,0
188640.65,Accident,Apollo Hospital,11,1,Nashik,Rejected,0
385511.31,Medical,Ruby Hall Clinic,19,1,Mumbai,Pending,1
452686.99,Accident,KEM Hospital,17,1,Nashik,Pending,1
34454.46,Vehicle,Fortis Hospital,13,1,Delhi,Rejected,0
467701.49,Accident,Max Hospital,1,0,Delhi,Approved,1
544590.26,Theft,Apollo Hospital,0,1,Bengaluru,Approved,0
272189.76,Accident,Fortis Hospital,7,1,Nashik,Approved,0
248726.04,Fire,Fortis Hospital,18,1,Chennai,Approved,0
461301.0,Fire,Manipal Hospital,13,1,Chennai,Pending,1
22214.75,Accident,Max Hospital,17,1,Pune,Approved,0
316831.82,Accident,Apollo Hospital,16,1,Hyderabad,Pending,1
265089.21,Accident,Fortis Hospital,18,1,Chennai,Approved,0
511102.16,Accident,Apollo Hospital,2,1,Pune,Pending,1
589140.89,Vehicle,Ruby Hall Clinic,2,1,Nagpur,Approved,0
285053.84,Theft,Ruby Hall Clinic,11,0,Nashik,Rejected,1
7952.15,Vehicle,Apollo Hospital,8,1,Chennai,Pending,0
113663.73,Accident,Ruby Hall Clinic,2,1,Bengaluru,Approved,0
383448.2,Medical,Max Hospital,3,0,Delhi,Rejected,0
519560.48,Fire,Fortis Hospital,4,1,Mumbai,Approved,0
387753.18,Fire,Max Hospital,10,0,Bengaluru,Approved,0
315061.1,Medical,KEM Hospital,11,1,Bengaluru,Rejected,1
24698.71,Fire,Max Hospital,4,0,Nagpur,Pending,0
327241.93,Vehicle,Apollo Hospital,20,1,Nashik,Approved,1
445108.16,Vehicle,KEM Hospital,10,1,Raipur,Approved,0
213413.79,Fire,Ruby Hall Clinic,3,0,Delhi,Rejected,0
521392.61,Fire,Manipal Hospital,12,1,Raipur,Approved,1
7356.87,Vehicle,AIIMS,7,1,Nagpur,Pending,0
142994.67,Fire,Manipal Hospital,1,0,Nagpur,Rejected,0
91398.58,Vehicle,Max Hospital,16,1,Nashik,Pending,1
152944.5,Accident,Fortis Hospital,4,1,Pune,Rejected,0
129143.69,Accident,KEM Hospital,1,1,Chennai,Approved,0
121634.19,Vehicle,KEM Hospital,11,1,Raipur,Approved,0
548050.72,Fire,Fortis Hospital,14,1,Bengaluru,Approved,0
142635.09,Theft,Apollo Hospital,11,1,Raipur,Approved,0
386204.0,Vehicle,Ruby Hall Clinic,7,1,Delhi,Approved,0
542267.17,Vehicle,KEM Hospital,10,1,Mumbai,Approved,0
513046.65,Theft,Manipal Hospital,0,1,Raipur,Approved,0
327372.18,Accident,Apollo Hospital,13,1,Hyderabad,Approved,0
63825.16,Fire,Fortis Hospital,9,1,Nashik,Pending,0
376916.37,Accident,AIIMS,0,1,Pune,Pending,0
105578.95,Medical,Manipal Hospital,12,1,Hyderabad,Approved,0
9965.0,Medical,Ruby Hall Clinic,16,1,Hyderabad,Approved,0
538985.63,Theft,Ruby Hall Clinic,20,1,Bengaluru,Rejected,1
188563.8,Vehicle,Max Hospital,12,0,Hyderabad,Pending,0
280532.31,Medical,AIIMS,11,0,Pune,Approved,0
372461.18,Accident,Ruby Hall Clinic,10,1,Delhi,Approved,0
215170.26,Vehicle,Fortis Hospital,1,1,Nagpur,Approved,0
269019.33,Medical,KEM Hospital,6,1,Delhi,Approved,0
78165.07,Medical,AIIMS,12,0,Chennai,Approved,0
513822.01,Medical,Max Hospital,9,1,Hyderabad,Rejected,0
138925.98,Medical,Apollo Hospital,13,0,Pune,Rejected,0
535537.93,Theft,Max Hospital,8,1,Mumbai,Approved,0
277923.39,Accident,Apollo Hospital,3,1,Chennai,Approved,0
389154.34,Fire,Max Hospital,6,1,Pune,Approved,0
543845.92,Medical,Apollo Hospital,13,0,Mumbai,Approved,1
449787.37,Vehicle,Ruby Hall Clinic,8,1,Mumbai,Approved,0
506682.05,Theft,Apollo Hospital,9,1,Raipur,Approved,0
359239.49,Vehicle,Fortis Hospital,8,1,Nagpur,Approved,0
369436.08,Accident,Apollo Hospital,5,1,Hyderabad,Approved,0
30108.83,Fire,Max Hospital,17,1,Raipur,Approved,0
288888.27,Medical,Ruby Hall Clinic,13,1,Pune,Approved,0
148397.0,Fire,KEM Hospital,16,1,Delhi,Approved,0
367587.37,Fire,Ruby Hall Clinic,3,1,Nashik,Approved,0
146515.53,Medical,KEM Hospital,6,1,Pune,Approved,0
538302.71,Vehicle,KEM Hospital,20,1,Nashik,Approved,0
466035.09,Vehicle,Manipal Hospital,16,1,Nagpur,Pending,1
401821.99,Fire,Manipal Hospital,20,0,Mumbai,Pending,1
197991.36,Theft,Fortis Hospital,16,1,Nashik,Approved,0
129483.76,Vehicle,Fortis Hospital,20,1,Delhi,Approved,0
503958.33,Accident,Max Hospital,5,1,Nashik,Approved,0
380058.34,Accident,AIIMS,14,1,Raipur,Pending,1
565081.57,Medical,Apollo Hospital,2,1,Chennai,Approved,0
17509.54,Accident,Manipal Hospital,1,0,Hyderabad,Approved,1
448634.47,Medical,AIIMS,1,1,Nashik,Pending,1
565464.6,Theft,Apollo Hospital,4,1,Chennai,Approved,0
245374.02,Theft,Fortis Hospital,12,1,Delhi,Approved,0
232586.84,Accident,Apollo Hospital,10,1,Bengaluru,Approved,0
466307.0,Medical,Fortis Hospital,16,1,Hyderabad,Approved,1
491637.72,Theft,AIIMS,4,1,Nagpur,Pending,0
233887.04,Theft,KEM Hospital,5,1,Pune,Rejected,0
90591.55,Theft,Fortis Hospital,9,0,Raipur,Approved,1
541733.28,Medical,Ruby Hall Clinic,15,0,Nagpur,Approved,0
39923.76,Accident,Max Hospital,5,1,Pune,Pending,0
198286.01,Medical,Max Hospital,4,1,Pune,Approved,0
116130.49,Fire,AIIMS,3,1,Bengaluru,Approved,0
179625.29,Vehicle,Manipal Hospital,2,1,Delhi,Rejected,0
14082.29,Vehicle,AIIMS,14,0,Nagpur,Pending,1
357535.64,Medical,Fortis Hospital,20,1,Mumbai,Approved,1
8893.03,Vehicle,Manipal Hospital,8,1,Nagpur,Approved,0
302196.53,Medical,Ruby Hall Clinic,5,1,Raipur,Pending,0
587606.7,Medical,Ruby Hall Clinic,12,0,Hyderabad,Pending,1
560689.59,Fire,Manipal Hospital,6,0,Bengaluru,Approved,0
202010.77,Medical,AIIMS,5,1,Chennai,Pending,0
237467.7,Medical,Manipal Hospital,17,1,Delhi,Approved,0
469879.11,Vehicle,Apollo Hospital,18,1,Nashik,Rejected,1
590209.63,Theft,Ruby Hall Clinic,5,1,Chennai,Rejected,0
337776.52,Vehicle,Manipal Hospital,1,1,Nashik,Pending,0
323812.34,Theft,Max Hospital,18,1,Nashik,Approved,1
462669.78,Theft,Max Hospital,15,1,Nashik,Approved,1
556353.73,Theft,AIIMS,9,1,Nashik,Pending,1
445668.39,Medical,Max Hospital,9,1,Mumbai,Approved,0
377249.21,Vehicle,Ruby Hall Clinic,10,1,Chennai,Pending,1
45281.05,Medical,Fortis Hospital,20,0,Hyderabad,Approved,0
158076.1,Theft,Max Hospital,14,1,Chennai,Approved,0
10369.57,Theft,KEM Hospital,7,0,Nagpur,Pending,1
94132.76,Accident,KEM Hospital,5,1,Nashik,Pending,0
525776.08,Theft,Fortis Hospital,5,1,Chennai,Rejected,0
593863.6,Fire,Apollo Hospital,3,0,Hyderabad,Approved,0
366627.43,Accident,Apollo Hospital,20,1,Pune,Rejected,1
351116.7,Fire,AIIMS,10,0,Nashik,Pending,1
294432.9,Medical,Fortis Hospital,2,0,Nashik,Approved,0
560238.15,Vehicle,Max Hospital,4,1,Nashik,Approved,0
77475.66,Theft,KEM Hospital,13,1,Nagpur,Rejected,0
112487.38,Fire,Max Hospital,19,0,Chennai,Approved,0
28586.23,Fire,Max Hospital,10,1,Hyderabad,Approved,0
265834.37,Fire,Ruby Hall Clinic,7,1,Nashik,Approved,0
434049.54,Vehicle,Fortis Hospital,13,1,Nagpur,Approved,1
496593.96,Accident,KEM Hospital,16,1,Hyderabad,Pending,1
397594.89,Fire,KEM Hospital,15,1,Chennai,Approved,1
122293.21,Accident,Manipal Hospital,5,1,Pune,Pending,0
313409.93,Medical,KEM Hospital,14,1,Nagpur,Approved,1
558164.11,Fire,Manipal Hospital,13,0,Nashik,Approved,1
387362.01,Fire,Manipal Hospital,10,0,Bengaluru,Approved,0
569364.06,Accident,Fortis Hospital,12,1,Chennai,Rejected,0
65722.91,Accident,Ruby Hall Clinic,9,1,Pune,Approved,0
413350.8,Vehicle,AIIMS,9,1,Delhi,Approved,0
540777.4,Vehicle,Fortis Hospital,4,1,Nashik,Pending,1
524786.63,Vehicle,Fortis Hospital,9,1,Nagpur,Rejected,0
364627.9,Theft,Ruby Hall Clinic,16,1,Pune,Rejected,0
345422.2,Theft,KEM Hospital,17,1,Hyderabad,Rejected,0
455066.69,Fire,Apollo Hospital,12,0,Nashik,Pending,1
383036.44,Accident,AIIMS,7,1,Pune,Pending,1
444111.05,Theft,Manipal Hospital,0,1,Bengaluru,Approved,0
383455.59,Vehicle,Fortis Hospital,5,1,Hyderabad,Rejected,0
283450.87,Accident,Fortis Hospital,15,1,Raipur,Approved,0
255337.66,Medical,KEM Hospital,15,0,Mumbai,Rejected,0
476854.19,Medical,KEM Hospital,19,0,Hyderabad,Approved,1
539360.78,Medical,Fortis Hospital,0,1,Pune,Pending,1
592400.9,Theft,Ruby Hall Clinic,19,1,Bengaluru,Approved,0
297854.49,Vehicle,Apollo Hospital,10,1,Bengaluru,Pending,0
228453.26,Medical,Ruby Hall Clinic,11,0,Raipur,Rejected,0
391030.26,Theft,Fortis Hospital,20,1,Hyderabad,Pending,1
569687.24,Fire,KEM Hospital,14,0,Nashik,Approved,1
548273.68,Fire,AIIMS,3,0,Nashik,Approved,0
76311.55,Fire,Ruby Hall Clinic,11,1,Pune,Approved,0
231834.25,Theft,Fortis Hospital,13,0,Mumbai,Pending,1
39992.02,Theft,AIIMS,3,1,Chennai,Approved,0
475957.31,Vehicle,Manipal Hospital,9,1,Chennai,Approved,0
471427.12,Fire,Ruby Hall Clinic,8,0,Pune,Approved,0
596296.01,Vehicle,Max Hospital,2,1,Bengaluru,Pending,1
439615.72,Vehicle,Max Hospital,10,1,Delhi,Approved,0
418369.73,Vehicle,Apollo Hospital,19,1,Raipur,Approved,0
256522.44,Medical,Max Hospital,10,1,Raipur,Approved,0
52291.99,Theft,Max Hospital,8,1,Nashik,Pending,0
593852.36,Accident,Ruby Hall Clinic,16,1,Chennai,Approved,1
86768.48,Medical,Apollo Hospital,2,0,Pune,Approved,0
399474.55,Medical,Fortis Hospital,3,0,Raipur,Rejected,0
537154.16,Vehicle,Manipal Hospital,19,1,Pune,Approved,1
299417.8,Theft,Ruby Hall Clinic,20,0,Bengaluru,Approved,1
115366.12,Medical,KEM Hospital,8,1,Chennai,Approved,0
596280.03,Theft,Apollo Hospital,20,1,Chennai,Approved,1
463303.86,Theft,Ruby Hall Clinic,0,1,Mumbai,Rejected,0
317319.38,Theft,Manipal Hospital,3,1,Raipur,Approved,0
391941.5,Fire,KEM Hospital,20,0,Hyderabad,Rejected,0
100577.75,Accident,KEM Hospital,0,1,Nashik,Rejected,0
134349.76,Accident,Apollo Hospital,6,1,Bengaluru,Approved,0
253694.46,Vehicle,Ruby Hall Clinic,2,0,Nagpur,Approved,0
392533.56,Vehicle,Fortis Hospital,17,1,Nagpur,Rejected,0
231358.94,Accident,Fortis Hospital,10,1,Hyderabad,Approved,0
358968.61,Vehicle,Manipal Hospital,7,0,Hyderabad,Approved,0
185157.49,Vehicle,Manipal Hospital,18,1,Mumbai,Pending,1
396321.66,Accident,Apollo Hospital,9,1,Delhi,Pending,1
37542.15,Theft,AIIMS,13,0,Pune,Approved,1
295278.11,Vehicle,Fortis Hospital,12,0,Hyderabad,Approved,0
528640.5,Fire,Apollo Hospital,16,1,Nagpur,Approved,0
427805.64,Medical,Ruby Hall Clinic,14,1,Raipur,Approved,1
271989.22,Fire,Ruby Hall Clinic,4,1,Pune,Approved,0
309321.48,Vehicle,Ruby Hall Clinic,11,1,Nagpur,Approved,0
355404.83,Fire,Ruby Hall Clinic,7,0,Nashik,Pending,0
592635.81,Accident,Fortis Hospital,4,1,Nashik,Approved,0
89557.33,Fire,Max Hospital,4,1,Nagpur,Rejected,0
282853.85,Fire,Max Hospital,17,1,Chennai,Approved,0
167120.21,Theft,Ruby Hall Clinic,11,1,Mumbai,Approved,0
128612.95,Fire,Max Hospital,9,1,Raipur,Rejected,0
360102.31,Accident,Manipal Hospital,1,1,Nagpur,Pending,1
260700.41,Theft,AIIMS,14,1,Nashik,Pending,1
322767.04,Fire,AIIMS,0,0,Nashik,Pending,0
166437.76,Medical,Fortis Hospital,16,1,Hyderabad,Rejected,0
434084.28,Accident,Manipal Hospital,9,0,Nagpur,Rejected,1
8601.28,Accident,Ruby Hall Clinic,11,1,Nagpur,Approved,0
137996.03,Theft,Max Hospital,13,0,Nashik,Approved,1
180535.75,Accident,Apollo Hospital,14,1,Hyderabad,Approved,0
204260.66,Fire,Max Hospital,20,1,Mumbai,Rejected,0
286611.58,Fire,Max Hospital,13,1,Mumbai,Pending,1
82926.54,Theft,Fortis Hospital,6,1,Chennai,Approved,0
348684.25,Vehicle,Fortis Hospital,1,1,Chennai,Approved,0
388625.48,Accident,Manipal Hospital,15,1,Delhi,Approved,0
268270.5,Accident,KEM Hospital,12,1,Nagpur,Approved,0
393927.05,Medical,Apollo Hospital,2,1,Hyderabad,Approved,0
364272.71,Theft,KEM Hospital,12,1,Nagpur,Rejected,0
84669.23,Accident,Fortis Hospital,17,1,Hyderabad,Approved,0
19708.49,Accident,KEM Hospital,6,0,Raipur,Rejected,1
309828.29,Fire,KEM Hospital,15,1,Raipur,Approved,0
317599.67,Medical,Manipal Hospital,5,1,Raipur,Pending,1
38859.12,Medical,Fortis Hospital,20,0,Nashik,Rejected,0
337807.34,Vehicle,Fortis Hospital,1,1,Raipur,Pending,1
93010.14,Medical,KEM Hospital,2,1,Hyderabad,Approved,0
36780.57,Fire,Fortis Hospital,5,0,Bengaluru,Approved,0
560526.84,Fire,Apollo Hospital,18,1,Nashik,Pending,1
153322.65,Theft,Max Hospital,19,1,Chennai,Approved,0
38551.08,Vehicle,Apollo Hospital,11,1,Nashik,Approved,0
46505.37,Vehicle,Fortis Hospital,11,0,Pune,Approved,0
64709.09,Accident,Apollo Hospital,20,1,Delhi,Pending,0
13966.51,Vehicle,Fortis Hospital,14,0,Delhi,Approved,0
375155.94,Medical,AIIMS,12,1,Bengaluru,Approved,1
236039.35,Accident,AIIMS,2,0,Hyderabad,Approved,1
340430.44,Vehicle,Manipal Hospital,8,1,Raipur,Approved,0
223893.47,Accident,Max Hospital,17,1,Delhi,Pending,0
374872.37,Theft,Max Hospital,17,1,Nagpur,Approved,1
103737.86,Theft,Fortis Hospital,1,1,Nagpur,Approved,0
277992.54,Theft,Manipal Hospital,18,1,Chennai,Rejected,0
107932.88,Fire,Max Hospital,0,0,Delhi,Pending,0
296209.45,Vehicle,Ruby Hall Clinic,19,1,Nagpur,Approved,0
159042.48,Accident,KEM Hospital,16,1,Raipur,Approved,0
351582.2,Vehicle,Ruby Hall Clinic,14,1,Mumbai,Pending,1
512324.95,Accident,Apollo Hospital,20,1,Delhi,Approved,0
165977.88,Vehicle,KEM Hospital,2,0,Pune,Pending,0
366891.47,Fire,Apollo Hospital,2,0,Nashik,Approved,0
482475.59,Fire,Max Hospital,16,0,Hyderabad,Pending,1
525432.48,Medical,Fortis Hospital,14,0,Chennai,Approved,1
599498.34,Fire,Max Hospital,19,0,Nagpur,Approved,1
153010.0,Fire,AIIMS,14,1,Mumbai,Rejected,0
87323.72,Medical,Fortis Hospital,12,1,Pune,Approved,0
221681.58,Medical,Max Hospital,4,1,Raipur,Pending,0
145053.78,Accident,AIIMS,16,1,Raipur,Pending,0
28615.1,Medical,KEM Hospital,2,0,Mumbai,Approved,0
470730.26,Theft,Manipal Hospital,8,1,Hyderabad,Approved,0
428689.86,Accident,KEM Hospital,4,1,Chennai,Pending,0
98200.37,Vehicle,Fortis Hospital,14,1,Nashik,Rejected,0
581788.57,Theft,KEM Hospital,14,1,Hyderabad,Approved,0
211560.24,Accident,Manipal Hospital,9,1,Mumbai,Approved,0
376105.65,Fire,Manipal Hospital,10,1,Bengaluru,Approved,0
199384.04,Fire,KEM Hospital,3,0,Raipur,Pending,0
138744.59,Vehicle,Fortis Hospital,15,1,Mumbai,Pending,1
560681.25,Medical,Max Hospital,6,1,Mumbai,Rejected,0
256802.46,Theft,Fortis Hospital,11,1,Hyderabad,Approved,0
13532.13,Fire,Max Hospital,16,1,Nagpur,Approved,0
308545.15,Theft,Max Hospital,0,1,Nashik,Pending,0
493706.48,Accident,AIIMS,6,1,Hyderabad,Rejected,0
337815.06,Accident,AIIMS,11,1,Bengaluru,Approved,0
487863.9,Theft,AIIMS,0,0,Mumbai,Approved,1
288867.99,Theft,Manipal Hospital,19,1,Chennai,Approved,0
416113.95,Theft,Fortis Hospital,12,0,Raipur,Pending,1
195508.82,Medical,KEM Hospital,3,1,Chennai,Rejected,0
327510.14,Accident,Max Hospital,13,1,Bengaluru,Pending,1
88665.74,Accident,KEM Hospital,0,1,Chennai,Approved,0
42707.42,Theft,KEM Hospital,17,0,Nashik,Approved,1
330839.31,Fire,Ruby Hall Clinic,16,0,Nashik,Pending,1
79567.34,Vehicle,Apollo Hospital,16,0,Raipur,Approved,0
341230.47,Fire,Manipal Hospital,8,1,Nashik,Pending,0
544645.9,Accident,Ruby Hall Clinic,18,1,Bengaluru,Pending,1
303071.05,Fire,Apollo Hospital,12,1,Pune,Approved,1
67348.87,Fire,AIIMS,16,0,Mumbai,Approved,0
345342.75,Fire,Apollo Hospital,6,1,Nashik,Approved,0
144853.77,Medical,Max Hospital,20,1,Pune,Approved,0
496796.33,Theft,Apollo Hospital,14,0,Hyderabad,Approved,1
110795.2,Vehicle,KEM Hospital,11,1,Bengaluru,Pending,1
414330.35,Vehicle,Ruby Hall Clinic,14,1,Raipur,Approved,0
153805.03,Fire,KEM Hospital,12,0,Nagpur,Approved,0
554145.84,Medical,KEM Hospital,19,0,Hyderabad,Approved,0
106777.4,Medical,Apollo Hospital,6,1,Chennai,Pending,0
428851.32,Fire,Fortis Hospital,1,0,Bengaluru,Approved,0
121332.2,Theft,Max Hospital,11,1,Mumbai,Approved,0
441560.24,Vehicle,Manipal Hospital,8,0,Pune,Approved,0
313813.91,Vehicle,Manipal Hospital,16,1,Bengaluru,Approved,1
272599.58,Vehicle,Fortis Hospital,0,1,Delhi,Approved,0
164977.08,Fire,Manipal Hospital,2,1,Nashik,Approved,0
194527.34,Vehicle,KEM Hospital,19,1,Pune,Rejected,0
149944.18,Vehicle,Ruby Hall Clinic,14,1,Nagpur,Approved,0
381393.99,Vehicle,Manipal Hospital,4,1,Delhi,Approved,0
349478.77,Theft,Manipal Hospital,12,1,Delhi,Approved,0
254400.28,Accident,Apollo Hospital,3,1,Hyderabad,Approved,0
41245.31,Fire,Apollo Hospital,19,0,Hyderabad,Pending,1
546363.36,Accident,Apollo Hospital,18,1,Mumbai,Approved,1
405934.47,Theft,Max Hospital,15,1,Delhi,Approved,1
280483.43,Vehicle,Ruby Hall Clinic,9,1,Delhi,Approved,0
36766.32,Theft,Max Hospital,8,1,Pune,Approved,0
240846.7,Fire,Apollo Hospital,2,1,Bengaluru,Approved,0
355687.36,Accident,Manipal Hospital,13,1,Hyderabad,Rejected,1
278680.62,Accident,Fortis Hospital,5,1,Bengaluru,Approved,0
502332.09,Accident,Ruby Hall Clinic,6,1,Bengaluru,Pending,0
78845.75,Accident,Ruby Hall Clinic,9,1,Nagpur,Approved,0
562564.15,Theft,Apollo Hospital,8,1,Chennai,Pending,1
481789.58,Accident,Fortis Hospital,18,1,Nagpur,Approved,0
320345.32,Fire,Apollo Hospital,12,1,Raipur,Rejected,1
124827.02,Medical,Apollo Hospital,5,1,Bengaluru,Approved,0
394935.16,Fire,Ruby Hall Clinic,15,1,Nashik,Approved,1
10636.61,Theft,Manipal Hospital,14,1,Delhi,Rejected,0
521777.83,Accident,Max Hospital,15,1,Hyderabad,Approved,1
314617.74,Fire,Apollo Hospital,6,1,Nagpur,Rejected,0
246080.96,Accident,KEM Hospital,18,1,Mumbai,Approved,0
180292.69,Medical,Apollo Hospital,11,1,Hyderabad,Pending,1
480735.71,Theft,Manipal Hospital,7,1,Bengaluru,Approved,0
241068.07,Medical,AIIMS,18,0,Bengaluru,Approved,0
224822.72,Fire,AIIMS,10,0,Delhi,Pending,0
417051.51,Fire,Manipal Hospital,13,0,Nagpur,Approved,1
162896.13,Theft,Fortis Hospital,14,1,Nagpur,Approved,0
219024.91,Fire,AIIMS,11,0,Hyderabad,Pending,1
397469.91,Fire,Manipal Hospital,5,1,Chennai,Approved,0
5234.21,Medical,Max Hospital,16,0,Delhi,Approved,0
142215.0,Medical,Manipal Hospital,20,0,Chennai,Approved,0
314684.3,Theft,AIIMS,12,1,Delhi,Rejected,1
320617.27,Medical,AIIMS,14,1,Nagpur,Pending,1
570131.31,Vehicle,Max Hospital,17,1,Bengaluru,Approved,0
12785.76,Fire,KEM Hospital,2,0,Nashik,Pending,0
462150.45,Vehicle,Apollo Hospital,2,1,Delhi,Approved,0
268173.19,Accident,Fortis Hospital,20,1,Nagpur,Approved,0
34770.11,Accident,AIIMS,13,1,Hyderabad,Pending,1
348822.7,Fire,Ruby Hall Clinic,6,1,Pune,Pending,1
16473.53,Medical,Fortis Hospital,2,1,Nashik,Approved,0
581926.47,Accident,KEM Hospital,0,1,Nashik,Approved,0
536860.04,Accident,Manipal Hospital,0,0,Chennai,Approved,1
300863.9,Theft,Ruby Hall Clinic,18,1,Chennai,Pending,1
538902.42,Theft,Fortis Hospital,6,1,Mumbai,Approved,0
460492.73,Accident,Fortis Hospital,9,1,Hyderabad,Approved,0
467399.37,Fire,KEM Hospital,13,0,Bengaluru,Pending,1
541726.47,Fire,Max Hospital,12,0,Nagpur,Approved,0
208659.84,Fire,KEM Hospital,10,0,Delhi,Pending,0
399005.39,Medical,Ruby Hall Clinic,5,0,Hyderabad,Approved,0
512006.32,Vehicle,Manipal Hospital,15,1,Chennai,Rejected,0
182240.42,Vehicle,Fortis Hospital,18,1,Hyderabad,Approved,0
130306.2,Accident,Fortis Hospital,6,1,Bengaluru,Approved,0
302834.41,Fire,AIIMS,17,1,Raipur,Rejected,0
17787.13,Medical,AIIMS,7,0,Bengaluru,Approved,0
472107.19,Medical,Manipal Hospital,19,1,Nagpur,Pending,1
506265.37,Accident,Apollo Hospital,14,1,Hyderabad,Approved,1
586824.51,Vehicle,Fortis Hospital,1,1,Raipur,Pending,1
130452.83,Fire,Ruby Hall Clinic,12,0,Bengaluru,Approved,0
441760.53,Accident,Apollo Hospital,4,1,Chennai,Pending,0
499115.78,Accident,Apollo Hospital,0,1,Bengaluru,Approved,0
335107.22,Fire,Manipal Hospital,9,0,Chennai,Pending,1
108082.93,Fire,Apollo Hospital,7,1,Bengaluru,Approved,0
599477.85,Medical,Fortis Hospital,7,0,Nagpur,Approved,0
210999.36,Fire,Manipal Hospital,5,0,Nashik,Pending,0
283440.01,Accident,Max Hospital,4,1,Raipur,Approved,0
262157.71,Medical,Max Hospital,12,0,Hyderabad,Approved,0
279253.83,Medical,Max Hospital,3,0,Hyderabad,Approved,0
44223.08,Accident,AIIMS,19,1,Nashik,Pending,1
293739.63,Fire,Manipal Hospital,13,1,Pune,Approved,0
345488.52,Theft,Ruby Hall Clinic,5,0,Raipur,Approved,1
62971.22,Medical,KEM Hospital,15,1,Chennai,Approved,0
520977.62,Theft,Ruby Hall Clinic,1,1,Mumbai,Approved,0
214935.98,Vehicle,Max Hospital,15,1,Bengaluru,Approved,0
51585.52,Vehicle,Manipal Hospital,15,1,Delhi,Pending,1
27156.31,Medical,KEM Hospital,2,1,Nashik,Rejected,0
435341.88,Vehicle,Ruby Hall Clinic,13,1,Raipur,Approved,1
50826.99,Medical,Fortis Hospital,6,0,Bengaluru,Pending,0
344541.06,Theft,Apollo Hospital,11,1,Pune,Pending,1
202052.72,Accident,Apollo Hospital,12,1,Pune,Approved,0
587419.79,Vehicle,KEM Hospital,11,1,Mumbai,Approved,1
237008.52,Fire,AIIMS,7,0,Hyderabad,Approved,0
571965.02,Vehicle,Max Hospital,8,1,Raipur,Approved,0
509857.65,Accident,Apollo Hospital,7,1,Bengaluru,Pending,0
310430.43,Accident,Max Hospital,1,1,Nashik,Pending,1
414114.54,Fire,Fortis Hospital,6,0,Raipur,Approved,0
67947.61,Medical,KEM Hospital,13,0,Raipur,Approved,0
578499.9,Medical,Manipal Hospital,7,1,Nagpur,Approved,0
247362.9,Theft,Max Hospital,5,1,Pune,Pending,0
86819.83,Fire,Fortis Hospital,3,0,Bengaluru,Pending,0
39842.57,Theft,KEM Hospital,18,1,Hyderabad,Approved,0
495856.89,Theft,Apollo Hospital,0,1,Bengaluru,Approved,0
437851.91,Accident,KEM Hospital,1,0,Pune,Pending,1
412304.12,Fire,KEM Hospital,16,0,Delhi,Approved,0
344244.56,Accident,Manipal Hospital,2,1,Mumbai,Rejected,0
7046.17,Accident,Max Hospital,19,1,Raipur,Approved,0
300386.72,Accident,Max Hospital,13,1,Bengaluru,Pending,1
449292.62,Vehicle,Ruby Hall Clinic,10,1,Raipur,Rejected,0
578905.51,Accident,Max Hospital,18,1,Nashik,Approved,1
169876.7,Fire,KEM Hospital,0,0,Hyderabad,Pending,0
431643.3,Theft,AIIMS,10,1,Nashik,Approved,0
198742.28,Theft,Manipal Hospital,6,1,Nashik,Rejected,0
353495.92,Medical,Max Hospital,20,0,Delhi,Approved,1
564719.47,Medical,KEM Hospital,12,0,Mumbai,Rejected,1
258377.61,Accident,Ruby Hall Clinic,9,1,Pune,Approved,0
223554.18,Medical,KEM Hospital,10,1,Nashik,Approved,0
6363.17,Fire,Fortis Hospital,11,1,Raipur,Approved,0
48962.35,Vehicle,KEM Hospital,1,1,Pune,Pending,0
207440.1,Vehicle,Ruby Hall Clinic,1,1,Mumbai,Approved,0
460824.92,Medical,Apollo Hospital,17,1,Bengaluru,Approved,0
96549.24,Medical,AIIMS,6,0,Chennai,Pending,0
98343.64,Fire,Max Hospital,2,1,Bengaluru,Approved,0
300456.93,Theft,KEM Hospital,9,0,Pune,Approved,1
247754.85,Medical,KEM Hospital,8,0,Bengaluru,Approved,0
507129.24,Fire,KEM Hospital,18,1,Nashik,Rejected,1
188075.29,Vehicle,KEM Hospital,9,1,Delhi,Approved,0
285549.6,Vehicle,Apollo Hospital,15,1,Bengaluru,Approved,0
12625.74,Theft,Ruby Hall Clinic,13,1,Raipur,Pending,1
577155.72,Medical,Max Hospital,15,0,Bengaluru,Pending,1
480218.09,Vehicle,AIIMS,20,1,Delhi,Rejected,1
117849.12,Medical,AIIMS,5,1,Nashik,Approved,0
514896.89,Accident,Max Hospital,20,1,Raipur,Approved,1
461253.84,Medical,Manipal Hospital,14,0,Nagpur,Approved,1
281358.68,Accident,AIIMS,2,1,Mumbai,Pending,0
145486.43,Vehicle,AIIMS,9,1,Bengaluru,Pending,0
463162.09,Accident,KEM Hospital,8,1,Chennai,Approved,0
331641.2,Fire,AIIMS,16,1,Nagpur,Approved,1
147191.3,Accident,Ruby Hall Clinic,18,1,Chennai,Approved,0
475525.16,Accident,Apollo Hospital,17,1,Mumbai,Approved,0
189625.18,Theft,AIIMS,10,0,Raipur,Pending,1
86981.34,Accident,Apollo Hospital,10,1,Delhi,Approved,0
361631.52,Accident,Manipal Hospital,3,1,Chennai,Approved,0
269102.45,Vehicle,KEM Hospital,16,1,Mumbai,Pending,0
249797.83,Fire,KEM Hospital,8,0,Delhi,Approved,0
25225.79,Fire,Max Hospital,2,1,Mumbai,Approved,0
75499.82,Accident,Ruby Hall Clinic,3,1,Nashik,Approved,0
166939.74,Theft,Apollo Hospital,13,1,Hyderabad,Pending,1
567776.01,Fire,AIIMS,16,0,Nagpur,Rejected,0
534651.9,Accident,AIIMS,12,1,Pune,Approved,0
145955.32,Fire,Apollo Hospital,2,0,Nagpur,Pending,0
106122.92,Accident,Ruby Hall Clinic,2,0,Raipur,Approved,0
487436.0,Theft,Manipal Hospital,1,0,Nagpur,Rejected,1
553135.77,Vehicle,AIIMS,16,1,Chennai,Approved,0
55048.52,Medical,Manipal Hospital,4,0,Nagpur,Pending,0
156870.3,Vehicle,Manipal Hospital,9,1,Bengaluru,Approved,0
24402.15,Medical,Manipal Hospital,15,0,Delhi,Rejected,0
145600.41,Fire,Apollo Hospital,3,1,Nashik,Rejected,0
96024.93,Medical,Manipal Hospital,9,0,Chennai,Approved,0
24823.45,Fire,Max Hospital,17,0,Nashik,Rejected,0
153542.77,Theft,Ruby Hall Clinic,5,1,Chennai,Rejected,0
429897.83,Theft,AIIMS,4,1,Bengaluru,Approved,0
552799.59,Theft,Manipal Hospital,16,1,Nashik,Pending,1
329285.72,Accident,Fortis Hospital,10,1,Chennai,Pending,0
202715.01,Accident,Fortis Hospital,14,1,Nashik,Approved,0
553692.96,Accident,Fortis Hospital,2,1,Delhi,Approved,0
315132.75,Theft,KEM Hospital,16,1,Bengaluru,Approved,1
473161.23,Vehicle,Apollo Hospital,2,1,Chennai,Approved,0
47705.6,Theft,Apollo Hospital,4,1,Delhi,Approved,0
344683.98,Fire,AIIMS,3,0,Nagpur,Approved,0
219627.13,Vehicle,KEM Hospital,17,1,Pune,Approved,0
54707.67,Accident,Apollo Hospital,0,1,Mumbai,Pending,0
212129.46,Accident,Apollo Hospital,12,1,Nashik,Pending,1
378172.71,Vehicle,Apollo Hospital,18,1,Hyderabad,Pending,1
204681.25,Accident,Ruby Hall Clinic,16,1,Nashik,Approved,0
80679.59,Fire,Apollo Hospital,3,0,Hyderabad,Approved,0
287858.68,Fire,Apollo Hospital,4,0,Nashik,Approved,0
271021.16,Accident,KEM Hospital,11,1,Mumbai,Pending,0
298162.0,Theft,KEM Hospital,4,1,Bengaluru,Approved,0
15443.84,Medical,Ruby Hall Clinic,4,0,Raipur,Approved,0
382885.46,Theft,KEM Hospital,1,1,Raipur,Approved,0
597524.89,Accident,Manipal Hospital,11,1,Mumbai,Approved,0
365963.59,Medical,Ruby Hall Clinic,16,0,Bengaluru,Approved,0
403844.37,Theft,Fortis Hospital,4,1,Nagpur,Approved,0
200403.93,Fire,Apollo Hospital,14,1,Delhi,Approved,0
443500.87,Theft,Ruby Hall Clinic,5,1,Bengaluru,Approved,0
69227.12,Accident,Apollo Hospital,8,1,Raipur,Approved,0
86363.43,Theft,Apollo Hospital,5,0,Chennai,Pending,1
341508.5,Theft,KEM Hospital,20,1,Delhi,Rejected,1
568261.19,Vehicle,Manipal Hospital,9,1,Nashik,Approved,0
443995.81,Theft,Fortis Hospital,13,1,Raipur,Approved,0
203641.16,Theft,Ruby Hall Clinic,4,1,Nagpur,Approved,0
471645.68,Fire,Fortis Hospital,20,1,Raipur,Rejected,1
241857.74,Accident,Max Hospital,10,1,Pune,Approved,0
555804.33,Theft,AIIMS,1,1,Hyderabad,Approved,0
414884.98,Vehicle,Fortis Hospital,12,1,Nagpur,Approved,0
376968.74,Vehicle,Max Hospital,14,1,Pune,Approved,1
333703.71,Medical,KEM Hospital,2,0,Mumbai,Pending,0
186579.33,Vehicle,Manipal Hospital,8,1,Pune,Pending,0
169831.48,Fire,Ruby Hall Clinic,9,1,Nagpur,Approved,0
388757.23,Medical,KEM Hospital,1,0,Nagpur,Rejected,0
280964.33,Fire,Manipal Hospital,6,0,Hyderabad,Approved,0
443133.86,Vehicle,Ruby Hall Clinic,10,1,Nagpur,Approved,0
232169.96,Vehicle,KEM Hospital,0,1,Mumbai,Pending,0
93379.96,Vehicle,Max Hospital,19,1,Raipur,Approved,0
86665.73,Medical,KEM Hospital,4,0,Hyderabad,Approved,0
441015.79,Vehicle,AIIMS,10,1,Bengaluru,Pending,0
38684.69,Theft,Max Hospital,18,1,Nashik,Approved,0
16045.88,Theft,Apollo Hospital,20,1,Nagpur,Approved,0
347071.66,Medical,Fortis Hospital,6,1,Bengaluru,Rejected,0
159411.68,Medical,Max Hospital,9,1,Mumbai,Pending,0
349862.16,Medical,Ruby Hall Clinic,8,0,Chennai,Approved,0
285045.35,Medical,Apollo Hospital,6,1,Pune,Approved,0
468089.96,Accident,Manipal Hospital,13,0,Raipur,Pending,1
50564.71,Medical,Ruby Hall Clinic,12,1,Bengaluru,Approved,0
318067.36,Medical,Ruby Hall Clinic,6,1,Delhi,Pending,1
102959.22,Theft,Fortis Hospital,20,1,Hyderabad,Pending,1
376102.76,Accident,KEM Hospital,6,1,Hyderabad,Approved,0
276110.37,Fire,KEM Hospital,5,0,Hyderabad,Approved,0
194075.97,Theft,Ruby Hall Clinic,15,1,Nashik,Approved,0
239050.23,Theft,Fortis Hospital,13,1,Pune,Pending,0
193315.31,Accident,Ruby Hall Clinic,12,1,Nagpur,Approved,0
197718.17,Theft,Fortis Hospital,6,1,Pune,Approved,0
10886.2,Theft,Manipal Hospital,2,1,Chennai,Pending,0
506867.68,Accident,Ruby Hall Clinic,15,1,Nagpur,Pending,1
14055.22,Vehicle,Ruby Hall Clinic,12,1,Mumbai,Pending,1
425172.45,Theft,KEM Hospital,18,1,Mumbai,Approved,0
354293.91,Theft,Manipal Hospital,4,1,Chennai,Approved,0
576876.28,Medical,Max Hospital,19,0,Delhi,Approved,0
495161.1,Theft,Apollo Hospital,3,1,Nashik,Approved,0
485595.3,Vehicle,Ruby Hall Clinic,0,1,Pune,Pending,1
579009.8,Theft,Manipal Hospital,3,1,Nashik,Approved,0
339943.93,Medical,Ruby Hall Clinic,18,1,Raipur,Pending,1
538551.46,Theft,Ruby Hall Clinic,9,1,Bengaluru,Approved,0
139217.43,Accident,Fortis Hospital,15,1,Chennai,Approved,0
70273.42,Accident,Max Hospital,15,1,Raipur,Approved,0
109584.95,Accident,Max Hospital,18,1,Mumbai,Pending,1
253200.97,Theft,AIIMS,18,1,Bengaluru,Pending,1
83298.55,Medical,Ruby Hall Clinic,20,1,Bengaluru,Approved,0
232486.13,Accident,Apollo Hospital,4,1,Hyderabad,Approved,0
515248.12,Accident,Ruby Hall Clinic,16,1,Delhi,Rejected,0
168929.2,Theft,Manipal Hospital,2,1,Pune,Approved,0
243451.78,Fire,Ruby Hall Clinic,3,0,Raipur,Approved,0
588292.4,Medical,Fortis Hospital,10,0,Nagpur,Approved,0
259735.5,Accident,Manipal Hospital,3,1,Bengaluru,Pending,0
250729.72,Fire,Manipal Hospital,13,1,Bengaluru,Pending,0
326286.83,Accident,AIIMS,19,1,Mumbai,Rejected,0
392037.02,Theft,AIIMS,17,1,Chennai,Pending,1
378686.26,Theft,AIIMS,2,1,Bengaluru,Approved,0
40511.77,Theft,Ruby Hall Clinic,20,1,Mumbai,Approved,0
588159.41,Theft,Fortis Hospital,6,1,Delhi,Approved,0
554703.81,Fire,KEM Hospital,20,0,Hyderabad,Approved,0
389187.29,Vehicle,Max Hospital,8,1,Mumbai,Approved,0
274468.4,Theft,KEM Hospital,14,1,Delhi,Pending,1
569516.3,Theft,Ruby Hall Clinic,8,1,Bengaluru,Approved,0
597941.92,Theft,Fortis Hospital,10,1,Nashik,Pending,1
572810.83,Theft,Ruby Hall Clinic,16,1,Nashik,Rejected,0
531503.53,Vehicle,Ruby Hall Clinic,2,1,Nagpur,Pending,0
444271.67,Medical,Manipal Hospital,6,1,Nagpur,Approved,0
346602.75,Accident,Fortis Hospital,15,1,Raipur,Approved,1
253702.41,Medical,Manipal Hospital,11,0,Pune,Pending,1
69206.93,Theft,Apollo Hospital,16,1,Pune,Approved,0
293586.8,Accident,Manipal Hospital,20,1,Raipur,Rejected,0
96675.9,Theft,KEM Hospital,10,1,Mumbai,Approved,0
569790.3,Medical,KEM Hospital,9,1,Nagpur,Rejected,0
11529.17,Medical,Ruby Hall Clinic,9,1,Pune,Approved,0
242954.66,Theft,Max Hospital,17,1,Nashik,Pending,0
178085.23,Accident,Ruby Hall Clinic,17,1,Nashik,Approved,0
98571.38,Medical,KEM Hospital,17,1,Hyderabad,Approved,0
335810.88,Theft,Ruby Hall Clinic,18,1,Nashik,Approved,0
274138.11,Vehicle,Apollo Hospital,7,1,Chennai,Pending,0
389702.79,Vehicle,KEM Hospital,16,1,Chennai,Approved,1
150493.08,Fire,KEM Hospital,14,0,Bengaluru,Approved,0
417175.9,Vehicle,KEM Hospital,16,1,Nashik,Pending,1
522217.75,Vehicle,Max Hospital,14,1,Nagpur,Approved,1
371540.49,Medical,KEM Hospital,9,0,Raipur,Rejected,0
572179.91,Medical,Manipal Hospital,10,0,Chennai,Approved,0
52730.65,Medical,Fortis Hospital,15,1,Nagpur,Approved,0
40740.3,Fire,KEM Hospital,10,0,Bengaluru,Approved,0
466008.85,Vehicle,AIIMS,6,1,Pune,Pending,1
317739.43,Fire,KEM Hospital,11,1,Bengaluru,Approved,0
58636.89,Vehicle,Fortis Hospital,11,1,Bengaluru,Approved,0
595352.49,Accident,AIIMS,13,1,Nagpur,Approved,1
274898.28,Theft,Max Hospital,5,1,Nagpur,Approved,0
314200.76,Vehicle,Manipal Hospital,1,1,Bengaluru,Approved,0
364525.34,Vehicle,AIIMS,11,1,Bengaluru,Approved,0
363127.39,Vehicle,Max Hospital,7,1,Delhi,Rejected,0
59381.34,Medical,Max Hospital,0,1,Nashik,Approved,0
404442.28,Accident,Apollo Hospital,11,1,Nashik,Pending,1
172782.98,Theft,KEM Hospital,7,1,Hyderabad,Approved,0
217135.79,Vehicle,KEM Hospital,6,1,Nashik,Rejected,0
97875.8,Theft,Manipal Hospital,10,1,Delhi,Rejected,0
120595.05,Theft,Apollo Hospital,11,1,Raipur,Rejected,0
553676.62,Theft,Max Hospital,17,1,Nagpur,Approved,1
278247.52,Fire,Max Hospital,19,1,Delhi,Approved,0
65572.62,Accident,Manipal Hospital,15,1,Hyderabad,Approved,0
588576.13,Fire,Max Hospital,9,0,Raipur,Approved,0
489258.49,Theft,KEM Hospital,15,1,Bengaluru,Pending,1
161921.38,Fire,AIIMS,9,1,Pune,Approved,0
138701.73,Medical,Apollo Hospital,13,0,Nagpur,Approved,0
458844.39,Accident,Max Hospital,3,1,Hyderabad,Approved,0
271388.15,Accident,AIIMS,1,1,Pune,Rejected,0
60647.02,Medical,Ruby Hall Clinic,5,0,Delhi,Approved,0
479711.2,Medical,Manipal Hospital,5,0,Mumbai,Rejected,0
123749.28,Theft,Max Hospital,6,1,Nagpur,Approved,0
312747.93,Vehicle,Max Hospital,0,1,Raipur,Approved,0
132200.6,Vehicle,Max Hospital,15,1,Bengaluru,Pending,1
153092.39,Accident,Fortis Hospital,9,1,Mumbai,Rejected,0
131590.92,Fire,Apollo Hospital,7,1,Hyderabad,Approved,0
477801.41,Accident,KEM Hospital,15,1,Hyderabad,Approved,0
561629.91,Vehicle,Manipal Hospital,2,1,Raipur,Pending,1
526723.33,Theft,Apollo Hospital,15,1,Nagpur,Approved,1
533135.63,Accident,Apollo Hospital,1,1,Mumbai,Approved,0
324027.58,Theft,Max Hospital,19,1,Mumbai,Approved,1
474846.22,Accident,Apollo Hospital,20,0,Delhi,Rejected,1
526422.02,Medical,Max Hospital,4,0,Bengaluru,Approved,0
123768.06,Medical,Manipal Hospital,4,1,Chennai,Approved,0
215814.14,Medical,Manipal Hospital,16,1,Raipur,Approved,0
164189.64,Medical,AIIMS,13,0,Chennai,Rejected,0
53169.92,Fire,Max Hospital,9,0,Nagpur,Approved,0
443269.27,Theft,Manipal Hospital,15,1,Nagpur,Approved,0
546014.25,Theft,Max Hospital,16,1,Hyderabad,Approved,1
479243.03,Accident,Fortis Hospital,12,1,Pune,Pending,1
396869.73,Vehicle,Manipal Hospital,10,0,Mumbai,Approved,0
257365.43,Accident,Ruby Hall Clinic,0,1,Nashik,Pending,0
53670.73,Fire,Fortis Hospital,11,0,Raipur,Rejected,0
514364.73,Vehicle,Manipal Hospital,4,1,Raipur,Rejected,0
347742.64,Vehicle,Manipal Hospital,6,0,Chennai,Approved,0
313238.12,Fire,Apollo Hospital,1,0,Mumbai,Pending,0
325461.22,Accident,Apollo Hospital,7,1,Raipur,Rejected,0
397092.2,Vehicle,Max Hospital,1,1,Bengaluru,Pending,1
454942.37,Medical,Apollo Hospital,10,0,Mumbai,Rejected,0
393283.45,Accident,AIIMS,2,0,Hyderabad,Approved,1
532715.5,Medical,Manipal Hospital,18,1,Delhi,Approved,1
502601.91,Accident,AIIMS,11,1,Raipur,Rejected,1
93928.39,Accident,Fortis Hospital,13,1,Delhi,Rejected,0
346053.49,Theft,Manipal Hospital,17,1,Nagpur,Approved,0
326797.28,Fire,Fortis Hospital,19,0,Nagpur,Approved,1
266814.8,Theft,AIIMS,18,1,Pune,Approved,0
562309.22,Medical,Max Hospital,16,0,Mumbai,Rejected,0
483211.04,Accident,Max Hospital,10,1,Pune,Approved,0
420982.72,Medical,Manipal Hospital,18,1,Nagpur,Approved,0
159550.3,Vehicle,Manipal Hospital,6,0,Pune,Approved,0
423064.64,Vehicle,Apollo Hospital,18,1,Nashik,Rejected,0
138877.6,Medical,Max Hospital,11,1,Mumbai,Approved,0
182224.35,Vehicle,KEM Hospital,5,1,Nagpur,Approved,0
528856.89,Accident,Fortis Hospital,0,1,Delhi,Approved,0
498618.3,Theft,KEM Hospital,8,1,Bengaluru,Pending,0
333052.61,Accident,Ruby Hall Clinic,19,1,Chennai,Approved,0
259798.61,Vehicle,AIIMS,5,1,Pune,Approved,0
398649.77,Medical,Fortis Hospital,13,0,Delhi,Pending,1
377135.64,Vehicle,Max Hospital,10,1,Delhi,Pending,0
484183.42,Theft,Apollo Hospital,3,1,Chennai,Pending,0
507150.58,Theft,KEM Hospital,20,1,Pune,Rejected,1
278379.43,Theft,AIIMS,6,1,Nagpur,Approved,0
418296.12,Accident,AIIMS,10,1,Raipur,Approved,0
436731.28,Fire,Manipal Hospital,8,1,Bengaluru,Pending,0
419933.93,Vehicle,Max Hospital,8,1,Chennai,Approved,0
59982.62,Accident,Apollo Hospital,11,1,Hyderabad,Approved,0
194271.69,Theft,Apollo Hospital,9,1,Raipur,Approved,0
238977.25,Accident,AIIMS,1,1,Pune,Approved,0
274894.2,Vehicle,Fortis Hospital,20,1,Mumbai,Rejected,0
166956.83,Vehicle,Fortis Hospital,19,1,Delhi,Pending,1
467084.6,Theft,AIIMS,18,1,Bengaluru,Rejected,1
490038.85,Fire,Fortis Hospital,20,0,Bengaluru,Approved,1
165559.26,Vehicle,Apollo Hospital,15,1,Raipur,Pending,1
589568.55,Accident,Fortis Hospital,19,0,Delhi,Approved,1
315238.53,Vehicle,Max Hospital,4,1,Nashik,Rejected,0
221703.49,Accident,Apollo Hospital,11,1,Nagpur,Rejected,0
274780.64,Medical,Fortis Hospital,0,0,Hyderabad,Rejected,0
109516.23,Accident,AIIMS,5,1,Raipur,Approved,0
318478.83,Accident,Fortis Hospital,0,0,Nagpur,Rejected,1
56023.24,Theft,Ruby Hall Clinic,11,1,Bengaluru,Approved,0
18773.73,Accident,Max Hospital,8,1,Raipur,Rejected,0
278261.61,Fire,Fortis Hospital,10,1,Nagpur,Rejected,0
511117.85,Vehicle,Apollo Hospital,3,1,Chennai,Pending,1
329652.46,Accident,KEM Hospital,0,1,Bengaluru,Approved,0
47128.46,Fire,AIIMS,13,0,Chennai,Approved,0
107936.75,Theft,Max Hospital,14,1,Bengaluru,Pending,1
61475.74,Accident,Apollo Hospital,19,1,Nashik,Pending,1
332553.93,Accident,AIIMS,16,1,Bengaluru,Approved,1
525095.78,Medical,KEM Hospital,4,0,Chennai,Rejected,0
553076.5,Accident,Fortis Hospital,19,1,Pune,Rejected,1
542942.7,Fire,Apollo Hospital,17,1,Nashik,Approved,1
412445.73,Theft,Ruby Hall Clinic,12,1,Pune,Rejected,1
70252.23,Accident,Manipal Hospital,11,1,Mumbai,Rejected,0
196687.02,Accident,Fortis Hospital,14,1,Hyderabad,Approved,0
512061.99,Theft,Ruby Hall Clinic,3,1,Nagpur,Approved,0
177441.94,Medical,Apollo Hospital,1,0,Mumbai,Approved,0
583190.84,Medical,Max Hospital,18,0,Delhi,Approved,0
116057.0,Medical,Fortis Hospital,10,0,Raipur,Approved,0
43193.56,Medical,KEM Hospital,15,0,Nagpur,Approved,0
143124.28,Fire,AIIMS,10,1,Mumbai,Rejected,0
432311.87,Vehicle,KEM Hospital,3,1,Nagpur,Pending,1
415474.86,Vehicle,Max Hospital,8,1,Nashik,Pending,1
444645.43,Theft,Manipal Hospital,7,0,Pune,Pending,1
399801.17,Theft,Manipal Hospital,15,1,Pune,Approved,1
73237.03,Theft,Fortis Hospital,14,1,Chennai,Approved,0
365531.96,Accident,Manipal Hospital,16,0,Nashik,Approved,1
240336.93,Fire,Max Hospital,0,1,Nashik,Approved,0
350143.77,Fire,Ruby Hall Clinic,19,0,Hyderabad,Rejected,0
398209.57,Vehicle,Manipal Hospital,15,1,Nagpur,Approved,1
54380.2,Vehicle,Max Hospital,12,1,Nagpur,Rejected,0
284269.44,Vehicle,KEM Hospital,5,1,Hyderabad,Approved,0
138482.38,Medical,Apollo Hospital,19,0,Delhi,Approved,0
386695.81,Theft,Max Hospital,17,1,Raipur,Approved,1
397472.4,Theft,Max Hospital,19,1,Chennai,Pending,1
461638.94,Vehicle,Max Hospital,19,1,Hyderabad,Pending,1
5211.52,Theft,Max Hospital,15,1,Chennai,Pending,1
284596.6,Fire,AIIMS,7,1,Delhi,Approved,0
359872.7,Medical,Max Hospital,1,1,Mumbai,Approved,0
480459.64,Fire,Manipal Hospital,4,1,Mumbai,Approved,0
157489.12,Vehicle,Max Hospital,3,1,Nagpur,Approved,0
575835.96,Theft,Max Hospital,20,1,Chennai,Approved,1
280372.94,Theft,Manipal Hospital,10,1,Nashik,Approved,0
297720.2,Accident,Max Hospital,15,1,Bengaluru,Pending,0
510039.13,Accident,Apollo Hospital,11,1,Bengaluru,Rejected,0
171485.93,Theft,KEM Hospital,11,1,Hyderabad,Approved,0
186979.29,Accident,KEM Hospital,3,1,Hyderabad,Approved,0
466734.64,Medical,Fortis Hospital,10,1,Chennai,Approved,0
242133.51,Fire,Ruby Hall Clinic,14,1,Raipur,Approved,0
291436.37,Medical,Manipal Hospital,3,1,Mumbai,Approved,0
559530.59,Medical,AIIMS,1,0,Delhi,Pending,1
464112.41,Accident,Apollo Hospital,19,1,Nashik,Pending,1
384315.99,Accident,Fortis Hospital,12,1,Hyderabad,Approved,1
164331.79,Accident,AIIMS,5,1,Pune,Approved,0
425345.99,Fire,Ruby Hall Clinic,0,1,Raipur,Approved,0
440557.09,Medical,Apollo Hospital,16,0,Nashik,Approved,1
536099.26,Medical,Fortis Hospital,3,0,Raipur,Approved,0
343118.6,Fire,Max Hospital,15,1,Nashik,Approved,0
90033.22,Fire,Fortis Hospital,6,0,Nashik,Pending,0
363380.81,Theft,AIIMS,8,1,Nashik,Approved,0
149312.01,Fire,AIIMS,1,1,Raipur,Pending,0
158150.72,Fire,Max Hospital,15,1,Chennai,Approved,0
114491.4,Theft,AIIMS,7,1,Nashik,Approved,0
159402.65,Medical,AIIMS,2,0,Bengaluru,Approved,0
42698.05,Accident,Ruby Hall Clinic,4,1,Pune,Approved,0
63774.37,Vehicle,Fortis Hospital,12,1,Raipur,Pending,1
15083.53,Medical,KEM Hospital,16,1,Hyderabad,Approved,0
459303.85,Medical,Manipal Hospital,18,1,Pune,Approved,0
141572.84,Fire,Ruby Hall Clinic,4,0,Raipur,Rejected,0
284776.34,Accident,Ruby Hall Clinic,12,1,Hyderabad,Approved,0
200093.86,Vehicle,Apollo Hospital,11,1,Bengaluru,Approved,0
116342.2,Accident,Max Hospital,2,1,Mumbai,Approved,0
517781.95,Vehicle,Max Hospital,2,1,Chennai,Approved,0
65577.24,Vehicle,Fortis Hospital,18,0,Raipur,Rejected,0
579835.62,Medical,AIIMS,20,1,Delhi,Rejected,1
599232.85,Accident,Max Hospital,7,1,Nagpur,Pending,1
408263.53,Accident,Manipal Hospital,4,0,Nagpur,Rejected,1
381969.71,Theft,Apollo Hospital,13,1,Raipur,Rejected,0
444851.32,Vehicle,KEM Hospital,11,1,Chennai,Approved,0
129957.93,Medical,Fortis Hospital,2,1,Nagpur,Pending,0
427110.73,Fire,KEM Hospital,16,1,Chennai,Approved,0
66503.91,Theft,Ruby Hall Clinic,6,1,Delhi,Approved,0
296650.45,Accident,KEM Hospital,9,1,Chennai,Rejected,0
229718.95,Vehicle,Fortis Hospital,7,1,Raipur,Pending,0
236318.47,Medical,Max Hospital,6,0,Chennai,Rejected,0
464368.43,Theft,Manipal Hospital,17,1,Raipur,Approved,0
388908.65,Theft,Max Hospital,16,1,Nashik,Pending,1
12839.63,Theft,KEM Hospital,4,0,Nashik,Pending,1
516543.82,Accident,Manipal Hospital,8,1,Bengaluru,Rejected,0
235428.64,Medical,Fortis Hospital,2,1,Raipur,Approved,0
306444.33,Medical,AIIMS,11,1,Bengaluru,Approved,1
453605.16,Vehicle,Fortis Hospital,12,1,Bengaluru,Approved,0
502472.5,Theft,Manipal Hospital,7,1,Chennai,Approved,0
408337.72,Fire,Fortis Hospital,14,1,Pune,Approved,1
341922.94,Theft,KEM Hospital,17,0,Pune,Approved,1
581019.86,Medical,Apollo Hospital,0,1,Pune,Approved,0
313481.59,Fire,AIIMS,1,0,Nagpur,Approved,0
63799.34,Vehicle,Apollo Hospital,11,0,Pune,Approved,0
131425.31,Accident,Max Hospital,19,1,Delhi,Rejected,0
23837.93,Accident,KEM Hospital,5,1,Delhi,Approved,0
191193.95,Vehicle,Max Hospital,12,1,Raipur,Approved,0
53213.24,Medical,Fortis Hospital,6,1,Delhi,Pending,0
290561.83,Vehicle,Apollo Hospital,11,1,Chennai,Pending,0
440366.31,Vehicle,KEM Hospital,7,1,Hyderabad,Approved,0
437604.35,Vehicle,Manipal Hospital,18,1,Nashik,Pending,1
228465.59,Medical,KEM Hospital,14,0,Hyderabad,Pending,1
203284.25,Medical,KEM Hospital,16,1,Pune,Approved,0
431564.63,Theft,KEM Hospital,15,1,Nashik,Approved,1
576311.64,Accident,AIIMS,9,1,Delhi,Approved,0
218434.66,Medical,Apollo Hospital,6,0,Bengaluru,Pending,0
358732.97,Vehicle,Max Hospital,10,1,Delhi,Rejected,0
61501.97,Theft,Manipal Hospital,2,1,Nagpur,Rejected,0
596864.04,Medical,KEM Hospital,16,1,Pune,Approved,0
541939.0,Accident,Manipal Hospital,18,1,Nagpur,Approved,1
66693.99,Accident,Max Hospital,14,1,Mumbai,Approved,0
291092.88,Theft,KEM Hospital,2,1,Raipur,Pending,0
67856.85,Accident,Fortis Hospital,12,1,Bengaluru,Approved,0
505664.05,Vehicle,Apollo Hospital,11,1,Bengaluru,Approved,1
257165.78,Medical,AIIMS,17,1,Delhi,Approved,0
58810.18,Vehicle,AIIMS,7,1,Mumbai,Rejected,0
314575.54,Theft,Manipal Hospital,20,1,Delhi,Approved,1
497969.31,Vehicle,Ruby Hall Clinic,20,1,Hyderabad,Pending,1
508794.33,Vehicle,KEM Hospital,20,1,Nashik,Rejected,1
301734.86,Fire,KEM Hospital,18,0,Delhi,Approved,0
93106.4,Fire,AIIMS,20,1,Nagpur,Approved,0
51567.79,Fire,Fortis Hospital,10,0,Hyderabad,Approved,0
407002.06,Theft,Max Hospital,1,1,Nashik,Approved,0
257974.66,Medical,AIIMS,11,0,Chennai,Approved,0
105805.8,Theft,Apollo Hospital,16,1,Chennai,Rejected,0
187108.12,Fire,Apollo Hospital,13,0,Hyderabad,Pending,1
181849.84,Accident,Ruby Hall Clinic,0,1,Nashik,Pending,0
177893.59,Fire,AIIMS,1,0,Nashik,Approved,0
496113.67,Medical,Fortis Hospital,17,1,Hyderabad,Rejected,1
152923.32,Theft,Apollo Hospital,2,1,Nagpur,Approved,0
34450.81,Theft,AIIMS,18,1,Pune,Pending,1
400745.57,Vehicle,AIIMS,20,1,Chennai,Approved,1
9161.93,Medical,Apollo Hospital,10,0,Delhi,Pending,0
582678.89,Fire,AIIMS,16,1,Delhi,Approved,1
313635.88,Accident,Apollo Hospital,20,1,Hyderabad,Approved,1
276333.26,Accident,AIIMS,2,1,Delhi,Pending,0
434638.05,Fire,AIIMS,6,1,Hyderabad,Approved,0
493727.82,Vehicle,AIIMS,20,1,Hyderabad,Approved,1
281606.19,Medical,Fortis Hospital,16,1,Delhi,Approved,0
545871.35,Fire,Max Hospital,10,0,Nagpur,Approved,0
425780.63,Fire,Ruby Hall Clinic,15,0,Nashik,Rejected,1
507548.01,Vehicle,Fortis Hospital,15,1,Raipur,Approved,1
189025.21,Theft,Max Hospital,4,1,Bengaluru,Approved,0
201366.8,Medical,Ruby Hall Clinic,19,0,Chennai,Pending,0
504344.95,Fire,KEM Hospital,11,0,Delhi,Approved,0
400676.06,Medical,KEM Hospital,5,0,Delhi,Approved,0
124074.24,Fire,KEM Hospital,5,0,Delhi,Rejected,0
107215.87,Fire,AIIMS,16,0,Delhi,Pending,0
19971.29,Fire,AIIMS,15,1,Delhi,Approved,0
450431.38,Theft,Max Hospital,16,1,Pune,Pending,1
308713.98,Fire,KEM Hospital,15,1,Delhi,Approved,1
429741.6,Vehicle,Manipal Hospital,8,1,Nashik,Approved,0
396219.53,Vehicle,Apollo Hospital,5,1,Chennai,Rejected,0
422829.31,Fire,Max Hospital,11,1,Chennai,Approved,0
246435.63,Medical,Fortis Hospital,4,0,Delhi,Pending,0
509506.37,Fire,KEM Hospital,9,1,Pune,Pending,1
57985.08,Accident,Max Hospital,3,1,Chennai,Approved,0
316423.75,Accident,AIIMS,19,1,Pune,Approved,0
220363.47,Theft,KEM Hospital,20,1,Raipur,Pending,0
32030.77,Vehicle,Apollo Hospital,4,1,Bengaluru,Approved,0
371930.22,Theft,Ruby Hall Clinic,3,1,Pune,Rejected,0
453901.56,Fire,Max Hospital,4,0,Delhi,Pending,0
236151.44,Fire,AIIMS,8,0,Mumbai,Pending,0
599119.83,Accident,AIIMS,8,1,Bengaluru,Approved,0
563896.09,Fire,Apollo Hospital,8,1,Hyderabad,Approved,0
460393.77,Accident,Manipal Hospital,2,1,Chennai,Pending,1
501019.2,Fire,Max Hospital,0,1,Mumbai,Pending,0
121212.82,Medical,Manipal Hospital,17,1,Pune,Pending,0
33491.58,Medical,Ruby Hall Clinic,20,1,Raipur,Pending,1
540829.95,Fire,Ruby Hall Clinic,15,1,Chennai,Approved,0
311202.67,Accident,Apollo Hospital,10,1,Raipur,Approved,0
102899.87,Vehicle,Max Hospital,10,1,Mumbai,Approved,0
205050.99,Fire,Apollo Hospital,19,1,Hyderabad,Approved,0
111457.71,Theft,Ruby Hall Clinic,0,1,Delhi,Approved,0
499222.5,Medical,AIIMS,18,1,Raipur,Rejected,1
430203.41,Medical,Apollo Hospital,12,0,Pune,Approved,1
522826.04,Theft,Manipal Hospital,1,1,Pune,Approved,0
336170.9,Vehicle,Max Hospital,9,1,Chennai,Approved,0
133419.25,Vehicle,AIIMS,9,1,Hyderabad,Pending,0
148405.61,Fire,Apollo Hospital,12,0,Delhi,Approved,0
356030.07,Vehicle,Max Hospital,12,1,Nagpur,Approved,0
244391.93,Medical,Max Hospital,14,0,Bengaluru,Approved,0
212618.46,Theft,Apollo Hospital,0,1,Raipur,Approved,0
241251.89,Theft,Apollo Hospital,12,1,Hyderabad,Approved,0
165406.71,Medical,Fortis Hospital,14,1,Nagpur,Approved,0
312156.99,Accident,Manipal Hospital,13,1,Pune,Approved,0
259452.31,Theft,Fortis Hospital,11,1,Nashik,Rejected,0
397914.7,Vehicle,Max Hospital,6,1,Bengaluru,Approved,0
39171.82,Vehicle,KEM Hospital,4,1,Raipur,Rejected,0
193962.86,Accident,KEM Hospital,18,1,Chennai,Pending,1
463073.83,Accident,Max Hospital,1,0,Nashik,Pending,1
118199.95,Fire,Ruby Hall Clinic,4,1,Hyderabad,Rejected,0
412451.09,Medical,AIIMS,4,1,Chennai,Approved,0
313231.13,Theft,AIIMS,1,1,Nashik,Approved,0
228812.73,Vehicle,AIIMS,12,1,Chennai,Approved,0
514694.05,Medical,Apollo Hospital,1,1,Chennai,Approved,0
404993.73,Accident,AIIMS,20,1,Chennai,Approved,1
347459.07,Medical,Max Hospital,14,0,Mumbai,Approved,0
283058.05,Fire,Ruby Hall Clinic,14,1,Raipur,Pending,1
480229.87,Theft,Fortis Hospital,14,1,Mumbai,Rejected,0
594122.2,Accident,Manipal Hospital,3,1,Mumbai,Approved,0
392540.84,Vehicle,Apollo Hospital,9,1,Chennai,Approved,0
108085.32,Accident,Ruby Hall Clinic,0,1,Mumbai,Pending,0
172915.3,Vehicle,Apollo Hospital,6,1,Nashik,Pending,0
254154.97,Vehicle,AIIMS,11,1,Pune,Rejected,0
591443.6,Theft,Manipal Hospital,17,1,Hyderabad,Approved,1
539319.5,Accident,Manipal Hospital,0,1,Bengaluru,Approved,0
430234.5,Accident,Ruby Hall Clinic,6,1,Bengaluru,Approved,0
570207.84,Vehicle,Manipal Hospital,13,1,Raipur,Approved,1
318116.09,Medical,Manipal Hospital,10,1,Delhi,Approved,0
261239.01,Fire,Manipal Hospital,17,0,Chennai,Approved,0
411912.74,Vehicle,Apollo Hospital,18,1,Pune,Pending,1
363311.37,Vehicle,Fortis Hospital,4,0,Raipur,Approved,0
495412.51,Medical,Fortis Hospital,11,0,Nagpur,Approved,0
498879.34,Fire,Apollo Hospital,0,1,Nashik,Approved,0
450556.12,Medical,Manipal Hospital,18,1,Nagpur,Pending,1
420802.16,Fire,Fortis Hospital,15,1,Raipur,Approved,0
46916.93,Accident,Apollo Hospital,3,1,Pune,Approved,0
61423.59,Vehicle,Manipal Hospital,4,1,Bengaluru,Pending,0
536631.45,Theft,Max Hospital,16,1,Nagpur,Approved,1
560295.45,Vehicle,Max Hospital,2,1,Pune,Rejected,0
131790.91,Theft,Fortis Hospital,17,1,Pune,Approved,0
38891.75,Fire,KEM Hospital,16,1,Hyderabad,Approved,0
55271.53,Theft,AIIMS,20,1,Mumbai,Rejected,0
262659.81,Vehicle,Max Hospital,2,1,Raipur,Approved,0
107171.65,Accident,Apollo Hospital,20,1,Nagpur,Pending,1
188577.29,Theft,Ruby Hall Clinic,7,1,Hyderabad,Pending,0
114404.48,Medical,AIIMS,18,0,Nagpur,Approved,0
138661.35,Fire,Fortis Hospital,0,1,Nashik,Approved,0
